t,path_0,path_1,path_2,path_3,path_4,path_5,path_6,path_7,path_8,path_9,path_10,path_11,path_12,path_13,path_14,path_15,path_16,path_17,path_18,path_19,path_20,path_21,path_22,path_23,path_24
0.0,0.0,0.0,0.0,0.0,0.0,0.0,0.0,0.0,0.0,0.0,0.0,0.0,0.0,0.0,0.0,0.0,0.0,0.0,0.0,0.0,0.0,0.0,0.0,0.0,0.0
0.002,5.5014130601612714e-05,0.013360306596873036,-0.012259817595918475,-0.03982847783335594,-0.020333495660543502,-0.04434778213251147,0.0026897036763921076,0.0599362478708302,-0.02201214468898569,-0.027748481086595177,0.021906402449039332,0.01596047221064836,0.0047142685311278056,-0.04161179597717718,-0.0013081812698726974,0.03109490415562973,-0.06011510208147097,-0.020465198985224555,-0.08502526573126165,-0.05766988091421283,-0.08236489482090915,-0.01051359499980601,-0.05668192980702092,0.012131310923964387,0.00701012170477451
0.004,-0.016296716313520723,0.02864658760018142,-0.01965413712806245,-0.07959616362800745,0.014892680038097454,-0.06848110253934118,-0.01964006663631822,-0.0017636470265472923,-0.057163837279330304,0.001399630797459358,-0.05043733552365407,0.012777487822432572,0.03681190735503287,-0.05847660558595795,0.009415576720395544,-0.018849642370708165,-0.0015176929074528292,0.028775268978270905,-0.07449342655852607,-0.1361593936471093,-0.12914175260081368,0.03316589380640737,0.01993117442401373,0.025396356663613832,0.06279192022730244
0.006,0.017276220094211998,0.07648619627014915,-0.0639240889242388,-0.022912412872599548,-0.006322517267252539,-0.11435326734173809,-0.027269719420404653,-0.06717099348110783,-0.05695909409754995,0.014355593773518924,-0.05939815807896006,0.036755501727024534,0.022738942735269663,-0.058295438080907716,-0.0550128835388434,-0.016941285030382225,-0.03957719806072804,0.008660558365322809,-0.07868288155137937,-0.1276186142757267,-0.2027828782623421,-0.036752651766715924,0.006426439537293459,0.046611540789924535,0.07890240618753071
0.008,-0.033258544385264155,0.08431792122066659,0.02791707706025244,-0.0866942680115696,0.02135762408816528,-0.11101981757259702,-0.02962702465997184,-0.0816727039768033,-0.06829349715266851,0.06373336615304634,-0.02972697167664288,-0.00484808640101967,0.09546465969695826,-0.113275891148009,-0.022325287685924934,-0.005659085754615172,0.01709913983282843,0.027677841657037364,-0.02834636836601416,-0.12558653477112955,-0.1561421185002126,-0.018199145551745143,0.10569272803760912,0.01866919775986358,0.1354913957156972
0.01,-0.06741075124441809,0.1438655289192928,-0.021858882314064985,-0.08837828471518443,-0.007369848462851016,-0.1701442087892458,0.04499893996024498,-0.1724752391649737,-0.002851804323087903,0.003287390485424903,-0.02419752605439921,0.09608570197301086,0.00362000019521376,-0.17193901747792462,0.03682183681162629,0.003511414524547946,-0.00529276869165448,0.027849640712162217,-0.06908668873749822,-0.1186420964944151,-0.08903031560287573,-0.0333978632044366,0.11337419120805635,0.07301136009368053,0.22422440299990132
0.012,-0.10005891030906441,0.1435945383669413,-0.05396232427409251,0.011821182542732678,0.034676550867687436,-0.15945649504430665,0.001645342673826461,-0.1305018685927832,0.028180806278828283,-0.019308362568096853,-0.04304472991442187,0.029204825370378953,0.0014281809084926928,-0.1300811315724777,0.08497208736519771,0.03199859031352627,0.03460059980768642,0.0017115368753286425,-0.08969195728942242,-0.061045816891450604,-0.06663238703042722,-0.06918677620363248,0.13808481144887677,0.11309612041543349,0.2585473456999842
0.014,-0.16220185548141863,0.11626040827917862,0.04632876650642744,-0.015680064000206675,0.16683357913477703,-0.15983993330741234,-0.008544902535496833,-0.07010739055316846,0.016671992966901944,-0.002188470063834387,-0.09097591033812727,-0.028110500480576624,-0.03264424306406279,-0.12009100691754761,0.054275160770465285,-0.05827714052118489,0.056241391833277025,-0.006041200917164075,-0.10270342199140327,-0.0893545047942465,-0.1701274737002382,0.00355707855521209,0.11588548669770517,0.13712490935306373,0.32230061801787124
0.016,-0.10404580024102336,0.20360019198329815,0.0122680725063486,0.0120136757581728,0.15734812413991817,-0.11648721484224422,0.0004900581914370917,-0.030467189330916293,-0.014843836974240035,0.005963435009215652,-0.1124832675191706,-0.0385682842060865,-0.05154284138731467,-0.1641916342374447,0.10411772539189647,-0.04433738105890915,0.10505146194481998,-0.04859107764389553,-0.1872463824995135,-0.11662919169078251,-0.17572812769280788,0.03922906171571008,0.1632357882647909,0.1916627970613721,0.3907762001936111
0.018000000000000002,-0.07366570030720293,0.16723927284308882,0.03210716731194846,-0.016150383176319283,0.17683300149816542,-0.16836572087742419,0.05590742069397131,-0.016688440137977302,-0.03235595581741856,-0.059577448178552796,-0.10460501806760295,-0.06678492592933055,-0.04499218864747426,-0.20072654139408505,0.07517337066317598,-0.021214911004055013,0.16651276893026995,-0.10979541607629428,-0.20058567754558213,-0.10380497179411859,-0.1872306188528115,0.014965317090422526,0.2554152810227006,0.14949266984529075,0.4023050172457232
0.02,-0.15607149307159032,0.12434308762390554,-0.015793218097217586,0.02785472173867074,0.18678475628203078,-0.16947847295885543,-0.001520580343465236,-0.025389825121118835,-0.003353799017322096,-0.053101822724816776,-0.058015598844655576,-0.06395828478178245,-0.014692716694756844,-0.18095735742507676,0.04914400521627917,0.03790321244637797,0.18201437194310832,-0.07361344100604494,-0.24887550247799178,-0.1530491124502286,-0.19596732324734362,-0.021739248002269288,0.28242450631839594,0.16709069859459286,0.4564310970067562
0.022,-0.11135720743600197,0.10031505274429006,-0.025872919504056784,0.03303247180882978,0.19046485343993244,-0.17614485069687233,0.027491562122027104,0.026824935352177573,0.0341716441960358,-0.0744032024668051,-0.13935201372775657,-0.059217691027832274,-0.13917173242312209,-0.15163972682541127,0.0761846474059703,-0.015512893359340335,0.20736305443110786,-0.1027464761587978,-0.19357389222748417,-0.18672705445971366,-0.23261570629670325,-0.05055266952202368,0.29275120906059865,0.12149563635081337,0.5550646678194022
0.024,-0.14836301704770374,0.11334712666727113,-0.11182850912265102,-0.048383383346209057,0.20170292605131643,-0.09840436604222723,0.005770782833134532,0.040145173584718315,-0.02553779654375806,-0.07019344492040934,-0.13202646466422388,-0.035913080473543746,-0.17156435187692107,-0.07080161651165902,0.03467717043421085,0.04778097937668645,0.16094308726094225,-0.07022924729167927,-0.1377372175777596,-0.09575609020426126,-0.23838120822960318,-0.12115519185435981,0.32766634754406704,0.09065229094359001,0.5087871257383322
0.026000000000000002,-0.20035593137442184,0.08763941976286668,-0.14284796098078298,0.024385683839498705,0.14390820070099872,-0.12650753064766956,-0.028290073172859167,0.043755321955791536,0.008168512069011223,-0.10665545805542861,-0.20810395105495796,-0.05524159298504182,-0.153092199055948,-0.12031309202566887,0.07938276014739548,0.001376245558965837,0.1316393823004947,-0.09067543643958442,-0.04996393842604081,-0.059734473054395006,-0.22197086118670564,-0.1672484651357134,0.2767596572481595,0.0588156432287035,0.5822538034682421
0.028,-0.19192219953688605,0.10657621211738297,-0.17659770203969943,0.08368130405322691,0.1748876577282022,-0.09863251746286528,-0.09958188633220294,0.07576672446849275,0.012443627433628184,-0.10050066622047753,-0.31005101119571055,-0.12499544207054689,-0.1687877034751267,-0.18097947177250512,0.1337637197501805,-0.049879390609563444,0.16142988420101198,-0.07727566796443049,0.07042093268899406,-0.059823268864870945,-0.15968997695106482,-0.1885738269551922,0.22488501468682254,0.07205532130008264,0.6356823316553771
0.03,-0.24058332609859506,3.525336928375533e-05,-0.12274141908295555,0.11855866209542296,0.20546284762707473,-0.07336423651998997,-0.07172694041081569,0.0450592878224102,0.14288678569197608,-0.12633305646806342,-0.36360319862124707,-0.03242272376416505,-0.18582879192154922,-0.17768264617415036,0.08933369488616151,-0.060693728782929154,0.1837229903080116,-0.0617742899642616,0.01635107481213737,-0.025070347420453623,-0.19389047089508676,-0.2579723837835213,0.2662635452350297,0.08766040512147463,0.6261336544933696
0.032,-0.19461190534833475,0.04545592573495607,-0.09175878422926019,0.167787533852086,0.1969706023247695,-0.08207617178343984,-0.09369210947161946,0.09076455940940083,0.16954086404419574,-0.07697065872672412,-0.37337591168474304,-0.03983827720845126,-0.1813479531707986,-0.17175435700066324,0.08403302531463502,0.009055318854820846,0.19746664681653187,-0.1749944569845432,-0.006228505495198013,-0.008455561975362909,-0.18152220538073582,-0.2499578346181631,0.26189687503417675,0.16193790670948538,0.5952924951158166
0.034,-0.2025167449609796,0.027293601059234437,-0.10332897526846618,0.13330891890946883,0.20271321786314395,-0.13096170933568815,-0.09802230086032938,0.09082174657359421,0.15769874291487862,-0.023318677489496224,-0.3810932079049122,-0.0649328185813592,-0.08492307615605872,-0.10691491437519868,0.11024608630351866,-0.0031328787115342312,0.266416152492798,-0.15960650952171654,-0.012303941037986118,-0.014156477232745403,-0.13927356290942725,-0.23607223555979387,0.23545537082245777,0.06612629470274696,0.6296709835867703
0.036000000000000004,-0.18828475012554374,0.015977617586834754,-0.07476103516069244,0.15415178921103653,0.15117867041020333,-0.1295758781198258,-0.052098863367372024,0.11709378012372632,0.14393573063713952,-0.08319281474746654,-0.3761001768007206,-0.0560123164485777,-0.034517044816071665,-0.11091277979716109,0.11085596795160126,0.011963727444561947,0.32653216827488335,-0.11700717690986623,0.07267030469597403,-0.03632312184757298,-0.09352792077863864,-0.22560750467769772,0.30241324225515936,0.04518593428447372,0.6624761387218491
0.038,-0.1896015450156283,0.08373654185131185,-0.0562734087999244,0.1609647600254312,0.1054005228958177,-0.14460609250975182,-0.023837511778284234,0.05684429613308361,0.08725799565083467,-0.056918858045998263,-0.35453551482489365,-0.0789529740498918,-0.03548839445552684,-0.131317393048459,0.10739002845686235,0.055551799710903946,0.36255679081439984,-0.01607370273717236,0.1394539459019728,-0.016539321290267837,-0.09980633598817396,-0.17818730901418967,0.31929498002243056,0.06071436787217703,0.699018564447345
0.04,-0.202775487977024,0.13158693500167387,-0.02361995224114813,0.18029120223355982,0.1730237865549862,-0.07830380840844779,-0.07426072223495873,0.07047082144751922,0.11420027322338269,-0.10493047301405956,-0.4217612434878574,-0.08312168844775328,-0.07721336074224677,-0.13932634835018198,0.052886914954608184,0.08727326376690567,0.31219266600247203,-0.07827921761417293,0.12652901405737355,-0.012679218993420279,-0.1467589765695396,-0.1611954190417723,0.2670922849477639,0.13979024821033367,0.7183379953101824
0.042,-0.2046380554235731,0.14541100530933054,-0.062353965388719935,0.11301232770927011,0.18123130954562386,-0.06595324754003024,-0.07112256000793277,0.013263789294011036,0.038315499110469484,-0.1230552633020746,-0.40537302896512356,-0.041672355132538745,-0.1008747952263127,-0.20681236712221684,0.0016079740359461192,0.06155986445645307,0.3395319183948091,-0.15747028776801777,0.09836357957403644,-0.04723526518515382,-0.15163070372866433,-0.17675738535230645,0.22218213699434103,0.1763549942035492,0.7710903540157923
0.044,-0.1924660930512143,0.06877535559620555,0.011242635202647004,0.19244795947549995,0.17723815035925614,-0.034350243296816116,-0.04460632318216189,-0.051955876695476175,0.00977563487099559,-0.11676869267435029,-0.42985034441100956,0.028713482517855778,-0.08689174157824667,-0.19412258030187368,-0.05824872479981837,-0.0013916896453203473,0.31249742591629015,-0.10212221209640186,0.037838726198767214,-0.05798636772401803,-0.13368634029973825,-0.2081336455312636,0.18296373334716026,0.15252377002174977,0.7180271750249707
0.046,-0.16763606460315245,0.04655560063470465,-0.04627166013673145,0.18589104282688523,0.15454543014476949,-0.05186083172613286,-0.03733495448099962,-0.022308828487793374,-0.027443664348082254,-0.09177161444190804,-0.37863712010067646,0.024047717590673146,-0.052480388361351896,-0.2168706227933186,-0.07973051286405619,-0.007006861956286548,0.2642771759001407,-0.12774439832971873,-0.0037408815766456494,-0.06870167544843564,-0.13090778494661656,-0.1618396119662558,0.17167849164701132,0.13838816276940205,0.7593612982867591
0.048,-0.17074104514377744,-0.09699916354365024,-0.07196207178285731,0.16963018197985444,0.18905109045207721,0.003581277883474343,-0.05843984149001629,-0.06137247443517141,-0.08931091778877218,-0.07390485999157795,-0.35267516212152356,-0.005673291584540035,-0.005223405035099854,-0.17217847945127818,-0.0883883029099056,-0.023703778074609043,0.24355044808059387,-0.12451673756435602,-0.10415651185171189,-0.1500974208786604,-0.14305544048724086,-0.15056260947022615,0.21684628359324204,0.031170934563658076,0.8213342092593814
0.05,-0.13405482950469325,-0.05420579500943338,-0.09086500109852202,0.15103401074811798,0.13364321861850947,-0.01801159503451351,-0.06627696093034618,-0.0950513423463871,-0.14124334068892083,-0.17474589318540962,-0.37732629621023556,-0.003583766965858811,0.06529346076756262,-0.21582538745861402,-0.15209472121905582,-0.028442845366661546,0.2400710302202405,-0.05925462235040231,-0.059078220358604716,-0.1386815258057469,-0.1294290059824027,-0.150810121008628,0.24438401295164855,0.08743221987019428,0.7037808836655189
0.052000000000000005,-0.2353678464727824,-0.02155927894753453,-0.07071779878209912,0.11880291259640055,0.1681092189150608,0.01760005398896302,-0.09158112946475724,-0.07196942471531563,-0.1379566095478859,-0.1510445924625028,-0.3739443975939846,-0.0874770523626441,0.07345053897317011,-0.2724134393571232,-0.20882288369556534,0.028161971256604617,0.23444747533590743,-0.07320653546312601,-0.1880342837888599,-0.1634045352858471,-0.1184234683029127,-0.17900771993590817,0.2062841771051403,0.09289704196614386,0.6736214424101372
0.054,-0.22041483459100955,-0.09712990513894804,-0.029147721359720574,0.11400773126084797,0.10487713091379343,0.0258256896814019,-0.110266215390744,-0.040654399765857024,-0.2189645478476449,-0.21091437859197104,-0.27259065424941276,-0.12189728455294216,0.0876850315498157,-0.2171583659259789,-0.13203190558292238,0.07908320695795962,0.202679253754064,-0.05068145456255403,-0.16028813499705274,-0.10273590694906157,-0.07509735387331049,-0.21023313792835976,0.1614177832214848,0.1610301132281727,0.6187085751229568
0.056,-0.24435771727174851,-0.048943635689530994,-0.0792344684944608,0.19587557460586819,0.12390205544279487,0.04053178800304287,-0.1011659006212793,0.0538143395218819,-0.2831723746694765,-0.16270996432074777,-0.20663600262506898,-0.16924256887843114,0.07416992223058642,-0.23373367944540788,-0.14802384275768252,0.08660909473708528,0.3146709836555941,-0.06805710448862633,-0.20128698450108995,-0.014499811512923635,-0.07503621304744304,-0.2580139858008311,0.2163603250060833,0.19326810745188455,0.6173813263744736
0.058,-0.23603012931107664,-0.05838240553755648,-0.08389902373280951,0.25909696971197216,0.12461304933856845,0.10730031393131065,-0.11762211532491733,0.08510171237078482,-0.3271488279113991,-0.18505685665058946,-0.2550784232740592,-0.16048763082289685,0.030854617222029458,-0.27581925154530273,-0.164181312654708,0.04270876303627442,0.35185094479964524,-0.16400083636177418,-0.24502022417784236,0.002242057519237596,0.0022173267014938963,-0.2276839994237474,0.21256496079957873,0.20608358602494928,0.6264675002503716
0.06,-0.25768153169418295,-0.03790931993658435,-0.13946281898410937,0.25631916090210294,0.06642778007348467,0.02123503498492202,-0.08042917164883817,0.08502658598946343,-0.3032258549475833,-0.18218914312136217,-0.2312304443058664,-0.11213918798292324,0.06357972435119078,-0.2812638729193752,-0.13741968146958566,0.015595638864586495,0.33241265369720213,-0.1360376243595089,-0.21618283565020488,-0.07458746530305041,-0.0450187304333128,-0.19515248257522427,0.19333822063602268,0.18949758731108704,0.6457404274875229
0.062,-0.20147289114195283,-0.09197744079997942,-0.1605438710132287,0.3159077384797664,0.12356439473595551,0.02806936297572723,-0.07794404761817822,0.1427259001354078,-0.3347107249698575,-0.15890331734704907,-0.20513762148685463,-0.07360549288390922,0.04520101120326163,-0.29101996395095814,-0.1478978432684927,-0.0018821464288714812,0.3308308482209789,-0.10634404663208169,-0.1335694804292823,-0.11442829446833364,0.00630990180695129,-0.19752988318515458,0.17805211044909608,0.19815409408455742,0.6883285226703229
0.064,-0.19637115819615797,-0.07216938227449364,-0.16078720895868587,0.31410501559355636,0.11494786621854573,0.02515321459901765,-0.1082671906846643,0.12414643964993527,-0.3776713283505049,-0.09007144354485297,-0.1412468904673037,-0.040346081437707466,0.026937851502198587,-0.3443094003336898,-0.2312415988392804,-0.011726075622144639,0.35538044585269585,-0.1246937538420053,-0.06613118688515496,-0.053241244024951194,0.03926619351218468,-0.18371302702768286,0.09233818972060112,0.13852034808323704,0.6945334120459992
0.066,-0.2196268929126962,-0.01278894722117211,-0.1883243906313603,0.23373205190820479,0.1251396319539024,-0.003143675171161802,-0.12306110045962479,0.14208651073962536,-0.3101999759778505,-0.012098587571981678,-0.18938407061955825,-0.03858462311396129,0.12395768831257467,-0.393518174478664,-0.26768102962702195,-0.07370680653246281,0.34456033849686496,-0.17491362443471659,-0.10076740298877458,-0.12077107267665838,0.08416763478283695,-0.190429190662861,0.13572647756720507,0.17952940552272817,0.6767593881346748
0.068,-0.17322651760352165,0.04401950566722808,-0.1033182947523462,0.2766779871345061,0.12252443865619969,0.002294698389916007,-0.07833109387347734,0.14837884937605567,-0.24345437406424753,-0.060726217281075606,-0.24486254916534736,-0.04203768956398759,0.09570335690046913,-0.3871798837080744,-0.17952189313845526,-0.034738406519196914,0.3518789202982478,-0.14686837251611157,-0.14338155033184985,-0.05842381877329742,0.10443315652592977,-0.18065471226894714,0.1545437002326516,0.20596829097933794,0.6814737329219996
0.07,-0.12797617707699285,0.04837128095182983,-0.1143625380695983,0.38475809996542254,0.16174123852760658,0.010411760764844168,0.005660023121097854,0.1659123482196449,-0.20940250175176517,-0.007146904046510104,-0.3149963876829309,-0.02317405150459871,0.087934555590757,-0.3756021635573749,-0.13419733988992802,-0.054813057800224586,0.2632696784496095,-0.11549382125810234,-0.17839181592404582,-0.05868599565674328,0.06471061102903417,-0.20392999282892815,0.05167681616769626,0.1912666520940244,0.7030028925894173
0.07200000000000001,-0.1530348819059355,0.056577528637892616,-0.13410775575704603,0.44319885124835295,0.17416679239407923,0.07102982318922224,0.05609857192177776,0.17688509188633525,-0.23771200890998348,0.10348840730791098,-0.3082907345223071,-0.050629614642520776,0.09852568068219644,-0.43385017540552606,-0.19534005899206375,-0.08043442221094171,0.2762542019077532,-0.1926100205224735,-0.17103566629813227,-0.0032423274684538414,0.05902591647762592,-0.09065701966713317,0.04513034565889822,0.2631695645078947,0.714378326178162
0.074,-0.19390043005562532,-0.035596788825576944,-0.1437587456605763,0.40873961278423804,0.13471962969018503,0.05620925798648681,0.05856853243208662,0.09089481279021216,-0.23347728226335324,0.04561592997089993,-0.28061235626386744,-0.11216815038789561,0.1621812114084596,-0.33579570672269804,-0.1861746289506265,-0.08829290268867576,0.2575981838171066,-0.13719252300291426,-0.1437264518124291,0.09479472507500089,0.03894480195083823,-0.11697299314442106,0.04432934958302196,0.23028069056772643,0.7955759820024654
0.076,-0.2175816618846603,-0.05821626750169784,-0.16469388738451035,0.3580236853041909,0.08917952087773239,0.08658716333490869,0.06893999861738812,0.04850464286279747,-0.2699399393574826,0.06104206439689713,-0.30368235877881444,-0.12680222451759443,0.21203599472024895,-0.34861787670443783,-0.23167180035780252,-0.0927832315996819,0.22371012615201002,-0.21247397622968828,-0.08594039090130409,0.02596768666485999,0.01781858599013322,-0.03414002773440611,0.0924686114136846,0.23291158519370148,0.8586104019305738
0.078,-0.28453012175755005,-0.10178182612163605,-0.1240226211214399,0.34443794353681434,0.16406172246701595,0.12999398527385883,0.14960952442072262,0.03459208020486394,-0.22960546698316614,0.056666901481705945,-0.33706377325723874,-0.1002913708475831,0.23298599468914827,-0.34453888358470997,-0.23237423482980996,-0.038836833277510294,0.18070775650283913,-0.24956099761686326,-0.08146896320462402,0.006780319627634007,-0.0031732607607129586,-0.08438383091802076,0.04438067737446285,0.2578501505210597,0.8593950571786457
0.08,-0.21337977185655063,-0.12499650649168223,-0.13821070149484443,0.31586759823355026,0.16315555386568772,0.10387019027985209,0.11766330620730113,0.02986469699265776,-0.23724127693366837,0.06141945629324682,-0.39743488200647104,-0.09147888627799575,0.21296290971032517,-0.3513395300278902,-0.2210571373427258,-0.058412408582558736,0.22084486121792127,-0.1956097303287582,-0.0977659063770824,-0.041483592350512646,-0.08759731650682426,-0.07271436538297034,0.013988819154643072,0.25362158972845344,0.8903171337199122
0.082,-0.10724786914482565,-0.10849981851383103,-0.10855050206829052,0.3025577215140117,0.19218682339650417,0.08903322742135504,0.08493292941657922,-0.05065546635377091,-0.20091864449939464,0.11747192211007246,-0.4432777680501911,-0.06855560381840134,0.19953674847500025,-0.37730423009013797,-0.1588426502254414,-0.029311708025882996,0.2403689789355443,-0.2552711187577868,-0.051659310819596516,-0.10051503592651287,-0.06052266703754011,-0.025475656714690736,0.07041808600430834,0.2787965023183835,0.9797194726283954
0.084,0.01679781860930249,-0.1953150233692441,-0.09866241540789769,0.36041900419242073,0.18906489909446472,0.05768437831305042,0.16284701176461258,-0.08928128228636738,-0.2268228168583271,0.1416286879787933,-0.4584449155476563,0.010360964770162767,0.18217191652166498,-0.3740930514719229,-0.19321681622617987,0.007626776067322982,0.14970914329674034,-0.20456041407808276,-0.06754673186805057,-0.10742197284753438,-0.10880715648282721,0.021095083484035132,0.046531994664561455,0.32800132034573404,1.0293308281421
0.08600000000000001,0.025216864310395125,-0.1785959055700697,-0.08881813796891998,0.36365137089813016,0.16159195698642695,0.022512107642078047,0.1259549692268419,-0.10108556663878508,-0.2450969129749623,0.17822190213633174,-0.41829078732769376,0.04871741146736091,0.19852594551238845,-0.37308253357264065,-0.21919518336989197,0.015479493551824389,0.13444689824876596,-0.1651369114390509,-0.06145719865875283,-0.10336630231263738,-0.15821811526989732,-0.022438901578392248,0.0021712240162863952,0.3730137224396095,0.9587077666856433
0.088,0.009532355300013888,-0.19646163950021744,-0.09746547907347053,0.44504338964327095,0.14404218594587842,-0.004530502470616,0.07005657555846895,-0.1108575461543945,-0.2987714084121943,0.16752361809223623,-0.4115019575169811,0.08434408323220542,0.16230699942970395,-0.344196510078495,-0.25749155830866793,0.03995180779354822,0.035923396617871375,-0.16292333814959706,-0.10880604564221777,-0.12371713289518599,-0.055803344693153636,-0.06532455393073298,0.07567251744002101,0.3459825989912603,0.9384635005195785
0.09,-0.05047659721060893,-0.25914836009237585,-0.15415784293280393,0.3917080566580986,0.22246050027838188,0.023895259126553017,0.08173815284733534,-0.09769916974770546,-0.3603353584265573,0.07201397947531275,-0.4443661570066098,0.13719911869962403,0.08618483225691217,-0.3449214429355355,-0.3282108647491325,0.05066358873967555,0.07056662207336895,-0.17991172021867385,-0.050820094344576835,-0.07334366155581304,-0.0437276702389403,-0.07664345877557019,0.06920742030523949,0.3295515887987148,0.9421662661111008
0.092,-0.12744275844809183,-0.25914555323607774,-0.12025579957983193,0.3247298916488993,0.2729244918685234,0.007795874517132446,-0.0045094326930481266,-0.13670238683129823,-0.34506105469236165,0.1316796402960454,-0.4145336079646306,0.05324813648225675,0.07004893427293306,-0.384269973253317,-0.2844454288795441,0.034786749301314535,0.02313842077576455,-0.13401093889506047,-0.13360864978329373,-0.11523290982577801,-0.035086168770449136,-0.10647177869080501,0.04193402251215682,0.395995381531638,0.9942862482748926
0.094,-0.1513785805503719,-0.2461287103767608,-0.11997140640254877,0.285724990425701,0.302695630869308,0.03456684961389248,0.05404169547672789,-0.15201661373567252,-0.40889154644277725,0.1948652623802793,-0.4208049646066878,0.14585060695929053,0.04843871365677291,-0.39311532156325346,-0.2837133947518633,0.06690650974598597,0.0014658590319218713,-0.10129364567646656,-0.07969474692584243,-0.15475878696641862,-0.04653830629894176,-0.056365090507280426,0.022063063870323817,0.3814583459352151,0.9620332869046936
0.096,-0.21633188244236196,-0.2913480594401384,-0.12174910219246274,0.20265143263127927,0.2736890431166267,0.01912603144785273,0.030959512275360864,-0.19330460506033256,-0.39584759521661017,0.1634279641766265,-0.45009494492772345,0.07483962509779298,0.06522567828134299,-0.3865950615412081,-0.27547677188358294,0.07872200776401082,-0.004015145038094848,-0.1666473269780467,-0.0933731779191593,-0.11506093028119393,-0.030184184443202595,-0.056835548255677125,0.04413507909783043,0.35665010379288997,0.8651107887808396
0.098,-0.23236134103187514,-0.20075608289533992,-0.12681857196991198,0.1973122299674155,0.2473503807612255,-0.0594248284003451,-0.057263238127582425,-0.2141713567909575,-0.3624271493271387,0.14088140780997335,-0.44394617865010794,0.061333385529049565,0.06864482003290313,-0.3796033855333181,-0.29199511888190427,-0.003964105026033574,-0.012890847458135887,-0.20078813866316714,-0.12458484830189426,-0.15783058159475788,0.008239429214174344,0.016232917420355854,-0.05254109883827744,0.3556789459430803,0.9405911913780974
0.1,-0.35175900645701136,-0.3218085588493827,-0.1378931433740774,0.218332469439301,0.2533268878105202,-0.07200971849907917,0.026528259819127598,-0.14176757134230622,-0.39429930715425404,0.12177561214908786,-0.4165691210365163,0.07188405649346968,-0.04986088628554988,-0.35363850756977055,-0.29324055965132345,0.06909380648590369,-0.005088662594749877,-0.13275204341460856,-0.08787656795408655,-0.16292854204988677,-0.030572982367176302,0.04082013795167088,-0.022114889947075132,0.3806871558177827,0.9277964075552098
0.10200000000000001,-0.35657042684180784,-0.32110991409465506,-0.13884074953780387,0.23097064887108334,0.2442041850431792,-0.0034855162576924864,0.06343175622678959,-0.14496563418615813,-0.42551236139783166,0.07880120885760951,-0.37802947476623533,0.10356673112508061,-0.1241580436914633,-0.3721514598736009,-0.34641768094653985,0.17650118669610243,-0.006535622813870871,-0.11922135532061344,-0.12041650935156381,-0.15444060700315165,-0.02074600832087091,0.08086441866662387,-0.07443571594407243,0.3613392525562868,0.9216369803672906
0.10400000000000001,-0.35510749400876346,-0.3234289400819873,-0.19167595403626916,0.30242555885938405,0.2469732205414982,-0.07274365444835605,0.059071369335541274,-0.11044516071643129,-0.3731782003717004,0.12459466765688547,-0.3356604799531813,0.04464215442398147,-0.0660224311914075,-0.2972563737962678,-0.37365010872107185,0.27040204887988095,0.0711234830094345,-0.09871964996285248,-0.10655797461461651,-0.22370658674764193,-0.0346909611179,0.028311509984683916,-0.08550599038717661,0.3394830200644845,0.9598852848038539
0.106,-0.35959867625907077,-0.255087414411291,-0.16445282589271634,0.31433727351079094,0.22782248585437637,-0.03710313732892178,0.09410466215299003,-0.11157547835181639,-0.3630396027341316,0.03943469276923038,-0.31534878350256934,-0.0285950800451858,-0.07197471865101095,-0.29556810428194186,-0.328726653980277,0.25593352378970713,0.04620433995347474,-0.14679683942660438,-0.09877466496410188,-0.16083352924258137,-0.01585270073659899,-0.024003932696112222,-0.0995239411367251,0.29867657462160524,1.022493879375781
0.108,-0.35271698340423363,-0.21813859693167742,-0.18405145193690323,0.3327305799080895,0.3150187325210681,-0.025712956297700977,0.14764283389542954,-0.04517682850400884,-0.29694966036390824,0.01362804489634202,-0.2607805597888647,-0.09202543922254611,-0.036911177004094686,-0.2817943987043203,-0.32216961129896676,0.21962785537344012,0.08053017005546201,-0.1896225258023802,-0.10788454338580876,-0.11500150079401361,-0.015246054328006778,-0.11996026250689265,-0.08164931190933675,0.28582880253540816,1.0036005342574927
0.11,-0.4151186272467936,-0.27736556315261834,-0.17017455856629604,0.3633662544767863,0.38461363729885506,-0.08387277813176931,0.14260095962071442,-0.056078850955296515,-0.3419741719005475,0.029217972316956012,-0.2598803608013329,-0.060487965716565555,-0.010982273807784389,-0.2856848981591768,-0.2834560735071677,0.2324148311401613,0.07035175173259547,-0.19421959789399093,-0.14967928996851937,-0.1805831164045857,-0.006474412857080912,-0.12752718725515041,-0.10029027990401318,0.23394497580575357,1.0517985821830806
0.112,-0.4652376796589357,-0.29994861273001583,-0.09490141081511612,0.4012448893750077,0.40646170323099956,-0.11059491632896043,0.15825296139643935,-0.14456329136838095,-0.3082003031739106,0.04490213926241309,-0.25641002035944227,-0.08764707548050857,-0.009633767885195581,-0.27823581585936125,-0.369185475517983,0.2371445258990451,-0.005697190807258168,-0.15667543793195124,-0.1639998571227673,-0.2744050907823905,-0.025075390509808896,-0.11877892875680346,-0.14510101021235117,0.3184942557349247,1.0937509043457265
0.114,-0.4578420856067197,-0.29755475973558143,-0.1713809314649466,0.4048211040537264,0.32771224354566975,-0.15343385985575278,0.07967686217364708,-0.11046639779110372,-0.28295370640493717,0.04064189454199485,-0.2406190016796931,-0.10969906366378332,-0.11541769157248566,-0.32000760539840617,-0.3534108455410691,0.20791262283808518,-0.07225643744612935,-0.1202757043137092,-0.25265851154896773,-0.22127077148887503,-0.037182281286336064,-0.18674469221623236,-0.09239237367970993,0.3751371305292386,1.013179358623366
0.116,-0.3961597857240493,-0.28025488131181037,-0.1063078171933174,0.3764785257579901,0.3096370729196972,-0.11617864945938244,0.0208905917798569,-0.09329437672838228,-0.26450530359055835,0.007167926271797728,-0.27131344329535423,-0.10613069581847938,-0.09871761802660209,-0.30065961303699396,-0.36444391407655335,0.23491599272406333,-0.06360046265095612,-0.19931453799103444,-0.25301635154779417,-0.2626447252212622,-0.10244907453858901,-0.17954913711820825,-0.10883833935266665,0.3848957444295273,0.998688377850406
0.11800000000000001,-0.3582833600867869,-0.2666610994884193,-0.12304131626105758,0.3891596624308625,0.4079868612671422,-0.10474995958180956,0.014395332890728352,-0.14701595024718206,-0.23076575460190932,-0.04133827965080124,-0.2206610849851106,-0.1083224821842303,-0.11571227073210498,-0.315103220551667,-0.3236058665904291,0.27137576024094606,-0.1081527525143948,-0.2242471141953064,-0.25567571923635196,-0.2997016614363001,-0.09956504678122333,-0.20396306756271407,-0.10081244946770875,0.34093118819486096,0.9326105538451224
0.12,-0.3796432150251573,-0.21902384382796447,-0.07544617465623732,0.3757044105214359,0.40794725923807945,-0.10528501998739996,-0.006787642435296542,-0.11371644044463562,-0.2231345704403145,0.05121641940921981,-0.18178579670708994,-0.1198518369918742,-0.11476168775289192,-0.34232853880850905,-0.2690658818763423,0.245332140750579,-0.1195642369348364,-0.1789762977770798,-0.28229573025812676,-0.3198268632353053,-0.08266417606744905,-0.26148207652429295,-0.014769650607578122,0.39172467100029756,0.8683898340420567
0.122,-0.4774201492358055,-0.21658141093053393,-0.08575433943664525,0.3198306175454696,0.47366835809749286,-0.12209805904586725,0.009631244214660377,-0.21857140063599217,-0.1716202073863891,0.08302658911833669,-0.1595933657863813,-0.09379800439343391,-0.17490317819850518,-0.3388979739168716,-0.2503750757707037,0.3207283324055984,-0.11717023309744572,-0.13291841821867206,-0.3568957726353378,-0.30362454943786066,-0.10651374542467408,-0.19751726808441783,-0.03208698152380442,0.42461618271576285,0.8566418523487651
0.124,-0.46876504958599047,-0.21721471266875786,-0.05923595327110186,0.34613127666849275,0.4967788499388103,-0.11009112039820337,0.09817335108860442,-0.21366223687038846,-0.18464593674740432,0.09928339689390075,-0.1571329226057395,-0.09536975780350697,-0.10724335599121937,-0.33389788020826466,-0.15002382951660248,0.39734307626811777,-0.08597947423866328,-0.12368674077702924,-0.3551223213003619,-0.29710257209493207,-0.08855612204035712,-0.235781232211757,-0.09315586588987336,0.44817209601791147,0.7871630989570869
0.126,-0.4373677459593296,-0.1848943167913173,-0.04807090202254344,0.30871524375189024,0.4532800947136794,-0.09254785627392226,0.07150463583370871,-0.16093382163045364,-0.2170701985368405,0.12967461746965367,-0.07893141956183915,-0.14071928937145955,-0.055016216120360714,-0.26651729358885273,-0.1146847826992568,0.37484303700232796,-0.16392657167207172,-0.21349413801369896,-0.3386894185333344,-0.296704297126874,-0.07806765152104865,-0.21075447523563332,-0.11845496722374348,0.3924054055466108,0.7976933466107333
0.128,-0.3692701505824309,-0.22319244092124407,-0.05335402272413,0.28518930034533757,0.4400176420160513,-0.12938791068446587,0.06935652628848543,-0.20131317111471095,-0.2352257073574519,0.15773433999196257,-0.037256188984568415,-0.07836907065590863,0.03885425556463601,-0.20299142645691365,-0.11338588844334979,0.367262297124077,-0.17512937643262647,-0.1541421246853185,-0.36433527150427447,-0.37140513242586143,-0.17295770855619616,-0.20099291537559746,-0.13847597284175628,0.42832898354922244,0.7225831922144328
0.13,-0.40892513252134066,-0.2542380941614448,-0.0854853699176987,0.33348936702875526,0.46078692848265695,-0.12443023046651273,0.10255776038489423,-0.2602800507966787,-0.20489471403214793,0.13582223061082555,-0.055028978595768184,-0.11210877721847365,-0.029787036866864125,-0.1302582588522706,-0.12893943001051675,0.28719221331654055,-0.1983915795235212,-0.19131618205133755,-0.40778498387639184,-0.421217525724387,-0.15311911955177124,-0.21560865061519316,-0.0848676492343179,0.40888485403691527,0.779548212537872
0.132,-0.4419516674452828,-0.245490853254129,-0.04362199372730351,0.37734287376372355,0.4417034656378733,-0.05608133973355338,0.06776833276817071,-0.2629837552418158,-0.16336099371849847,0.0840369999481671,-0.09144719582536293,-0.14221927322611627,-0.022036088856172743,-0.11332982063058689,-0.17560802993487337,0.2544250292884339,-0.14444688842910133,-0.13056909837725272,-0.39330219733243316,-0.3336931746867964,-0.12969227824948248,-0.1817041536743922,-0.04482634024050981,0.32851352806266987,0.7765353391571499
0.134,-0.3625346680631088,-0.29383757589198056,-0.07172427225877007,0.32291918318049123,0.3956823599389424,-0.043968107720232005,0.10831073407204048,-0.1805771520520656,-0.16592775312335264,0.09438707590954608,-0.06738772680470262,-0.14886726654470286,0.04332928086061241,-0.09374695260580282,-0.2791157846105369,0.3483334660591253,-0.10577929983583939,-0.028269464852861123,-0.4196559599331616,-0.40344124580229923,-0.10443537564422817,-0.12225039016116167,-0.008488525178613114,0.32850493841696216,0.8516168228046888
0.136,-0.37206942980895874,-0.30382474915735136,-0.0303327905031719,0.3624633102250786,0.3072335146153691,-0.018321973047598233,0.13099376632289178,-0.15080676577595772,-0.2418251029834586,0.05268574905014646,-0.0999236963968968,-0.08145263046789455,0.053281927522112305,-0.10310669874615733,-0.3070980599083798,0.35515687287514114,-0.06733586034728184,-0.057652686946869446,-0.448331135372478,-0.4114063413703352,-0.09032648735269762,-0.12020739820448867,-0.04018977090694904,0.3321815954705088,0.7957939088358903
0.138,-0.3729857525344466,-0.33044657335855304,0.034247496476501,0.4321257684144652,0.2804620806459181,-0.010125457247062767,0.11474407222499462,-0.2221877520433792,-0.19231371102411773,0.1302991353503719,-0.08743986030034463,-0.025121295621750285,0.007497033266420226,-0.0924099763289461,-0.2997316562766037,0.41195928254125147,-0.08945258365164815,-0.06911861771375107,-0.47514493319445555,-0.4604651858350437,-0.14385488818504585,-0.11445405980854402,0.008980377262967888,0.3678890000164517,0.765447387071647
0.14,-0.37967251970158716,-0.4062566863026953,0.006297044503732634,0.45319197838867237,0.21230874584759118,0.04360959408572526,0.17097334459842753,-0.2600541235972969,-0.11031142580689654,0.0799909784573252,-0.10167642540256563,0.03284358696619164,-0.0338016105214142,-0.10201342260301728,-0.2727496018903453,0.36293947687411937,-0.05570397023864819,-0.04841505037117505,-0.49516414574630385,-0.4094294875087096,-0.19591223847721095,-0.19252022699795113,-0.01993867088280547,0.36813757776225065,0.7861846867039388
0.14200000000000002,-0.34788076096179055,-0.4579201583544187,-0.00047846838575570354,0.4211229992270091,0.23768550758497553,0.05515789034211893,0.21598379992315075,-0.30965204956245984,-0.13884713556638803,0.06258443321246707,-0.08317035894622632,-0.08721117496742692,-0.0028811145099605535,-0.1612597627358199,-0.28988958258004854,0.3186832624535529,-0.031927413063287495,-0.028247491354524604,-0.5161043188377833,-0.34469463504838654,-0.22580933806255576,-0.16881308845311302,0.023980473932414665,0.3190717207087882,0.8191098064569067
0.14400000000000002,-0.2849477001485471,-0.421417401919872,-0.025586443311818658,0.3874528245643651,0.1651412348854408,0.0884915113409232,0.23171463199179393,-0.39548673295295006,-0.13868694623036668,0.07444437808229357,-0.11899617493487857,-0.04166734090992841,0.06630696315873046,-0.1991324157431477,-0.2550401836339594,0.25692881832277087,-0.05307127241087734,0.02060313828295173,-0.4781758901957643,-0.30102820098107314,-0.2214566521283613,-0.16832164374691735,0.08639853545566906,0.306620287124009,0.8679847791886149
0.146,-0.2870577909904517,-0.414718684660467,-0.1431215889641798,0.39403719733264225,0.11430665849584767,0.12479819494278248,0.20755758534854407,-0.3649887357224874,-0.15843662092837763,0.061107488325593165,-0.09336564086875218,-0.12661737046230048,0.04959846856776906,-0.18938718371266425,-0.24024924577731474,0.3284261426701042,-0.06433624972666026,-0.04953280271088902,-0.5045501154725538,-0.3244810592008541,-0.2060128165509093,-0.2331950180357893,0.09237476761603874,0.2674967654813747,0.7606937374019145
0.148,-0.24977852861807687,-0.31094251588109545,-0.11086476603952708,0.3995143510062182,0.07990607401406169,0.10758190462964017,0.1733328894629716,-0.3966608539339371,-0.1315779168594617,0.12998421741139893,-0.07583853732825035,-0.10439694667682037,0.02493022213783322,-0.18588893336865958,-0.21717435888927444,0.3587284208105705,-0.06979347070001851,0.015977217671374007,-0.5620494875034827,-0.26852087599366875,-0.22007144824597705,-0.1531011006721214,0.12058166229222195,0.3106694287328384,0.7624090552755495
0.15,-0.2935472384315029,-0.36885237523826014,-0.048013282151820255,0.366251666596853,0.11479981683713719,-0.008289897364272394,0.2881855845697737,-0.39725913898319826,-0.10486917781369863,0.18422171067995033,-0.07780010752989053,-0.05116344509068153,-0.014636713041378785,-0.22813966462350754,-0.16475184680335062,0.39279074133827113,-0.02470712419599419,0.0962072301068626,-0.6317433444981352,-0.29919318867342465,-0.175377591233801,-0.19134601968313042,0.10606211622531854,0.2681749587654713,0.6625891146018161
0.152,-0.28265159440036186,-0.38356641417599113,-0.07109814634806627,0.4109882037253524,0.03814863856719686,0.000835674020376112,0.30532687532654024,-0.4028706501471606,-0.07274595721400384,0.1849163308622743,-0.03763728178130086,-0.10809092690895113,-0.02107068782686604,-0.19499559267443783,-0.1897598403437053,0.4018382508733392,-0.054773530151376884,-0.007555499779784425,-0.6008928138178281,-0.2899321588782446,-0.07039301505651668,-0.13438907503038805,0.04765676191944214,0.19495049491264277,0.6157119114727869
0.154,-0.32543340923226166,-0.3958464830229447,-0.14631546074208196,0.3777206299067229,0.0009071170886476576,-0.024510224842309393,0.2898062376802336,-0.3966739699971126,-0.03518503730730697,0.22121692585802968,-0.07755197937964584,-0.11520314524187246,0.003629477445647303,-0.1533035676238353,-0.22784189134639107,0.4048846405166266,-0.1283351975773362,-0.0014152646213030215,-0.5971503329499218,-0.3034978479546289,-0.07776106754961322,-0.21406712925255067,0.0457842124383146,0.20489561465651285,0.6513618203585166
0.156,-0.35722854811041693,-0.2871356678949002,-0.07220476805556031,0.41859948930794366,0.04559458510417467,0.002841344253676298,0.26460536351352354,-0.36241843604609203,-0.029062265851178944,0.25501832709783373,-0.04599293800550198,-0.09242908238650012,0.008005019089025633,-0.1268301126753694,-0.25765243743565075,0.42044500564716786,-0.23598386669964844,0.014355237021053964,-0.5996308170361114,-0.21925995617554084,-0.02317946588072064,-0.19355341460771308,0.0032038403938966786,0.22597569091482417,0.7189819157440278
0.158,-0.36708809555827177,-0.3498074245441066,-0.05994020485349942,0.44336439525124827,0.012286409680076334,-0.05058439670318938,0.19057632881575104,-0.3840278428360426,-0.08345250417873948,0.2574087651204474,-0.10081679598380172,-0.1299650661772067,0.10044614110005226,-0.20762864318476204,-0.30611204593940805,0.4232036972365757,-0.20416998078715146,-0.04761746000036184,-0.6147290201824813,-0.18435773814627687,-0.05518557752829299,-0.1045793169939191,-0.06154947556962802,0.20431825611059332,0.7308784215646483
0.16,-0.3369173251234728,-0.42242597638349355,-0.05623329853184619,0.49413348665034995,0.058440185984839514,0.03944293956720835,0.22222385152868068,-0.35867200967889173,-0.06737084796678171,0.2657177516127697,-0.12898541115563086,-0.1452483570792558,0.14421156864612117,-0.23326212955079184,-0.3603246148051983,0.4538290109996432,-0.23645424644347127,-0.029774757411746133,-0.6780130791196253,-0.21789479536665113,-0.07546372230690213,-0.0673993022213811,-0.08519884525268938,0.22426340190367855,0.6918562017677935
0.162,-0.25152984514857035,-0.4006014003171859,-0.0427820069867227,0.3808418856600603,0.007137432244333185,0.10327598913002548,0.28966417598772615,-0.3737426334637738,-0.012536946542268022,0.23674040784804523,-0.13951771412691982,-0.14740355005263525,0.17367795248805432,-0.2565119709388001,-0.38326613058600284,0.4657625632020191,-0.25561711065597653,-0.07064435416409552,-0.6718905943515296,-0.18868226592338894,-0.12495665252446217,-0.007991413536210724,-0.07005877547610462,0.15408941478859317,0.7616842544416663
0.164,-0.2368317637138525,-0.44619677178622097,-0.03835860133348013,0.4110615252475191,0.06253092367371446,0.16355905147382327,0.23607648955601,-0.3973825420731783,-0.11081666093202272,0.282692255892926,-0.13730730387743104,-0.07196653604571905,0.18913628202330077,-0.35040986289238263,-0.40993821944460435,0.44841170728462043,-0.20261397413328813,-0.002745231690213276,-0.7023107209478194,-0.1862920809151673,-0.0833539560333912,-0.04651071584764919,-0.055721417239185396,0.16678361243854983,0.7344611172190875
0.166,-0.2108687859119403,-0.43322176968799064,-0.08009363242737341,0.4444726756217008,0.12284577364832276,0.16685003236874382,0.1829509405719637,-0.445949441476289,-0.04559266500896429,0.2445425745671308,-0.17586586477885485,-0.07699429428869908,0.18410884250163387,-0.2769429990288052,-0.4238552010012954,0.4550607336840692,-0.2574957786245675,-0.028887706805384855,-0.689947132654905,-0.20673717306310418,-0.10039383699383918,-0.0007262344549183314,-0.06885189266034063,0.1617693916305307,0.7054936410495782
0.168,-0.20474553459202718,-0.4988837481965975,-0.17106841958238356,0.5152646902137957,0.12383171830598154,0.17577194842472768,0.196179878082199,-0.4601421825647681,-0.056183149774453114,0.2824455029546629,-0.16720573538029568,-0.027528367149511998,0.20664687219974212,-0.33562019578592767,-0.46742652210078406,0.4462820767759892,-0.24526546858096543,-0.007805314334899935,-0.6806045106926987,-0.209526804177101,-0.12475716435826897,-0.009254223372880064,-0.07645009665876726,0.11256300014869325,0.682719195933917
0.17,-0.17140103758908554,-0.47842876369652726,-0.156867952617957,0.49885977311560314,0.1051876761433006,0.21042298960041644,0.1933677275935439,-0.4609120925149301,0.008493475726574246,0.22834857338820683,-0.16149135463996797,-0.032341336923119086,0.151302663841945,-0.29867178843748315,-0.3671606505560411,0.4303055719993294,-0.24838592291133815,0.027249601423222414,-0.6932546581118134,-0.19695495156906215,-0.07894150608614242,-0.02002323762932365,-0.05079715241898207,0.15440237826900136,0.6275076375456842
0.17200000000000001,-0.162345929279865,-0.48747135779549655,-0.14200022282951186,0.4873401599269201,0.12931754811447874,0.24572064270519445,0.22494543354084234,-0.4213143431603795,-0.00565263306785461,0.27909152377941715,-0.13437942685336918,0.03472863179863323,0.10959780914963643,-0.2812870163292757,-0.3184959938332425,0.38387602238635826,-0.2691678585403164,0.08286679139470042,-0.7248635673509778,-0.2096476733588427,0.04944708593577424,-0.01911096360880973,-0.09634902673705234,0.19174876446598235,0.5932831165090457
0.17400000000000002,-0.14217784045903362,-0.47209252167647836,-0.0569575150685841,0.5008987260662517,0.11008706410955188,0.2361875588560226,0.26208658969043014,-0.3753925960550621,-0.05963736240034102,0.2623283073689384,-0.13740546996564182,0.04950034603265867,0.15056490579725113,-0.3027799467823654,-0.29420062696625643,0.4562877280194122,-0.31779299393183424,0.06427355956454923,-0.6693021674794557,-0.24502605221314494,0.041795335609574935,-0.13991002537332425,-0.07636765738025003,0.2058190423493829,0.6566298949004011
0.176,-0.19046579939165553,-0.4920607717179573,-0.11992206588537675,0.5202960089456677,0.06726295030240947,0.24582597550928062,0.27901752270556096,-0.3505148155645597,-0.13222320056965717,0.2805887479886406,-0.11695721418066764,-0.007100682538528996,0.13398730029816014,-0.32929385690930774,-0.35513537119179606,0.508332967210133,-0.34073590150372546,0.08373720012888645,-0.6397379504998741,-0.19131037968782233,-0.015413886805648022,-0.13137765201931548,-0.03458994298515841,0.23944802380524705,0.6538585430621578
0.178,-0.175095526690429,-0.4636185330603313,-0.1481300226935902,0.4944964846847367,0.027823035672956027,0.2938672719179318,0.2690581201625811,-0.3512465645909555,-0.10395403196277785,0.33480390372698626,-0.14139756493078526,-0.0028686825883041103,0.0937735351868084,-0.3113829527070938,-0.19953172745663214,0.5214731834811648,-0.32501289454883187,0.15665863612487285,-0.7271980667466132,-0.14968112134209072,-0.05090619819617454,-0.19196859458781115,0.008581993587905033,0.2587059157382988,0.638106503914665
0.18,-0.1633582535266433,-0.38841703667938215,-0.1749910046153736,0.544090887560244,0.07839240112053937,0.27972301940897787,0.27938907258520645,-0.3472135532359992,-0.09958433667865005,0.27347736669127354,-0.20329993332306467,-0.030594924784801313,0.10641041662971598,-0.3340288889148716,-0.09859233304880591,0.5255659244166137,-0.3291079494509941,0.12441008853167138,-0.7150545495157153,-0.14302270372516146,-0.12393741748300502,-0.16505413979630226,0.004628461995944404,0.23983203066696276,0.599042576687047
0.182,-0.12158651830736156,-0.3744662569801995,-0.18387302738987454,0.5503506806057268,0.13265326521703685,0.2691300392097976,0.3672935283651767,-0.2764127247486799,-0.07479760301697452,0.30611009338945405,-0.11743862251147907,-0.04453834865633481,0.13178360815684614,-0.31847957061646925,-0.1011462207779572,0.528822575039498,-0.3701784773888467,0.16503615268864008,-0.7069368904562163,-0.16705093698422804,-0.09721857557338406,-0.10605250146417736,-0.012341142327532643,0.26064916732310167,0.5792776340899266
0.184,-0.1583201655777115,-0.4081239671175091,-0.14516324256096247,0.5781231855324632,0.15364973549538935,0.20322016358024358,0.3066911692151457,-0.3167188687003362,-0.06115624859938873,0.34086836670610543,-0.0838730675565866,-0.07836780389612069,0.12651179377679825,-0.3466237357915222,-0.08296528988422884,0.48963705410726843,-0.3713560815195703,0.17233763091006862,-0.7547873719639144,-0.24270127847831113,-0.07742103376018886,-0.13713909582287445,-0.06133856111054818,0.2783428217207894,0.49753117952224746
0.186,-0.08781637204531373,-0.41681535011655435,-0.10648303234925892,0.541969951175996,0.1381713425029288,0.17645851181152217,0.31172495575233045,-0.3248022739223273,-0.05150028632073387,0.3533369045403539,-0.06101437830247422,-0.08038929553240898,0.1580076224182756,-0.32909207300567717,-0.05573843916393298,0.43817132285081534,-0.37457890483320244,0.16462570283864475,-0.7303404664010866,-0.3301676289082428,-0.1447451105320774,-0.14704011294101865,-0.09126541580267185,0.337545736116753,0.503614138131719
0.188,-0.15156972304125205,-0.3820429307074403,-0.06897354127823016,0.5263643518809636,0.07468276011386792,0.1554696662117828,0.30915721768641735,-0.32841528154628197,-0.07228323589680839,0.3644770238704805,-0.01159095100235201,-0.028200084666799345,0.15191089321960835,-0.3110837734458942,-0.08084701658816511,0.3690316392038715,-0.3853321807050019,0.19494077344165897,-0.779643058187735,-0.2508525647650715,-0.12294827081832836,-0.2332067967791998,-0.12367654763124317,0.37143321823134434,0.44221168627130075
0.19,-0.17131090167772522,-0.4108582568695045,-0.05373574738212429,0.5412042859327759,0.06577990428759506,0.21631992626797425,0.30533099681343173,-0.39522145965639477,-0.039926448361074514,0.28329683928871774,-0.018511505267302455,-0.059793325200568244,0.1649048336295492,-0.3234838791877145,-0.10927251812743052,0.3993774378912555,-0.32937697254871395,0.15207594602503866,-0.8094815426822943,-0.24712348669923828,-0.18207311949071261,-0.20849823398923717,-0.17769453393236523,0.42157355860325313,0.4550274474887776
0.192,-0.13171260281664257,-0.4012520173566263,-0.049078777290867036,0.531564260413529,0.09961497729586388,0.177690826534877,0.3152954689333777,-0.35448728883866676,0.025536099605838934,0.2831585671455052,-0.09287759252929284,0.05133759300847646,0.15673152626285553,-0.40431029809817903,-0.16993969698012398,0.38198780895014706,-0.31003770212112036,0.12039899878294891,-0.8744122725251092,-0.3059578072778114,-0.28194511189373844,-0.11606720798375667,-0.23654539418951534,0.4213379411377555,0.40171124566939753
0.194,-0.14783797521640224,-0.4020745549056306,-0.12388873309672191,0.5259745442961785,0.14810996250876737,0.24467012177508768,0.3962955536615296,-0.31005325029324926,-0.01979991245818683,0.2183908328799104,-0.15146587675809248,0.042726989363590234,0.10139386922433419,-0.4075906146974475,-0.12316617146815434,0.37740147295182,-0.35812866346587535,0.0503773069863723,-0.8903414923084491,-0.3213693883534176,-0.364753077237705,-0.08482377838976482,-0.12133451276858388,0.4417730480421934,0.4459262031395109
0.196,-0.132772683039737,-0.3351197265568001,-0.08937594344813227,0.4644809112115986,0.2147058517059665,0.27886054978012775,0.4001851358069362,-0.31289856240747393,-0.05662692421491055,0.25501758952428244,-0.12022338253479767,0.13229227965502788,0.09294890736869996,-0.40387703469163394,-0.15381126388389743,0.3529678008840226,-0.37749728799840826,0.09580027981946515,-0.8592215289941348,-0.32270350998145475,-0.3656150400789576,-0.09384586226576917,-0.1397110505949405,0.5176228769668438,0.4683044905106052
0.198,-0.215827890023158,-0.4103983211062857,-0.040875310662273255,0.5162939607723749,0.2709373834429201,0.2873556006607272,0.4676039401980835,-0.35485384944930937,-0.11362189230940775,0.24679890650131112,-0.0802344975403787,0.11491411017875837,0.12505986998819846,-0.37619113599195625,-0.0010759125370816414,0.36274726329190976,-0.3869362975637798,0.09827572024041689,-0.8322325286120531,-0.3482888607818394,-0.3745746275399273,-0.040323788450196935,-0.14792613675094507,0.5043715094494088,0.5247008204222356
0.2,-0.24527160062815323,-0.4677958361658933,0.00352131610050916,0.5292342549772929,0.24652894223941965,0.29606210514322273,0.46208632082626033,-0.33627410608303654,-0.1503542207804277,0.2307534460041874,-0.1124389250061299,0.11212346707250215,0.18886876450580073,-0.3505791679559692,-0.028053226415945588,0.410778013726649,-0.38109513918597887,0.043589078487375046,-0.8027582806698245,-0.328278933262321,-0.3764325936460076,-0.02629880060288131,-0.1326795376222246,0.49869240604472,0.5384702464763995
0.202,-0.26004975876998676,-0.4359326468789666,0.01460432533158455,0.5171382595501188,0.2339191757292031,0.30411667437876966,0.4411693973367393,-0.2780835316452179,-0.10292245942728623,0.18916925066300044,-0.08232376743468416,0.11444135100940592,0.21631202331491128,-0.3484890933851379,-0.06818133288512172,0.403713789756802,-0.3871290964062429,-0.02469090238572748,-0.8471683282786857,-0.24672790944976197,-0.3872247580724435,0.0183209887069353,-0.16447189661454648,0.4664987397517863,0.5820053786893749
0.20400000000000001,-0.2617601826633709,-0.46055279307405805,0.04634602773955693,0.6257532572635481,0.20451570995418333,0.30789226867996355,0.4103305127360767,-0.27161776154173717,-0.07383558120295095,0.19682841121095812,-0.1466744384644908,0.14028673221964047,0.2000244130837238,-0.3240204917811462,-0.0928942422773914,0.3592552835608973,-0.41020976646027385,0.026329189444565464,-0.8264504014551297,-0.1554217281682554,-0.3688809373692153,0.006697253712095296,-0.20835449515372043,0.42123813295243656,0.5478396827332009
0.20600000000000002,-0.255209293934668,-0.3707543115276776,-0.017261901730017973,0.5816670886762414,0.18438814160511083,0.3622055994929945,0.4234290776798132,-0.3054529887930085,-0.10985207201611209,0.1857054684092949,-0.11404010190526792,0.08033037732097736,0.14825903217519387,-0.2752830860954206,-0.0677715897380735,0.3933304406684875,-0.25500561522746756,0.039543982700646074,-0.7400751077807507,-0.09876077834588776,-0.3312733529890744,-0.01865446515816442,-0.17616666369372572,0.48994512212319136,0.4987169724805436
0.20800000000000002,-0.2782216266832277,-0.3102875901497925,0.07273564616270482,0.6587188334013949,0.22702843597305222,0.4230142810767837,0.42615711336758655,-0.352454083418665,-0.1669575609909329,0.23484988398021922,-0.06156454234251032,0.08965984729105436,0.1440789881711045,-0.26405978879800396,-0.15468706396901075,0.3455278330931031,-0.24394354520121528,0.06820351986299727,-0.7889205254195071,0.007026012434593401,-0.3417423822650472,0.019931583413846897,-0.16182660657545078,0.43190627929633274,0.46128799957704036
0.21,-0.2950496377251787,-0.3596261927900388,0.10107036565704261,0.7285837786639847,0.25879515170595785,0.3969424992976132,0.4324983361536113,-0.4283989855633341,-0.14939000392489882,0.25405355578551003,-0.037532905496250615,0.07934443411367952,0.1298720288416518,-0.31378713511282164,-0.13623012046626928,0.30915550378412443,-0.3239321915877392,0.10839286251618296,-0.7428001155987388,-0.14916292481048332,-0.3791444078712205,0.02036564915306124,-0.2613365890497164,0.420700543354874,0.46881392868010646
0.212,-0.2654170023829142,-0.34159405194159786,0.10777917665363503,0.757793132104186,0.26584132054945225,0.4525802615997919,0.47613913379292205,-0.373332620666556,-0.15228103802557252,0.25768120780242865,-0.04398516888413245,0.1008197316023622,0.12999316688275125,-0.30621894469539535,-0.15875328666090927,0.24325823260484103,-0.27523947300146573,0.13520972571982276,-0.7653191792191985,-0.008158867963061728,-0.43805087199193543,0.12327595683214812,-0.22909893810852233,0.4191661256375595,0.5220068790132907
0.214,-0.2867950874323399,-0.3031249509163808,0.08630271189355912,0.8600185889896222,0.2847079500276159,0.49555155322687044,0.5347530685908783,-0.3182155119580817,-0.14479298888074302,0.31836255946613523,-0.058517381856515,0.07605930037135789,0.08252561940189146,-0.2939786807341196,-0.19254800052461185,0.1512922324562271,-0.26821875804995937,0.10001289407873598,-0.7183133413594935,-0.03383046396375197,-0.4592413731027296,0.18162776371288855,-0.20073150582061233,0.436052634179266,0.6023380893908661
0.216,-0.29027493958160466,-0.3136551390161547,0.13795502870777027,0.8645092125875917,0.3371645982584256,0.5549974757882268,0.6070957226537418,-0.27407426485014774,-0.11463446730599082,0.26947664214860084,-0.009666005530977947,-7.471788643921562e-05,0.05915646565832086,-0.24082198735457136,-0.2133017930018171,0.1288584301633713,-0.2768479637184189,0.034701934057032466,-0.6837859300535861,-0.004984327732918452,-0.44406536221295007,0.10423338707326692,-0.31962394620639684,0.407072370983,0.6644012448829935
0.218,-0.3219252967081532,-0.2573436415816166,0.1825214604874717,0.8143149344157546,0.3008139757061691,0.5798353383920861,0.5680616144386804,-0.324399853560251,-0.15788307019205927,0.25243575136467916,0.07116825109022873,-0.03786869573484245,0.048114048217257024,-0.2297675890267179,-0.25057771880204593,0.06962180095325558,-0.2665989593534479,0.047910982187765516,-0.7018068017587289,-0.005833845623747213,-0.4466882818963758,0.1469962375831612,-0.3591284988937936,0.4145277157679706,0.6774039289738394
0.22,-0.3355527439271915,-0.3346932838111778,0.18214072356984923,0.8064696288189954,0.34272438479286327,0.5919640638165762,0.558953966536353,-0.40205315784185236,-0.16121563873571243,0.2735593678469614,0.049375074919576066,0.026960258465304622,-0.07000362022956975,-0.26097109561461596,-0.24962388054702314,0.009480631594796451,-0.24799229507162263,0.11422958280517201,-0.7259819309301697,-0.033439669342738836,-0.5261654031126397,0.16004697786017255,-0.3716376927349624,0.43202662136082914,0.6430438625548699
0.222,-0.33812050465805416,-0.3483469965911188,0.1375473954582074,0.8171102135769248,0.34505240480899557,0.5367245741482389,0.5434650399301415,-0.38229478651383075,-0.13782170460695986,0.282315435206251,0.035344093265263735,0.0071637151977345,-0.10497323344716719,-0.22157601888393136,-0.2134967567607402,0.0329338440283414,-0.26395871084961403,0.11692952755061763,-0.6620531836934489,-0.02313279672772743,-0.509556649470796,0.23725643394189788,-0.3540994369515306,0.5204534506319363,0.6235255647675683
0.224,-0.36080224673917166,-0.31261864678745704,0.20629802942146452,0.84036090059786,0.3297155506549703,0.5758878223126241,0.5175757076661653,-0.3933258088149783,-0.20225522978043636,0.3683406279912115,-0.0052854876900449155,-0.015671832749600725,-0.07594972737365589,-0.18415587705673972,-0.20973586824628748,-0.012762459898564144,-0.20772436433344943,0.1858702786128154,-0.6244526078868307,-0.10191765168559996,-0.5324419855224114,0.25465912263478013,-0.37177558112257414,0.46136225346269955,0.618269313697085
0.226,-0.3994641074128913,-0.2515519704249308,0.14832309898487545,0.8191860867380125,0.3720287816152803,0.5768649491331693,0.5011196489751816,-0.37226948873825,-0.24884716061822515,0.3681606447986575,0.049471891092921855,-0.018603574452215346,-0.18036814134406426,-0.15122112436133783,-0.21004444030273792,-0.01917081664344438,-0.2405450927968596,0.21372538848337694,-0.6366826473621411,-0.17301417279210252,-0.5613155283485776,0.26724549852024504,-0.3666643154140726,0.4748086060899516,0.6354894060332935
0.228,-0.41395250456847443,-0.28088829667807635,0.07349367938096048,0.8824575361741462,0.35767063463011034,0.5461296696889655,0.5374122249206496,-0.3580950731303599,-0.179115911644527,0.39398760595319243,0.07121105745379391,-0.04006807466978636,-0.1428089648652209,-0.17895263955062846,-0.2254922565799216,-0.029872569640837194,-0.30894225823381516,0.25850948464636775,-0.6251793639965936,-0.15923969081675513,-0.5410085011846979,0.23807580698989575,-0.32567721590541543,0.4479234689597921,0.5242136079218004
0.23,-0.43051380647052034,-0.23624394099668855,0.06674919966846432,0.8864372634228622,0.4509321713326383,0.5418465628293693,0.584472830912995,-0.3410039823892087,-0.13307103001513765,0.4149192102737099,0.06514179780625136,0.025995799891215962,-0.12848631247237488,-0.15301377127462357,-0.22272858645928523,-0.07246141763100748,-0.33373015163565617,0.2818746157964107,-0.720804919202408,-0.10741348230420089,-0.5548647050447747,0.2938811308334652,-0.3486415874291238,0.44761517956741087,0.5222307648930526
0.232,-0.43079092043889644,-0.21176853522409783,0.10997664410636063,0.8669516249522936,0.4417675715345484,0.5772884129554252,0.632588826440359,-0.3747685143685287,-0.10989277499830911,0.4406724629773147,-0.019315565663892767,0.05538810275869141,-0.15104399487903972,-0.15275871476037195,-0.20655888617462642,-0.02051277602561489,-0.2917501790548167,0.3392215499720151,-0.7521337617924572,-0.13182580577526248,-0.5573237737309864,0.23869210395162824,-0.2780452654575333,0.44098456116253654,0.5155917451230632
0.234,-0.5057304486076011,-0.2506655671840287,0.1929047639042274,0.8564660232474962,0.4658649481731263,0.5712523268087911,0.6369477959995831,-0.44760336734926154,-0.14442552224007812,0.3670394334729339,0.062066510667278196,0.09989888461061017,-0.1422898274028522,-0.08434912886714432,-0.22707045285670538,-0.03525426356843737,-0.2820235658674618,0.31510634178533536,-0.7784720472597563,-0.21598534339355926,-0.5416785384848904,0.2490015412654178,-0.3361975268199172,0.4019959087346791,0.5485492840268155
0.23600000000000002,-0.4296492483219968,-0.26412919822353215,0.2570226751067169,0.8222377748722436,0.4891439539569141,0.594124035259986,0.6789638632699876,-0.43410757394065386,-0.10621058094906838,0.39084701437667807,0.06136710598491578,0.08489303087156269,-0.20342065804940535,-0.09945014705557989,-0.277467810564246,-0.03140844643709445,-0.25764538819928934,0.3375074869745813,-0.7430448881960701,-0.21895122637763426,-0.5308579387295707,0.3076313350749134,-0.3590741201893617,0.45022937897594484,0.5256739299172034
0.23800000000000002,-0.4343185444745245,-0.25921809901236664,0.2577999360599957,0.8118397594220469,0.45717296753916126,0.5630647346115926,0.6967892612462341,-0.36119174147225047,-0.09415524082117441,0.3689223437631155,0.0758703576344836,0.09779527197936225,-0.17131070009191324,-0.09763457770656649,-0.3266401035553499,0.02686327093107816,-0.21945115125819706,0.360205803088467,-0.664921753985794,-0.186954819454496,-0.52506757210897,0.3111666296018876,-0.3371853014865714,0.4858677726122122,0.5223944237131557
0.24,-0.4206755380638114,-0.3380078151951866,0.21334506574497025,0.894890840271616,0.45250330670222594,0.6491531390752443,0.6213725593664058,-0.3974183554976098,-0.06885889023993916,0.35815489929371014,0.07110351943303587,0.06659174339860582,-0.17099292464960303,-0.13533553188549824,-0.29368098248984686,0.026391183101319705,-0.20019393525116624,0.3174886909615988,-0.6681437845589075,-0.15209684142518065,-0.5104494685427472,0.2900292139566631,-0.2323432389392817,0.5015753209380839,0.5216391711957392
0.242,-0.5114398154048597,-0.273443724402822,0.24555599701519515,0.8768209693806598,0.45681868108722246,0.6441481362046618,0.7084247294047706,-0.4237528181434068,-0.09482376944808199,0.41295690235222376,0.04072397627563429,0.024713075918000177,-0.1689406582062846,-0.10114019999377089,-0.2923887378265755,0.10657672431949401,-0.24997391718533396,0.2330815406849139,-0.647049578957085,-0.16520826142527859,-0.45931596091542115,0.31323949379383753,-0.285339925785711,0.4184985981584067,0.5196815396768881
0.244,-0.5188667424824673,-0.26530218457482435,0.21700769434337233,0.8625276069084119,0.4384947847493638,0.6374363907537095,0.6776833070339816,-0.4096548721409829,-0.04380428924381777,0.3820025686652742,0.010539712021291073,0.059299445987236,-0.16075534881155173,-0.1362269873224861,-0.23298673003503653,0.07389897680708732,-0.24983085219983353,0.24131640569385196,-0.6494013913606956,-0.2352672405821094,-0.4497155142385808,0.30773054975203534,-0.24148613309683736,0.377442939467247,0.5175616868273816
0.246,-0.5355992320379714,-0.2571162803054097,0.2431764227728118,0.8839207730536214,0.417364969677391,0.6255867828916656,0.6692224229682155,-0.4243273490837295,-0.07238829860680894,0.4006887014531793,-0.01460566279991823,0.01145779114685739,-0.19113303270059762,-0.05424564519561499,-0.23613769576473256,0.07274692709463042,-0.2777541365309155,0.2691856380634478,-0.6597371513494347,-0.2070697976838121,-0.4583188015537324,0.2655423605451698,-0.19905128315411885,0.42433512229708803,0.529291011457633
0.248,-0.5683549190876781,-0.17622764924089906,0.28816022250697343,0.8702798867902307,0.37393925487887986,0.6889965426183625,0.64451699879611,-0.4195738712207285,-0.01556688007301419,0.3000789910765591,-0.015169935582774323,0.048435038160954846,-0.23781504436077533,-0.1453982757729284,-0.19880095491142086,0.03570904400211822,-0.21815610558041246,0.28448155926247276,-0.7100060987196914,-0.24564546104904694,-0.4616490944378824,0.24086051080653695,-0.2103554821339952,0.43790216228591555,0.5078386775080367
0.25,-0.5328367756244566,-0.20647114467135264,0.27123338141980946,0.8278412027872365,0.3913524001399671,0.7103244635156896,0.6590706024814066,-0.3872470034337525,-0.0692931289441518,0.26419101187319827,-0.012317332416727913,-0.009657356800473117,-0.25422018961719517,-0.17736720246905813,-0.2100185589185103,0.059280675664694416,-0.19520971430106454,0.20773065103928706,-0.7122825833888873,-0.16945814048970664,-0.49034310219264465,0.23227627466552656,-0.1949285110641017,0.4170058066081065,0.5450712834807836
0.252,-0.5060450943386403,-0.23292042998358406,0.30340157559248326,0.8150966759590289,0.3293786343836269,0.6328249563763024,0.6260280196314517,-0.3726369218258682,-0.06876964420426412,0.35145270272654844,-0.06810300931245766,0.026082588582189946,-0.2468065630875786,-0.20151572140348767,-0.23272654080519684,0.05280122656857973,-0.13056908633304343,0.24811914911770774,-0.7356730061390355,-0.050857106775615626,-0.5140369214845387,0.19130843327325395,-0.2252151862114468,0.3966574043939838,0.6113366605036941
0.254,-0.574728498420599,-0.2708517227538053,0.32653205879461394,0.8092300035640124,0.31296811422348947,0.7325714512114724,0.6799289148102998,-0.3517841083438182,-0.06901259475741271,0.3298533003334528,-0.058189275275773056,-0.0058132152090170225,-0.2229333689511339,-0.15448798820691298,-0.21799250720318034,0.06421423332214388,-0.15634533201526,0.22803185704351323,-0.6662807613050163,-0.08393356972089148,-0.5810559776067701,0.2532989235393934,-0.23684754336783467,0.4707019459802956,0.6370536577460868
0.256,-0.5597293660586911,-0.2726208136223872,0.28974312564803545,0.8756673702627008,0.3268093515580001,0.7401901797495839,0.7030319403026225,-0.3066254485789973,-0.06645632448485556,0.3135760162417706,0.045548041183878646,-0.010811034526480752,-0.22756990603646407,-0.1198512332177066,-0.27982210946221286,0.10520787039438217,-0.1914657845679663,0.24640993082437712,-0.655191596832674,-0.0734643477879562,-0.6643737888091825,0.22566645067096086,-0.29666269640067533,0.4984808302041156,0.5675204575280608
0.258,-0.5548305477631158,-0.31275188613426924,0.3745691955007992,0.8256845894917312,0.33504548135913964,0.7339249302032252,0.6988853050447501,-0.3613495794181047,-0.08147667455519864,0.2970710272064902,0.010994038517966827,-0.013273862299365776,-0.14966961167274348,-0.10268124407513297,-0.25717466579973874,0.12176705834552193,-0.1571601802855958,0.20264813793255068,-0.695006872996007,-0.1395008301902442,-0.6346716080426738,0.2627013998010511,-0.2773643709281096,0.46963030751414947,0.7071500589625221
0.26,-0.5372870380124771,-0.3228303357183866,0.30994824091217454,0.837604516992788,0.31589309753924166,0.7985486574107715,0.6796967842387762,-0.2980271145968544,-0.08236611808624293,0.3245122003480021,-0.00647050601231651,0.037749214778625986,-0.14783195958580675,-0.09121558833449031,-0.2775477996923873,0.08172659321922918,-0.2556286375243498,0.12382112523646384,-0.7348870903392263,-0.14664634153854167,-0.7638194011767668,0.2697219468310755,-0.2685086442024305,0.5034203919045412,0.6750057907971088
0.262,-0.48721295946269527,-0.3091522616742607,0.30634489655363406,0.9156412069078328,0.3610133430374414,0.7752847475177537,0.6786346860814109,-0.3287321105323231,-0.005998723608903661,0.37033499578990625,0.009944974209245245,-0.022455467156814977,-0.19847011018168412,-0.05933996191743524,-0.3100018717090636,0.14081512498162185,-0.33097299484066867,0.11390003301367127,-0.7300777423639485,-0.1347995974065499,-0.7946353195675456,0.3700420723578932,-0.2291861410586845,0.422643009828497,0.6756859064888329
0.264,-0.5244910089601527,-0.2618392233920743,0.2913366341591852,0.8873870972013457,0.40718986754764736,0.7810936568875498,0.728047530487148,-0.3253870367197,0.057489687050814045,0.34022821191208374,0.01694753511202917,-0.0921507757298681,-0.16660830593939513,-0.1648641946166861,-0.19135125942723105,0.1579447638520139,-0.45608493463028116,0.020550977392284606,-0.7095831796479467,-0.16745725613310555,-0.8055197009119502,0.3449597466941318,-0.2715576270693353,0.46886990987405286,0.6410049767710603
0.266,-0.5246697563047161,-0.34935476523426495,0.28745102135721173,0.884696451346897,0.4220907860316929,0.7989859524287022,0.7018883806136144,-0.29607318606682653,0.01991419615077502,0.36554249878016726,0.09966515861673633,-0.13118540448416788,-0.1458937737948602,-0.14143644858366958,-0.1687816429674207,0.15895407150822796,-0.4651236568425407,-0.03203499353291601,-0.74617629302329,-0.17468472785604366,-0.7935857833775574,0.32630417553066887,-0.25506051961704757,0.4878045600313982,0.6243512261784736
0.268,-0.5250288367477723,-0.3697772654844855,0.2768197341399037,0.8961522185255618,0.40191768031170194,0.7958359167896785,0.7302841690308002,-0.2756096995955626,0.09486580166584396,0.38714133894265085,0.12181268458145592,-0.11577393476492136,-0.1526072200021277,-0.09535236345314331,-0.14721318663102909,0.17393071175408642,-0.4852171100922648,-0.0009326924840976913,-0.759473325607903,-0.1879144779413008,-0.8227564419670094,0.3421929964249598,-0.21312584043808463,0.5086084009561878,0.6377419239240208
0.27,-0.5723121830073337,-0.40508962289219824,0.27230604716456536,0.8721474332802569,0.3615617735860493,0.812447755307268,0.697542698962837,-0.2862025911206367,0.039575115696743365,0.4058850161480183,0.048338171942968786,-0.11664294227848347,-0.16094832378062657,-0.11948540608965849,-0.20003415289526968,0.053001369045568805,-0.45593005972423617,-0.002710640036033253,-0.7113627521784709,-0.21683129889972583,-0.7158532504179335,0.3039837074089462,-0.20980323920879798,0.6066609598376439,0.6999921014234215
0.272,-0.5707545480372356,-0.4107420593951864,0.33370437385758667,0.9236364047829562,0.2925276608048625,0.7985375624349823,0.7996915112421766,-0.24461929885903025,0.06370777085139494,0.41172894632899504,0.08704131976717897,-0.14746244884304568,-0.17598554164069105,-0.14060315091076675,-0.12131700797391035,0.025120759936773294,-0.3933811584362883,-0.08919641328574593,-0.6840783486436317,-0.1389845484150378,-0.7219819166985225,0.3244281831744351,-0.3053805345957611,0.597057930916409,0.7121629047650018
0.274,-0.5612079269752098,-0.44415199225250057,0.3566114467613343,0.9951166457404929,0.3470738151986573,0.8069687740015717,0.85727503135419,-0.3301019017584138,0.054387450468062024,0.44857761657096495,0.12809264057234804,-0.21906418105410952,-0.20321948618175184,-0.13470288591030244,-0.1576342781403755,0.1141661551274902,-0.36650325849448184,-0.1581466365552169,-0.7824760021476891,-0.13410893586319614,-0.6474466207954375,0.3162347989650592,-0.3384896693935754,0.6320600932042887,0.7687017884680287
0.276,-0.5283880763440266,-0.4822019505454849,0.33390552380169713,0.9939981031213705,0.27718549895550454,0.8236491757160079,0.7846076209699894,-0.3039178138302717,0.09496605728162415,0.432365195442314,0.06988350603664018,-0.18640521244006678,-0.2849865162522848,-0.11551934409910555,-0.10032302140543142,0.05652285573755227,-0.38816370269571165,-0.20899290959434513,-0.7655445461190468,-0.18768101800989767,-0.6966519779205183,0.3542636245629257,-0.33639718864423834,0.6461354352692429,0.7290753530832966
0.278,-0.5428103474723175,-0.48889176990561267,0.30181826292997443,1.0050196677638705,0.32598065374012125,0.8017083629639655,0.8072133013644709,-0.3422773715463537,0.10964198958796419,0.4107917887625825,0.045213037951349795,-0.1493804205636394,-0.3481772261101564,-0.11522274645979881,-0.19169462545601695,-0.012878813967820209,-0.42693761828063076,-0.1879507459066352,-0.7618822049400826,-0.1565565190273451,-0.6698710619082014,0.37510702369075594,-0.2908075703463681,0.6721569887886119,0.7358011406019279
0.28,-0.5379267560400375,-0.48039496127425435,0.2310290859188941,1.0013279884633435,0.4017945007847661,0.8064253722974559,0.7682435465105509,-0.35605430801709836,0.0880012343912501,0.39474585390443034,0.04808211197182259,-0.2142382659719748,-0.3486573725774542,-0.1759996491369304,-0.16099090837943028,-0.038189952573802796,-0.42284663077501133,-0.15768017995095357,-0.7181196368106723,-0.07940410931341514,-0.6795439794931634,0.3571796074240384,-0.3609520552775426,0.6903549758889052,0.750319154198562
0.28200000000000003,-0.5141726440221536,-0.4714831496058505,0.26343409403833296,0.9827031896831457,0.4048239837305288,0.8092546083473929,0.77977701316079,-0.3591034937287559,0.07040096203685914,0.4197080289754549,0.07180825343482944,-0.20788620924238838,-0.27839043718441076,-0.18642142976385204,-0.1979002220146694,-0.09217405905191062,-0.408405270001385,-0.13571296152423715,-0.7165401581705834,-0.060726585726125396,-0.7008923195529994,0.4252430146527554,-0.3816483440620929,0.6932609461283,0.817469704907825
0.28400000000000003,-0.5310742334364187,-0.553268983851867,0.2343190305958445,1.0154684814186843,0.44045985227886264,0.832649847087742,0.7808769683425736,-0.2770643757496907,0.08360661234604168,0.3980929421722804,0.02891581185944994,-0.252323614967295,-0.3492336692031403,-0.2638121508309465,-0.30712159576452674,-0.059667750705974375,-0.4482356246367423,-0.17880381538455176,-0.7084356288690604,-0.03393817723029348,-0.7220646739317369,0.41838520801648504,-0.34019529856661324,0.6559731660494942,0.8435226459787692
0.28600000000000003,-0.5077042564630492,-0.5776809247659126,0.24564673243045912,0.9533254137835966,0.46521284855615275,0.8608433394418993,0.8177155923704967,-0.3255891566450002,0.14646014263696566,0.3103533985557222,-0.02818681305500574,-0.2609045153907279,-0.3163805866187736,-0.1962226386542418,-0.3151182047297776,-0.02113858278015597,-0.4191495469909289,-0.19175758682963673,-0.7137230437093499,-0.04524945309357942,-0.7650379102581364,0.4491777610905029,-0.34710810127829167,0.6313720192680203,0.856310323314382
0.28800000000000003,-0.45960849280654503,-0.5220282535110488,0.2663582041539864,1.036420336810556,0.4232805522383621,0.8292787247308923,0.8137510556560337,-0.29870471630339135,0.1321777989462009,0.30829930078877504,0.014960225402141883,-0.30917802292081087,-0.2670295374898859,-0.21422656014929659,-0.42738726402562793,-0.016778105628285772,-0.4688718469777793,-0.2543818312914887,-0.7254085829072229,0.03671928237276627,-0.8277106327897252,0.4322632706298715,-0.3773063566563504,0.5717269158614666,0.86433573835874
0.29,-0.4317481146521662,-0.4500079925175878,0.2784066316864565,1.0620801525165597,0.4516535865320545,0.7397418378305036,0.8548588905961877,-0.2977305122225798,0.16233138449761736,0.2988404103973589,0.031629746912326825,-0.2638738353365676,-0.3084957895961825,-0.16836753908582963,-0.42347476439623594,-0.08404663700862536,-0.4860555185102842,-0.23187088554308138,-0.7085357411289194,-0.0013392139433719627,-0.8707970989759884,0.4124518320578995,-0.3781550188904446,0.5009654521823446,0.8416392886511709
0.292,-0.4370821993294474,-0.5323491023341733,0.345346987592305,1.1082442298627482,0.4454665652542532,0.7504408475403477,0.8976895356965657,-0.4070396073530757,0.07561229662255751,0.3389810486179871,0.0007102334526361657,-0.3035783180934358,-0.2731010321886347,-0.17030041432659465,-0.42920653564117456,-0.06358423394486108,-0.4571584051368482,-0.2742695641040219,-0.6198817933460454,0.022635094130012117,-0.7633618703268494,0.3754034596430163,-0.36494135100175223,0.5108111927111277,0.8623695302234969
0.294,-0.4081347008968482,-0.5848254420511917,0.32382314357094,1.1948834311230316,0.41753351442322884,0.7946433781527577,0.9153961219681266,-0.37687148800025977,0.10845047204679986,0.28911801945899057,0.011029480168301364,-0.3087186056070962,-0.2635635080527995,-0.1799947930531822,-0.4698526434275283,-0.12116095271266179,-0.4393468940626231,-0.2663403850440484,-0.7017696916262023,-0.011297923781312228,-0.8197845348228462,0.43378134605177643,-0.36136747476559666,0.5662078822599103,0.8717499618183323
0.296,-0.47604029842862006,-0.5516899731169499,0.266209469169409,1.2501519980634157,0.3746148528034456,0.8176995683526667,0.8675060857209028,-0.3881484574255474,0.10205030996218611,0.3119889899386683,-0.08996522698578652,-0.3702654020067685,-0.31025458563372277,-0.2462056224577825,-0.5621708995430423,-0.0858579043630585,-0.36291935513819185,-0.3056659754793879,-0.7524799839135524,-0.01023568325936944,-0.8838479765895076,0.40648521436095725,-0.37960290939620556,0.5435219527027908,0.9557767982873631
0.298,-0.5134431233937291,-0.5723335123139892,0.24687934640220713,1.1672033833916722,0.37358992113647144,0.8510929993225562,0.8769072220318674,-0.3369188659188984,0.12206981587830462,0.2688969928372242,-0.08430849127314108,-0.42704115909409596,-0.30240095027590197,-0.24803861343504593,-0.5802548126687527,-0.13826819540455623,-0.3082174320227001,-0.3885593543319914,-0.7512688099247662,0.03960078761528313,-0.8925972667789333,0.47271628498930873,-0.40717657731980217,0.5532078157429886,0.961753275212126
0.3,-0.47478393687997883,-0.5141567203442591,0.21698547758929138,1.15315852676142,0.36431519871303963,0.829517502067963,0.8072669175678702,-0.3496402048882236,0.05125767017893068,0.31393325788633175,-0.04492530123277236,-0.3815854514756595,-0.3106753809134509,-0.23729137318898272,-0.5309189811357901,-0.13767420238166922,-0.2698995338768825,-0.43028931732331926,-0.827809466301022,0.0824928546585281,-0.9579815979481033,0.4899122836395441,-0.4683634778783324,0.6577944635217131,0.9688607152310424
0.302,-0.5688817189909522,-0.5194569619465548,0.27137479083735266,1.2316095017255972,0.3414280342209893,0.7659444861087777,0.8109159409241055,-0.3587173655650558,0.06772556027928911,0.2388444765558425,-0.049354472222274605,-0.3933527171129274,-0.24588235632724012,-0.21659841802980673,-0.5434067576926297,-0.12371104504316514,-0.26452183997034245,-0.4014399582796241,-0.8592162482570465,0.0777356075813915,-0.9231074911972668,0.5220256247247409,-0.47802682667197305,0.6548535329004963,0.9362161528186758
0.304,-0.5796750291264372,-0.5287013977852553,0.2989034087334437,1.3018683287171349,0.3111272993274232,0.7926914755807563,0.7404452820435148,-0.37443158724880937,0.02886201146964079,0.25311100387005514,-0.07656225726160598,-0.43181172983061505,-0.20992666401975918,-0.26040887210557845,-0.5407257884092597,-0.19160392949087238,-0.26329734069636945,-0.40762861894418895,-0.8828077309229918,0.01745298972593494,-0.8467962344440975,0.5153179692960855,-0.4642367510280486,0.7381495765834746,0.9002363887789526
0.306,-0.5616381539634245,-0.5711481860010539,0.40302238644028526,1.273750208862221,0.311411408405013,0.7991971377432426,0.7266779612670994,-0.3265576581772214,0.06724496897357193,0.18093856715888473,-0.07847655726812758,-0.3963691417678111,-0.2771112428949209,-0.2861868489072587,-0.5176425731119376,-0.23221256619071998,-0.24306795453542593,-0.38826328736542176,-0.7939439355038449,-0.052584900013420796,-0.892020480808982,0.45333746355635945,-0.5152048055462081,0.7418805988037209,0.9094756418117276
0.308,-0.5741674295976517,-0.6121763470274776,0.38182923809902103,1.2385502292637465,0.29202781591788496,0.7171754798956859,0.7898068253396234,-0.36701355357507864,0.11225063037003066,0.15727968371080697,-0.10952301052735394,-0.3380036984059912,-0.3101507517694179,-0.30794993363483186,-0.46009060839920113,-0.21220397915749653,-0.23963565351307212,-0.3689557262913158,-0.9185121721780442,-0.07440549161377029,-0.994389890614878,0.44410439576539534,-0.5629590936973479,0.7114511968907961,0.9230383193197136
0.31,-0.5954064951999137,-0.5854726125711942,0.3685537645783387,1.2416952369185539,0.26624135648354985,0.6038330310964466,0.7655170075487843,-0.3302603764044281,0.1156556873187495,0.11434570026344039,-0.1302110312959988,-0.35301020677418593,-0.3454133764500488,-0.3532401860743285,-0.4700485532448818,-0.2658121422729046,-0.24350788198485201,-0.33748416765145,-0.9423539077775616,-0.13270177373249925,-1.0706374402503052,0.45780479979424854,-0.5830233299313385,0.6761746883477932,0.9202796300078332
0.312,-0.5059962527350379,-0.5055347952906311,0.33832355521825824,1.3030749037606226,0.2598455283392693,0.5409537515080264,0.6974318960721454,-0.31113818873349397,0.13815835031455956,0.14739833038614392,-0.1106184969963185,-0.3496770539659799,-0.33278444587641537,-0.4651767077618683,-0.359999542434531,-0.3222324043593791,-0.28208966733694146,-0.31711311513317636,-1.0037277549194683,-0.13596143682596057,-1.0423872299434236,0.6062058119632874,-0.6076679364066558,0.7019581889014227,0.851291607050797
0.314,-0.5994069037560944,-0.4856839288095454,0.294948785603684,1.3045604672692461,0.23236808587119306,0.5326423320461109,0.7442961127975158,-0.31115196926835875,0.09885005163318333,0.1408807760118616,-0.15337888123361482,-0.3453912282870872,-0.23625925081397461,-0.48333034081849385,-0.3928682666735192,-0.3537289369693611,-0.23188133217537799,-0.2971162830541217,-0.9717081650828533,-0.07635644900940769,-1.022722973954898,0.5832571975193566,-0.6385587004555192,0.7625089585404218,0.8191642516788471
0.316,-0.6867933786757539,-0.48871665832072686,0.3405175889712463,1.261825811161523,0.21954269705878146,0.5688253902939088,0.7711021874488646,-0.3170130904860101,0.09677040081758678,0.13692664602327828,-0.17762545568837249,-0.38264690289480835,-0.186573957145467,-0.5028848745973612,-0.31266291523898615,-0.37663918808593627,-0.2473504660270821,-0.36009337465444363,-0.8656502615945544,-0.06551643635243766,-1.0580000808709247,0.5538369797720321,-0.5894964918014591,0.7278324084118838,0.8495634823437845
0.318,-0.6338307913791764,-0.45214548237188457,0.37923782090523367,1.1569778942004534,0.19677699926431713,0.5408833681473989,0.7998676735764685,-0.3763893155529367,0.14498086606233707,0.19935137324713265,-0.18079091968149394,-0.3722330065280165,-0.25913643392525093,-0.47678027307370097,-0.3010976245229277,-0.3743384122199314,-0.2110141735258637,-0.4070293199793286,-0.8468196242377175,-0.06975422275134281,-1.145134195752423,0.5213539703813445,-0.5925199594194613,0.7406790593662365,0.8244634531993892
0.32,-0.5755084063568261,-0.5501516678708812,0.37001809581812006,1.0657552550493652,0.25900696233530346,0.555594193254259,0.8259087241341924,-0.3982121026201968,0.20550542785761697,0.19336417983042825,-0.1990125491020891,-0.3516704426656805,-0.27880749204095,-0.4902361862714425,-0.25713560268453817,-0.34255515321744356,-0.2468608290013436,-0.2981960649768951,-0.8133892247700268,-0.0909492796737836,-1.0978282350273125,0.5070196966578364,-0.6084386382666889,0.7513465603950162,0.8238628953403733
0.322,-0.5616152518083866,-0.6164869060941663,0.4907144007182441,1.076593189751742,0.23629361641206398,0.5543105901104793,0.8681686060113979,-0.4386528645570252,0.14062135545812837,0.16567217335553452,-0.24495421857319577,-0.4202723664143466,-0.3015920462898373,-0.5316977522286453,-0.28306869105030924,-0.320566128445996,-0.18830051597593714,-0.2919728518596651,-0.8255328723337261,-0.12937866757392574,-1.1597217590218731,0.5409584905116458,-0.5988451967391591,0.7200940866267355,0.8730432223520175
0.324,-0.5709527100953882,-0.5702130294065875,0.4778527049462977,1.1492884298007227,0.2063808805234027,0.5205867502300678,0.8378212957973409,-0.5023890610692883,0.1684734371516782,0.23331501602799626,-0.21041499870951014,-0.42099227783232823,-0.17983027389823228,-0.591768909681434,-0.3151567609517541,-0.34304224712408554,-0.21322927878575126,-0.23317349531030188,-0.7937007262551784,-0.16544580781679125,-1.136478605050988,0.4981867582936025,-0.5899665583289695,0.7512169014983963,0.7925468078919969
0.326,-0.6062147660974059,-0.5766456760324328,0.45925816958945903,1.1228029811762954,0.24316033573705387,0.5042512336871127,0.8911399165999606,-0.521082026205198,0.14536808829776743,0.17492387769059253,-0.21564335932556924,-0.44133952333266513,-0.27605493981484736,-0.5726999048944207,-0.38374732214869683,-0.2644225867042199,-0.18041123881490603,-0.16702244445398595,-0.8604481774789483,-0.13400544399683653,-1.1943429313222718,0.410437994085115,-0.6092594495071098,0.7289826896153858,0.8415980345168929
0.328,-0.5718929892529845,-0.5508195135576192,0.42964661520729436,1.1414221593528597,0.19168599593491575,0.5432590981151658,0.8680761236038952,-0.46339109842188947,0.09389777110734035,0.18112944532755315,-0.1990684681364942,-0.44984883257530833,-0.2635365084586693,-0.6196746327187137,-0.37527999273022744,-0.27329313158824386,-0.2265072476437725,-0.05487557200872083,-0.8337554204283195,-0.10659052401154835,-1.195158880016034,0.3918571519771784,-0.5452635421066258,0.7132648186783631,0.8109888367325726
0.33,-0.4848302008353599,-0.5791498138222679,0.491830026770376,1.0953528103892887,0.2385707739568993,0.522029603029387,0.898081337515791,-0.4345446714768773,0.0563008411055252,0.17482936579801747,-0.17490398499167462,-0.4039915757561056,-0.20753376013862532,-0.557345708252956,-0.3563915653882046,-0.28030386062565765,-0.2777765885785251,-0.11890710094230786,-0.746882729605559,-0.09860558067410449,-1.108751582049431,0.4419938921426981,-0.5707973943034231,0.7019286278530731,0.8025443752785665
0.332,-0.5068928937866745,-0.5419773888164867,0.484117872204017,1.0618997784561988,0.24215079434044415,0.6144427693105121,0.912770674179903,-0.42180938909448845,0.023245027146717882,0.15992382367246039,-0.13839655554108599,-0.5018400187124744,-0.19513608259840298,-0.5723295464994999,-0.29619818818153953,-0.29241462639702986,-0.29356285440653496,-0.1509389296234278,-0.7284013048917127,-0.08303951201883225,-1.0936404385560825,0.5027322421141263,-0.46019831670422184,0.7469836802803406,0.8433883956127203
0.334,-0.55262939641846,-0.5576647229846983,0.5231747095403326,1.0158060508121727,0.2621076306186459,0.5557784097506377,0.960888821422613,-0.40558436026702616,0.007391771924779928,0.09499593921905332,-0.14142003673701686,-0.436913184753231,-0.21481794027986575,-0.5137580164069144,-0.30114090910757496,-0.24457272920695167,-0.26477386369427486,-0.09712469037451504,-0.7174363719677298,-0.012722339889974635,-1.0965811973994188,0.4864297830690517,-0.4124908001374423,0.7482619220451332,0.8545397856413492
0.336,-0.6106469348061742,-0.520322055409843,0.48373619052067385,1.051924064211904,0.28332272137530773,0.6435596765451879,0.9497619638098793,-0.4411621780298791,0.07339206886095193,0.11237077291127827,-0.18434804282084225,-0.5079952713088184,-0.16439494211710376,-0.609429564059145,-0.26612186995986514,-0.2392420456544327,-0.27683631305209894,-0.15696649402701898,-0.6756963072323775,-0.053989286872750474,-1.1557238439111723,0.5086584057313296,-0.42170798959311356,0.7585641188910617,0.8051173624485353
0.338,-0.5163143663080418,-0.5236725398391132,0.3948716503938864,1.0857542690709254,0.2868331427750848,0.6479804359729407,0.90345667711935,-0.4392706429469768,0.010560679072409748,0.04791689339908177,-0.11813463777325801,-0.5139222486082582,-0.17908526238048217,-0.6429033323337896,-0.27032617769365735,-0.26872273972996635,-0.27121472929464274,-0.10624368334720741,-0.6787657772945294,-0.12322944203448752,-1.1564565825113418,0.5437644328066439,-0.3989233428058385,0.7055731439063126,0.8157814895970152
0.34,-0.5690912561296148,-0.5173298109153512,0.4077112944223559,1.0424772961710806,0.2878374812047958,0.607932075814364,0.9350831719775886,-0.44740996296279234,-0.01746470600435247,0.06942631299141755,-0.14723122970783786,-0.5123299328573666,-0.18866003602131032,-0.6548003643106233,-0.3409213840790195,-0.3044562714527643,-0.25831467189528434,-0.1643835521697613,-0.5777223952845919,-0.14948895327124345,-1.1262188065612724,0.5779875694516423,-0.4763989364423416,0.6531979822613545,0.7532514974897023
0.342,-0.495468174287581,-0.44354426234303623,0.36322453745183575,1.0404293638571007,0.323886913502297,0.5897569989512157,0.9586575295274781,-0.4540983405667381,-0.02977558852263466,0.07178810944605621,-0.07608725419663813,-0.5317984699675415,-0.23128305522953171,-0.5370806222409436,-0.3665359660139892,-0.3038880866838741,-0.30819670658264703,-0.12569475581284706,-0.5934019754125871,-0.1308430079172671,-1.2277288518419336,0.6218593734184442,-0.44878178040666833,0.6637921449857409,0.7415253224557282
0.34400000000000003,-0.48490817128107677,-0.4434088369911786,0.3620926005395178,1.156015647792541,0.38080884087792877,0.6172432229960894,0.9631271173667001,-0.4556137635685362,-0.043871782997368707,0.040837000786296575,-0.05307780404722175,-0.6123157467734596,-0.1833292889472738,-0.5724800848936209,-0.4284752949335884,-0.3067992196631698,-0.2089749088020042,-0.1599683472627756,-0.6065816801283355,-0.13996723393075958,-1.2298985541930794,0.6991122157145208,-0.47068349802613324,0.6079895205235814,0.7611364698374052
0.34600000000000003,-0.38429938414844433,-0.5111360003727076,0.3544386222195286,1.2039722811548408,0.3204077084934701,0.7202063869622986,0.992501586672863,-0.4343780955349686,-0.08091669576211624,0.12795438190799044,-0.07815499964019174,-0.5510773783262259,-0.14064062431634242,-0.5695514416110641,-0.41815330730579764,-0.2992663895525989,-0.22504651983868246,-0.06572475764906374,-0.5323603807937366,-0.11596480670143854,-1.245714352837772,0.7304351690330562,-0.4583195113848975,0.5261174807371866,0.799987882917025
0.34800000000000003,-0.4216390667362744,-0.5181114375471199,0.39630371545658993,1.215195732635873,0.30114113681853544,0.7004538253942222,1.0020373962349252,-0.4405369486090486,-0.05551500503236452,0.10572328016791106,-0.165007948211145,-0.512195957101612,-0.08369081094607145,-0.5567060646295428,-0.4560874085720915,-0.3700515052237087,-0.23266835232096944,-0.09844393274454785,-0.53234837597864,-0.16393637576857367,-1.2527759101981781,0.6860004598806592,-0.4761463260992678,0.5101861747151246,0.8280106654164753
0.35000000000000003,-0.4432816290030905,-0.49843044128851244,0.4249519068846268,1.2897369322472065,0.30886545983950714,0.6218382731966707,1.049033794937001,-0.48665386360403917,-0.06816401308859625,0.014861788719386468,-0.094690127118332,-0.5284869114766911,-0.031407713317620684,-0.515885280719465,-0.45367944546122296,-0.34114347322495187,-0.27181453792227994,-0.06659358075169727,-0.5363541576374988,-0.1769956185739887,-1.2365561016107955,0.7415881857331059,-0.5180577174382378,0.4716356676027607,0.812387554391684
0.352,-0.4692138987646129,-0.532786367523564,0.46638422025216,1.2948584433789865,0.21041998762850073,0.6152191908926499,1.0472245107927702,-0.40032595223419287,-0.09067175497684005,-0.0037528311798272138,-0.14077470343899193,-0.49115502533692795,0.003233514674673886,-0.45454171149472167,-0.4544075870558197,-0.3946214061516824,-0.20007422600006158,-0.0999364190004046,-0.528003966127478,-0.22764712465960824,-1.2699061395568474,0.7069350396575995,-0.5294565778134994,0.4663126746171359,0.760917763882825
0.354,-0.48219864167487725,-0.598257224823464,0.4658639941143385,1.3155172228327507,0.195631508220447,0.6373809405502203,1.0066531203952374,-0.33112549618156156,-0.1500802248449187,-0.04205865189115689,-0.12994310883491614,-0.470442849495044,-0.01217972764398049,-0.5484824923726274,-0.46668523216827507,-0.3718716322805825,-0.24309171172300964,-0.09013191526936494,-0.4443076456523505,-0.22303884376817398,-1.242176101662796,0.8100637999227915,-0.5365294349995889,0.4894845324752527,0.7985758329124997
0.356,-0.5301500559583808,-0.6511133609587414,0.4707869057149739,1.3082333622530724,0.24951701540122823,0.6001363140844296,0.9785260394639868,-0.2849353948125332,-0.09940741413088999,-0.06966163189097653,-0.10891584944843588,-0.42747870270510646,-0.05246537427618522,-0.5611369033295722,-0.41394726068733184,-0.4201443615463954,-0.2600389335785381,-0.07631664493350374,-0.4429216695795715,-0.20946295308390436,-1.228392630211363,0.8878510802637979,-0.579968647270963,0.4607024832024681,0.7584784910491341
0.358,-0.5145931905820655,-0.60425661111434,0.48754138257020496,1.312771700348793,0.2710669286781667,0.6191699103445074,0.9350578750421308,-0.2898200277716732,0.002964115910924492,-0.06919504983646432,-0.13224774176041715,-0.3614104495496273,-0.0985812307560901,-0.6223950120289464,-0.4596055277352095,-0.35573505462592475,-0.28142241930269773,-0.05339519010573397,-0.47321588546547694,-0.1271361652366037,-1.1983144358813542,0.9313031548706735,-0.5853756590812199,0.4601140126856922,0.7246506522205569
0.36,-0.4698522032253728,-0.5288083083930761,0.5700425152302615,1.3676909624886546,0.2404913743400416,0.6130158298665209,0.9085910089861858,-0.31261325521606265,0.04543534551800717,-0.011254690092088876,-0.16558803079146317,-0.36568216214429905,-0.13201662606418219,-0.5797108332288842,-0.4771852709025679,-0.314477645379219,-0.27869295900143404,0.008983527885432184,-0.401165897959629,-0.1094198180961572,-1.045437746506854,0.9904927849085357,-0.592147601098483,0.41581606207094357,0.7201784125799456
0.362,-0.4831747763229717,-0.48702378596888746,0.5732957211569947,1.4440477113999637,0.30788752381971596,0.5762699648086121,0.9437689813072113,-0.327781282655313,0.02594324506031607,0.03271504317595855,-0.1690603358814012,-0.28959921239857817,-0.10006879774717697,-0.5401108158017772,-0.4922725924699563,-0.34846403553672906,-0.2780658877909822,-0.008742233833907726,-0.4095878908958143,-0.04679855246127307,-1.0965003227739698,1.0045699219930333,-0.6207951800805696,0.40056595163929654,0.717095417686084
0.364,-0.5294566862747992,-0.41797011786429805,0.5776381255999016,1.4688578397249021,0.3070188236653906,0.5704663949791806,0.9467104377899141,-0.3781292186060885,0.08403131884941274,0.028215130863013214,-0.17315657265500478,-0.2876983922116904,-0.08574954565006983,-0.5120346039313278,-0.47873725582170984,-0.37807998970961226,-0.23183301377407178,0.006037833864868303,-0.42704073764738076,-0.05128143994918014,-1.0914409940508607,0.9685525328088472,-0.6290116836220315,0.4159795292295301,0.7413875740155429
0.366,-0.4858696746514266,-0.43767143587617446,0.4954227777820749,1.520810472341393,0.25917844876588764,0.583630252868688,0.9735964361617818,-0.43428162644237855,0.07054793741392468,0.06413637025683094,-0.21655264360215087,-0.2700592347895395,-0.05809262536247149,-0.5096595359638526,-0.4687545053806572,-0.3405699760371731,-0.3050657588997968,-0.012789970937755657,-0.4455727758007413,-0.04130191234744714,-1.0117149209691916,0.9855965894882294,-0.5773947850367049,0.4753063812081708,0.8092738826985937
0.368,-0.49714799892964734,-0.43887230877165323,0.5015646893283927,1.5137985614456182,0.2526872735967087,0.5435032793500377,0.9947132600870061,-0.4386159580652546,0.030195965615525525,0.05710556135124947,-0.206908707217649,-0.18818099054778809,-0.030671943196285262,-0.5125219017606372,-0.48784355894203196,-0.3545228864762206,-0.2430995030748226,-0.04493540276209514,-0.4063651235657546,-0.09658124449098776,-0.9745051757445944,0.9617111889337687,-0.6135882837404787,0.49527431336045713,0.8437416845274778
0.37,-0.5290824927838496,-0.4086894004350495,0.5258563904422454,1.5184410426795318,0.26778743434204794,0.5127723628815269,0.9951802653044913,-0.3887445913538812,0.08301963178178226,0.08395711071968545,-0.18342587692501583,-0.2249145358969254,-0.04839767295133658,-0.5012684268242341,-0.4745193597439647,-0.29748705799662867,-0.23628124572980158,0.010931884194092294,-0.3646351034690697,-0.07028439355934885,-1.026037051045992,0.9454888309073622,-0.5671586605185832,0.44791112344404005,0.8878247234435368
0.372,-0.5615562737882369,-0.38271791556460155,0.5548503484995921,1.4527716302425422,0.3729328385847063,0.4525090595645794,0.9557730558119175,-0.4498215239097281,0.07109851550373031,0.04382869287070174,-0.18414497721200573,-0.17223441847356924,-0.03297660557936315,-0.46123540465521845,-0.4024214825748552,-0.33022569059372997,-0.20843964550318428,0.01369886336972616,-0.35265889564926994,-0.053761360919893426,-1.0752181488123291,0.9276979424032369,-0.4977234908806837,0.47150355085645157,0.8466876552509868
0.374,-0.5786145751631103,-0.4264858667892399,0.5715233271890666,1.494043112739163,0.33274745723271665,0.45958721793818,0.9937561269854428,-0.4640108480843771,0.08954580487530656,0.039128602264641904,-0.17458589781493805,-0.21161586212227274,-0.03605305272181234,-0.46188054712571563,-0.46857312895541353,-0.2937375988179704,-0.23992747109025903,0.05500649782552086,-0.28076270030108486,-0.03953264064872813,-1.0334696069605638,0.8506766160972226,-0.5738787653362053,0.3552701858766257,0.8382953889068708
0.376,-0.5539534903131139,-0.4233205078662237,0.5353802015599064,1.5284620479585633,0.26481800772993136,0.40489667193576306,0.9650046039513417,-0.46638887298119114,0.10203436759772279,0.03711771021178129,-0.13235976773349617,-0.13672303529157892,0.010489892867133678,-0.4465963070048074,-0.4467435324313018,-0.21208022973438864,-0.20913942569894123,0.04839161453577623,-0.2850815088121134,-0.06927589330940132,-0.9430399921091898,0.8476130841103127,-0.5893492520353474,0.37411578872087803,0.845895253296837
0.378,-0.549563609218988,-0.4247459102396766,0.5680450951025338,1.4304021172176382,0.289448888673174,0.44591360719293593,0.9492600257168755,-0.3860346642390062,0.03234254575491753,-0.01903314098259054,-0.18101297018618645,-0.16709657287373472,0.04425226365082082,-0.4976458445700808,-0.4421173216569263,-0.20741644357971695,-0.25891775909967313,0.06561121903251942,-0.2620182523110609,-0.07665605268768047,-0.9645594026898492,0.8655409425671479,-0.591197435708128,0.3002487421478199,0.8021296571847539
0.38,-0.5489446794360304,-0.42476903106748887,0.5553532336626693,1.4375212710786558,0.2618278910152078,0.4538349337404772,0.9892872269632582,-0.3526120120491473,0.023446425191131777,0.08640876285431237,-0.2379497110211204,-0.1999598020034554,-0.0013532901314254955,-0.5154505734994389,-0.46236607476981545,-0.2775706570484396,-0.2134921614500756,0.18720204105467847,-0.3355587927659286,-0.057442753135346636,-0.9812848247785946,0.8915117113223053,-0.5576665204774068,0.3272757407443102,0.75477327076103
0.382,-0.49906282654265177,-0.40592982616610573,0.5265106950616674,1.4866144233022809,0.1858188595330187,0.4239122439461422,1.0538600659435193,-0.4119546418696853,0.028958740028998307,0.028850994445079804,-0.25130019372927004,-0.17374730150067114,0.11145614655169972,-0.5617768835825748,-0.5079501464268815,-0.3285897912987245,-0.17706248726553137,0.21289587539762878,-0.3197947976777783,-0.012764404781669493,-0.9993521213982464,0.9095421262410481,-0.4676020847492002,0.3521641556322849,0.7087692129349057
0.384,-0.5538770287684907,-0.3857857104932653,0.5275187064597923,1.5289772162331725,0.223303527892316,0.431276364599346,1.0400601917940668,-0.3762651795721462,-0.03211445839366534,-0.01703955294786573,-0.3123036778444839,-0.164247438703038,0.06255768230527478,-0.651388017496903,-0.5432241357245627,-0.38234888624548574,-0.230630100755017,0.26612974718526905,-0.30405974142212905,-0.07331079528541432,-1.0268329256898872,0.9139443708996627,-0.4542750430116251,0.411574479751959,0.7966673310060371
0.386,-0.5165600240221463,-0.4104117914906461,0.4921178318183709,1.539017934897282,0.19014826950702812,0.42068604140616006,1.000035022092189,-0.33800879781534665,-0.012824681829408338,0.0027772232082833442,-0.2462882719537593,-0.1700930544840419,0.04938235631297207,-0.6296393589524226,-0.4909708176567893,-0.395449321905571,-0.2228792643041067,0.2784232329260841,-0.3877517988178924,-0.018208902611928937,-1.0462023474098816,0.9288399073196763,-0.44033166692472986,0.4489048442145025,0.796810598232124
0.388,-0.5387757622034116,-0.38758836321406687,0.5113988526131354,1.5515535818752435,0.19875654489936487,0.36056844391555737,1.0259072294482035,-0.28632709532441114,0.012633792493042972,-0.025213936229536424,-0.29553397531885306,-0.2236631510723706,0.010261077936735134,-0.5979271250534735,-0.46599794262095523,-0.4293458825245581,-0.2404235424093539,0.286205721850435,-0.2877890630630205,0.013845272462864842,-1.0249954295578785,0.9074806130128044,-0.4406912497574541,0.5184680087333934,0.7143151181879391
0.39,-0.5488923050448306,-0.3343971235671927,0.4382889383102472,1.4780992130217352,0.25213862382534313,0.38385026302375835,0.9518521267908862,-0.2946246733326758,0.06287290861277098,-0.01942060013737968,-0.27926252506808685,-0.2558369920179097,0.05723100301381677,-0.5597716846682577,-0.48875950361672604,-0.4030794462076258,-0.24124869117099126,0.28244085236858607,-0.1794001413891051,0.011487807672227368,-0.9757167804191333,0.8858710102157331,-0.4241443897488293,0.5342034824239427,0.7827545594259636
0.392,-0.4839279887004794,-0.3767730787314544,0.4386915204298167,1.4619115515379224,0.27179836237583666,0.32256795400373406,0.9358675143411758,-0.3354413822010041,0.17602701808664517,0.018952755295018567,-0.2233782970040435,-0.23050384661995008,0.06513620630138497,-0.5108718402954174,-0.45820720681078386,-0.40030795543904074,-0.2871594143327586,0.2070998512344061,-0.16554367534753617,-0.01356756804054115,-0.9704988701042286,0.8730863913200806,-0.4704041927898909,0.5561153449512718,0.8164430447910854
0.394,-0.4267897418013484,-0.3455268929672626,0.43917242326475525,1.4488882895940027,0.24339397381990838,0.360364223396198,0.9799156129841208,-0.37076950491012783,0.05850173403033487,0.008198718774749586,-0.27880490950090026,-0.18101211994862684,0.017959001928962832,-0.5194670244425842,-0.4632922190360148,-0.4574213201550465,-0.32668030278552973,0.1722830286086201,-0.15162203587715115,-0.07985708050565712,-0.9721219427103839,0.9245876021668712,-0.4402991949743435,0.5124445290519423,0.8079299435900682
0.396,-0.4485970774802378,-0.4086241909088459,0.5092803601769628,1.4010748071769905,0.21325550007244057,0.3517913540091706,0.991634305618735,-0.3677335299569291,0.0748573957847349,-0.05167752446495515,-0.2324057424761286,-0.21280662483981125,0.012788042677414322,-0.532917429129095,-0.4826373362258789,-0.4819757708500578,-0.2529774313522918,0.1507347993615582,-0.08549221149649268,-0.0677494842132226,-0.956174895308463,0.9349743953413918,-0.4069246387570756,0.5612754846891659,0.7958856401097679
0.398,-0.40818841809124967,-0.4057328830608987,0.49342224399825474,1.4285127006638725,0.18492265506309177,0.3894197838947977,0.9820390216658262,-0.4243623645896281,0.04206236022683988,-0.03416919483347321,-0.2045776999479522,-0.2612027790592102,0.004593945035169333,-0.5397474863780273,-0.47991658467411513,-0.45406406337910904,-0.27999296433137466,0.19998255813655036,-0.10487246623394203,-0.03482564387139758,-0.9374284681552693,0.9852106484425033,-0.3736301531859244,0.6035409503830282,0.7252695964918282
0.4,-0.32039198023624954,-0.4252286050505749,0.4936756014089893,1.3271457664480557,0.22751480024816173,0.3908888527866427,0.9401025359575385,-0.36898648603603706,0.12090277165190239,-0.011371955437614902,-0.24928196037184555,-0.18928048702721303,0.00292370022988381,-0.5827090657444565,-0.45903818760756177,-0.35337155986661906,-0.28771490339102185,0.07349312632597857,-0.1273991937205639,-0.01301457233642712,-0.9324026640334317,0.9237400353637364,-0.40287373498144297,0.6642184397155195,0.7998854730090121
0.402,-0.310373119327391,-0.3281481282659174,0.4750359505268237,1.355068098496125,0.19461149781954906,0.36820013952504443,0.965801401449782,-0.415599512073189,0.09014616978936278,-0.030403719543209348,-0.2814646711998058,-0.2160585340598772,-0.11174765638880231,-0.5801755249785276,-0.5141167673973044,-0.32011163989130426,-0.26883054650565197,0.07352808180628109,-0.1313782493765033,-0.018698673363739815,-0.9309401463074597,0.9181582920357365,-0.30194108061889363,0.6706925148857404,0.9083104488885907
0.404,-0.3172830589144986,-0.275332785643098,0.41733017237956427,1.4265747687908106,0.1912499064611551,0.36872657260426456,0.9295971376872401,-0.39820290562398347,0.12356063290142266,0.017655423710208965,-0.3497286269077669,-0.2123417143179442,-0.1507654471657729,-0.5440185899214709,-0.521040173076455,-0.29408732015745453,-0.27281728175121156,0.04871689655421976,-0.06598936045216812,-0.04718329526390429,-0.9723128170957188,0.8676373259124387,-0.291090789477961,0.6119087941022499,0.9472271227073392
0.406,-0.31947049603730604,-0.24455744211848165,0.4369443964297785,1.4148495655084505,0.16760319720382727,0.40312130737795815,0.9826404773636604,-0.452150864664879,0.19729418104073584,0.04297689649036253,-0.37452515273344467,-0.18594404650606605,-0.053738364226673,-0.5830422726742729,-0.47046200331242005,-0.28454542345206535,-0.2707387349483419,-0.05679359667402706,0.017969077393932192,-0.0925498188638871,-1.0392104602843502,0.7664574875504494,-0.34253310585234503,0.6144389958961334,1.0475621776167652
0.40800000000000003,-0.38386998181155607,-0.20258681821209812,0.37250216273338327,1.4653643844261952,0.17559999158656406,0.4389120953494048,1.0424499777405536,-0.47590195531056195,0.22073962289529508,0.08676085955083888,-0.3547803490606575,-0.1526409537115084,-0.03577135336180296,-0.6292832218852181,-0.46281443914501247,-0.2733556327390054,-0.20894046107217518,-0.08038582155700298,0.03704582839029993,-0.1638608073942435,-1.0552639436058657,0.7543046475129083,-0.34444669189690447,0.5959560838464389,1.1110156756960197
0.41000000000000003,-0.4288340614976196,-0.16450500287627412,0.41470875914449656,1.4390142068013463,0.20696181223168109,0.4545659019257709,1.0343756262899073,-0.45880634004412485,0.24695916069311563,0.07412764269738122,-0.31808829646403003,-0.1948500091931983,-0.009378107142987587,-0.7054072007776203,-0.42446608513743234,-0.28028441322132946,-0.2024906140071587,-0.005501632036220866,0.0336825351572543,-0.19086793307099742,-1.0794942385135624,0.8065514718143717,-0.4075688433448411,0.5913050810283967,1.1630138172106446
0.41200000000000003,-0.43696038195838,-0.10537968945633523,0.43456936583780764,1.4608640764805914,0.16236644933561944,0.44117468334649684,1.0258386302483467,-0.43235907894290276,0.2691997127936749,0.09444978223019024,-0.33488566530572234,-0.1949965912857147,0.021478966644384433,-0.6602587637318447,-0.3592004564671103,-0.32271491149706283,-0.13625242977622032,0.045162732367398775,0.03395628224097958,-0.23024731863120193,-1.0928916716711614,0.8415636580099304,-0.3962583549841453,0.5839721122918752,1.2013688602164803
0.41400000000000003,-0.512607356037514,-0.05526072685163597,0.4431696774790228,1.4330416277897349,0.17197315738684055,0.4601146829991238,1.0558961251865067,-0.486911547818966,0.28941342833385514,0.07479089087864431,-0.3994108628405107,-0.1534511814453158,-0.0037039770476550334,-0.7432751050231009,-0.2786298076688578,-0.4143750043931683,-0.150057674290754,0.09095896171671536,0.048484669163650296,-0.19036909306981747,-1.1863523730197438,0.7929094523095093,-0.42480906055708656,0.5384624343254055,1.1920203302055683
0.41600000000000004,-0.4311550666879293,-0.02839605823135457,0.4334255594980643,1.4166721859675628,0.14808630555676497,0.46616779210604165,1.01568193228186,-0.41654368982937895,0.28674227180896,0.06013314127491731,-0.36665768581547326,-0.1590045148876562,-0.10111213918299615,-0.7132556760813775,-0.20762398164163318,-0.4566465974315503,-0.12304405228935408,0.11891318542508016,-0.018270960167317565,-0.2135673455719665,-1.2507284045944718,0.777438417773397,-0.38760613480409245,0.470977796149764,1.179698274899934
0.418,-0.3840215759781496,-0.043983798557581985,0.48258067401930804,1.3397604745994582,0.17739897509374417,0.5632904215473344,1.0469559581899028,-0.4133058739725701,0.3481770529240942,0.06326923023435817,-0.4538622580171587,-0.2042940163663814,-0.1477597942222157,-0.6506973991564042,-0.243013769421572,-0.5117180289430436,-0.11866636207785206,0.10303208510225749,-0.12765295744347022,-0.1874086763516804,-1.2538703830189042,0.7780778009776638,-0.39845996637998227,0.49644138204008864,1.2513689703352708
0.42,-0.40168211829817907,-0.12177588647203522,0.48647811674755836,1.3350338427744206,0.2413951059500556,0.5653772677602398,1.0054617219796138,-0.4068591694858639,0.3123459158434072,-0.03168582383015488,-0.41559934252746755,-0.1706468737459313,-0.1736862808937361,-0.6631617180786602,-0.233159569237938,-0.4874989731377986,-0.18332127861923792,0.1340524709059871,-0.14017818803659346,-0.12427961915780786,-1.236795469134791,0.7709804879693427,-0.3488561404523565,0.46012031979613904,1.2293756352044374
0.422,-0.4068761800693213,-0.20012917653383636,0.48142495311871275,1.3480998438363465,0.2737097241842796,0.5507849207071247,0.9926296139497461,-0.47295339707434997,0.2302250832549,-0.01763412614884413,-0.45425706031630864,-0.2504420696724594,-0.12980337495440936,-0.6716466214582578,-0.31770603942327585,-0.48008284237515336,-0.23025075574053727,0.1872427870745557,-0.13573527351808265,-0.09264143767669479,-1.2401652570754327,0.8343684290391286,-0.28735215853514035,0.4791328417995284,1.249003015201015
0.424,-0.4373380138334647,-0.23747995576775743,0.5167359388322611,1.428332258792998,0.2622374166933345,0.4628492521728564,0.9782446029979233,-0.4674275974699912,0.2110426319881351,0.0002153230232549673,-0.45263525450612535,-0.24541945771405319,-0.16981760355640485,-0.6187311660239296,-0.34610639861572645,-0.47393804064238465,-0.14560112330185593,0.19436897791759028,-0.116801676579422,-0.1545335481009621,-1.2537004665904314,0.9036895776664149,-0.319307937588503,0.48310793357721216,1.1454185398887415
0.426,-0.379743634134872,-0.28508685174130294,0.4784546896961129,1.4333857028245551,0.29374596131036895,0.4986704557030164,1.019749183217002,-0.4951465975560096,0.2293301488765148,0.05179939480306531,-0.4745177964981117,-0.2778446998875003,-0.1738492126194723,-0.5458678118896056,-0.3394389744580959,-0.5131035481757404,-0.1260270549055764,0.19598193494234753,-0.11516609314936031,-0.17384261666480771,-1.1356084919647353,0.8784266186629628,-0.387709031186813,0.48640655393941645,1.0883220696752136
0.428,-0.4281639237546929,-0.2842135632026381,0.35389101039241855,1.4181502778744928,0.3092371255927221,0.47529965921781,1.0070307218177466,-0.45975993110367697,0.22853207379195847,0.055036500508321,-0.49635808563038186,-0.33388014729896365,-0.1556458832406167,-0.5481225017200606,-0.3024226411691153,-0.6028344782315127,-0.1390196385499145,0.18353492316115547,-0.12138216129208979,-0.21223516485049368,-1.0926303740404648,0.9025404839453035,-0.4336793199539807,0.42249844250328095,1.1544555832442263
0.43,-0.4259882212489774,-0.22813881228478694,0.3734155545517002,1.3261327808533725,0.2543015306561194,0.47168163977956257,1.004893446302034,-0.5602406321744561,0.21873022711974213,0.06802872460925571,-0.5999989690186822,-0.37066631793378946,-0.1443328363493642,-0.5165034270554589,-0.30292061928329445,-0.5889768477983687,-0.0930731295258912,0.17254001906347421,-0.050998158508799143,-0.20913695961779963,-1.0676622834927263,0.9166676323868145,-0.4116063923905983,0.39687456724597925,1.1634383454860484
0.432,-0.46676465150128876,-0.18994860049955564,0.32699980454541905,1.3697852923845621,0.23040399155262312,0.4304900473014597,1.0513925085417644,-0.5608507357520613,0.1955134581301684,0.07825970061790803,-0.6454163013323603,-0.35531728605238416,-0.15468496321267483,-0.47680405231599465,-0.2443644048182923,-0.6276311792588977,-0.01981471056449499,0.14302815355937132,-0.0577093235895049,-0.243559702572873,-1.0887159066312155,0.8807928187376131,-0.3547791091014501,0.3378332403352489,1.1157586800245454
0.434,-0.5172987566794396,-0.1740583353599202,0.3768899228061159,1.2769292079967405,0.18943457063117217,0.33904964201570253,0.9994364438709606,-0.553644612006607,0.17447034489292426,0.01799487270625244,-0.662080801426958,-0.3875595722462737,-0.17787163788751886,-0.4458286184659714,-0.17246904763538684,-0.6732467774916928,-0.07657455997890977,0.0504797805031343,-0.10518487408284921,-0.24956993127515467,-1.1365416359543676,0.9154960700499984,-0.2940255695113199,0.35355025295322556,1.1702260095207293
0.436,-0.471025325718243,-0.19873809934512862,0.3514948885345018,1.2938594610571577,0.18781233833183886,0.3521266048494395,0.938699076289411,-0.5458213525851678,0.1797286735299178,0.04533368676308257,-0.6050458028426352,-0.3939516713757646,-0.22171445203421491,-0.47872816085986675,-0.20133071506794206,-0.7163851207257635,-0.09841721085916474,0.045258693703075614,-0.10262039814666406,-0.24492722498812355,-1.013371013372625,0.9025369827007832,-0.33076555090101656,0.3505318591448405,1.216859843666034
0.438,-0.43665196540066004,-0.2654746478748336,0.3437780442921909,1.2538477190510553,0.1644227688601903,0.39925502755992326,0.9088273734311316,-0.5195989694428771,0.13793019936785494,0.03550962282650584,-0.6081127809175036,-0.4327048665992377,-0.2494564893920616,-0.4748669973179274,-0.24084988692966539,-0.735866149509869,-0.11158142416821795,0.07024079375264461,-0.031034890232551224,-0.21040182731344328,-0.954700581658662,0.9526846413112083,-0.37488305341330097,0.36565404291591175,1.2928383275628048
0.44,-0.4589446391230122,-0.19502912370383407,0.38549219238898236,1.225848140230587,0.1844234903144076,0.3953933741041923,0.9691110934759282,-0.43604449442777077,0.11511108223791622,0.08831922262067504,-0.6786355258202481,-0.43509776929640154,-0.2093817620225588,-0.44231297418952437,-0.13817708750607824,-0.7556368164567903,-0.17629688617455158,0.13906342704944089,-0.004185934778251188,-0.22948179951069836,-0.9425451503062484,0.9121881441921097,-0.38370002047833757,0.3386395979523935,1.3417742183209005
0.442,-0.44601789057661306,-0.21415940078150625,0.46602257597664,1.2488004320778618,0.21801515624312193,0.43280312372468965,0.8990307925538246,-0.42959181328623963,0.1297599689247973,0.07675263198417402,-0.6766318665132365,-0.5161948438070323,-0.21073269643763298,-0.43827372060716724,-0.18016518599396172,-0.7354725608925998,-0.15349128914879917,0.10128609353053533,0.06604390424316481,-0.27677580629303994,-0.9733285733215122,0.9404515498630616,-0.38932894315696875,0.3519227850837486,1.3663352974360954
0.444,-0.4641242817895099,-0.24205739221186187,0.4302153861694868,1.2245427319137512,0.2414015508050164,0.44528563173029406,0.924561124956435,-0.31993926251843585,0.16913000449152166,0.07124273457048994,-0.6881582177848385,-0.5050163353689776,-0.21653669745831214,-0.4424010476799649,-0.15153259973753033,-0.708747509059743,-0.14592952883445473,0.083634188036368,-0.016219304978997998,-0.2520787831109039,-0.8494471464749841,0.8890683991130077,-0.4097400450605306,0.31370651246692893,1.3608899541520674
0.446,-0.47092661844558664,-0.30964441591999853,0.5102225604557111,1.2646601601722507,0.2475906602418742,0.4004087033784262,0.8748410783177363,-0.29211489265499224,0.10800119993461896,0.03301337793578064,-0.6642254149054615,-0.5399261211279067,-0.16162950192356104,-0.4119072352178179,-0.13713546065822718,-0.7216815870055893,-0.15271726384427953,0.024464168105751444,-0.03270671547874365,-0.18709403871433175,-0.8683851725585663,0.8652074174468749,-0.40540191391988817,0.338326501821787,1.4197639358599958
0.448,-0.4476857996059576,-0.30242300597226984,0.5044757619198792,1.2267516741589815,0.22879017605280608,0.4507294177398587,0.8822346939721826,-0.25566524664251167,0.07170624594014299,0.09149215663931565,-0.6265760921178581,-0.5017273709129644,-0.18545574444741902,-0.38294213285847634,-0.16779153283386583,-0.7749126647872799,-0.09587890653161017,-0.06648677508425904,-0.011584887527763973,-0.19343348578920072,-0.8444956498485354,0.8372950546138342,-0.4247585686809073,0.2717983763499783,1.3247852917277525
0.45,-0.4345159779035463,-0.3451359673208335,0.42449532767781795,1.2196397008185484,0.20596968442568034,0.5217493712091491,0.9042031807481291,-0.2972295517925507,0.05808550957504573,0.08940289801516402,-0.5946681744413039,-0.4719390479072687,-0.16862479636009048,-0.4290293369495639,-0.1400654565242171,-0.7634482194709147,-0.06417802484917937,-0.09546607128849885,-0.0604407155902462,-0.19206500528689371,-0.8861287216728825,0.8506927722660831,-0.33250687577529103,0.21421171691874122,1.3223740289051353
0.452,-0.4796735423558491,-0.29837318451543104,0.3668574201702698,1.1660031871432692,0.25575725572981833,0.5298398097732763,0.8446584232700176,-0.28709075178239707,0.01801819728734043,0.043498621405949046,-0.5646407232782663,-0.4495135283474878,-0.20205883473461006,-0.4568148649578285,-0.15823287143763504,-0.7478371878183699,-0.09573539687489466,-0.16525244556154745,-0.050665704064680316,-0.1266529871850165,-0.9181905441530069,0.8241650932317418,-0.290278466134028,0.20716480591392356,1.344812271127918
0.454,-0.46825491772298516,-0.32759223383636604,0.41338823730783925,1.101428621937244,0.2643004156094478,0.5304537772645226,0.7626495749699229,-0.3002690446451529,0.07452114420729929,0.03076511268324361,-0.6144178763741992,-0.47309883509118156,-0.1887764857915535,-0.4995362390513058,-0.09787327794557285,-0.6831266427743751,-0.0757753663622018,-0.2629036934334385,-0.07513834416275825,-0.16554542950318069,-0.9729404203767432,0.7940868034727934,-0.2790630928670533,0.15027209067855962,1.330341286721384
0.456,-0.49262030025522363,-0.28341395320854007,0.3701259421371441,1.0613548731930869,0.31240176996109686,0.5386072636314854,0.7023593850787324,-0.3401240353549008,0.03787366507826553,0.10659234936632214,-0.5793784531163807,-0.534652268901688,-0.17512423019803083,-0.5025008829327055,-0.0821820482029606,-0.711775670118275,-0.07831860706466032,-0.2967113696829448,-0.110480540591631,-0.17781607235616007,-0.991289228015397,0.7886854586466786,-0.27540136463228226,0.16494536085259173,1.3402791355781254
0.458,-0.5566737825637306,-0.30553083933427205,0.4297310334747302,1.083109727557412,0.2886743794759458,0.4747018735476214,0.7829028851671409,-0.2738961124260573,0.045554518609511985,0.09005810614869152,-0.6041242618532593,-0.4863673208555461,-0.1388653622047311,-0.558170289202126,-0.13781594926152108,-0.769528184887102,-0.09159324101113371,-0.35056416041299593,-0.10101518792271583,-0.1543238674747188,-0.9906047398514621,0.7645445162866064,-0.2524248257092555,0.22194927168625658,1.3425841665973945
0.46,-0.6269596815279104,-0.3472199621205262,0.41094575764598157,1.1184480794579992,0.2923543654228316,0.47908427387779,0.758522441251613,-0.2110811729006272,0.038825420285677946,0.09682515467688016,-0.653173881070661,-0.5076214664812523,-0.05737069785129731,-0.545463542126554,-0.09875176112371926,-0.7690980911584435,-0.06646611348164866,-0.3513608072971313,-0.1049833671802888,-0.2092469342874831,-1.0738297801515846,0.6876319238401307,-0.2590600126953782,0.19009656005354691,1.344111196183258
0.462,-0.6425314568377067,-0.39496776681869394,0.4359969107813639,1.076008999201422,0.27689042016233234,0.48333147640737856,0.7358866318517455,-0.14564667007477297,0.10117528166188888,0.07634950724435542,-0.598736450949369,-0.6100167789385988,0.02211167918842108,-0.619813721719241,-0.06939011399715754,-0.7291195443480017,-0.12428602721047828,-0.27679501763044645,-0.1426966173977352,-0.1780063924795541,-1.0558280554073678,0.7246359575781228,-0.1998391483691042,0.24006756025963077,1.3036349595918157
0.464,-0.6351990705591121,-0.3595852986866377,0.38108708797966195,1.0829272915405261,0.285949083802372,0.37977511984535367,0.7598605710577298,-0.1736327913069051,0.12073667024465064,0.10363392683210937,-0.6874442679268221,-0.5957264759504819,0.0006180553240400684,-0.7177722777725534,-0.04176958331761104,-0.7114264658334858,-0.17329888003194718,-0.33507378099384544,-0.10717629574142729,-0.17308309922836357,-1.0559256405906332,0.7856755988031416,-0.22633252503836665,0.256128812817609,1.2700982734651756
0.466,-0.5889849214000646,-0.3178783085163129,0.3705214395388279,1.0067772066027123,0.31054553137142843,0.3866304288435828,0.8440580067909944,-0.15574976719959896,0.09168616216919086,0.04526648024799822,-0.7130470227846238,-0.6106402219873758,0.019567395558589752,-0.6878893901494836,0.006272659007546859,-0.7898634965186478,-0.21855966753292538,-0.3428951593764581,-0.08843881240205834,-0.26379363790750365,-1.1224517254061595,0.7343888470643999,-0.25806312285192706,0.2562489820522217,1.253468696231923
0.468,-0.6029954514653025,-0.29996776827605076,0.4013765734004896,1.0706614399225216,0.3170308900924597,0.4604576266859789,0.8414031782003231,-0.13753678334983568,0.10584155850075096,-0.09485744510620743,-0.7036389840140407,-0.6428569133919676,0.03715965897999653,-0.643218276237239,0.00933247198968277,-0.8110170900597232,-0.21118351590411621,-0.3618817152216954,-0.06266052569189848,-0.21207755497336447,-1.1346780415642528,0.8397354776653013,-0.2375766368177127,0.22260046731473035,1.2964740901225034
0.47000000000000003,-0.5593072225403363,-0.29591679868303183,0.378411902027981,1.0909494418776062,0.36655005551045206,0.3512652015207977,0.8229525222155618,-0.09951999242699958,0.10086921542375706,-0.12856873268337107,-0.6502920701920936,-0.6795436245416732,0.05024009804678116,-0.6864126135342105,-0.003942288038492121,-0.8536945722017522,-0.21813106272959515,-0.33664980333836,-0.05143570777763809,-0.2658200418339379,-1.1328474323297402,0.7859332323102206,-0.2521561797279865,0.1821572631407213,1.3230198289296757
0.47200000000000003,-0.5306134708614231,-0.2831759161312209,0.3532185296345866,1.0660223199413936,0.39061219158874033,0.39297158417198536,0.8347015745103046,-0.06536639590445635,0.16325192840089237,-0.15474699925584806,-0.6155967219454541,-0.6540511643358922,0.03760828711605509,-0.693062118085009,0.026968199421133474,-0.8797482029804724,-0.2690211716308398,-0.2791785144961022,0.009285539880268638,-0.3226448298338037,-1.1264945639640032,0.8004982206868945,-0.3375075548403577,0.26124389563881245,1.2855348261789639
0.47400000000000003,-0.5460123009363963,-0.27893813631090925,0.4036647739192293,1.0487760313973598,0.3393514797245808,0.3682903898915232,0.7908609040141631,-0.07001730686406918,0.14709977448453063,-0.16568205031444527,-0.6555276308220876,-0.6593054371424008,0.12078529310027175,-0.7261250131646302,0.03808906681115936,-0.8970357578183521,-0.2185612959914519,-0.3827639737499811,0.014569023537139614,-0.3880954519278113,-1.0915783599465505,0.88436924255094,-0.33871465795488975,0.2263853028512493,1.3390414374277941
0.47600000000000003,-0.5037025800809782,-0.21820008633669183,0.3814269334830183,1.0041656319903087,0.3949985706312652,0.46691337402666216,0.8351170039327304,-0.016092115174577787,0.23147171061619687,-0.23830397534997688,-0.6808203294065839,-0.6486652362130957,0.17264134548344684,-0.7494709747915959,0.018203413028788983,-0.9468646622304955,-0.21845626723370715,-0.33550236140888806,0.007132495098363396,-0.3887040684350918,-1.1111458995015537,0.8246387662592017,-0.35303746126334695,0.2615599373762463,1.2696848721369955
0.47800000000000004,-0.47047627814532506,-0.24696466900331504,0.3214424879860005,0.9675768551286508,0.3520830851203458,0.5080425295852015,0.8505421165165381,-0.010426108827620018,0.21610921050363668,-0.21631320480563868,-0.714188245984313,-0.6682951166260347,0.18393955290743122,-0.7737978503226052,0.022796721963982566,-0.9833722843933141,-0.21118335301318192,-0.3619896417023941,0.09307917312252845,-0.35728958147638323,-1.0983515922213012,0.8597998559836955,-0.27362258205806333,0.27879583982228945,1.326789809886629
0.48,-0.4343977852897998,-0.2504644919714629,0.34747425493115425,1.0245154233447116,0.39053711193157353,0.5683348634766859,0.9274971735038677,-0.05596941554513344,0.11533510386615625,-0.196826743010348,-0.6735436286385224,-0.6806835096681901,0.2155460087108639,-0.7987627827422071,0.02618211130500412,-0.9217655568879966,-0.17300412299105394,-0.2822533961634406,0.16257680940262498,-0.37632795294515764,-1.0657998796957515,0.838748849222734,-0.31030742309423565,0.2641592635524129,1.4585512022577005
0.482,-0.39424601002384907,-0.2556339837167958,0.3957822885302926,1.0792307474175395,0.32871437722531005,0.5355416603133437,1.0082395015941135,0.027044623764350136,0.11599169309518705,-0.1260438961005625,-0.6333089116126631,-0.6049001136072404,0.17251850899163285,-0.8656132889603516,-0.010326871155995364,-0.8856138240430963,-0.1520400226903318,-0.31420115458127734,0.20143890740525028,-0.4476847869437804,-1.1043731415990061,0.8430593905736351,-0.261631469287517,0.31905137043815546,1.4840495562439127
0.484,-0.4253554071827621,-0.19127361105959123,0.3691560707460696,1.1219505318173755,0.3777574776294052,0.557582129821749,1.0636169750071083,-0.000589658428970824,0.02741034703780175,-0.1378096519531678,-0.6702563864088082,-0.5773299504447655,0.1622214077267951,-0.8697976289799183,-0.024951715280094936,-0.8655205269351662,-0.11235458938023599,-0.32210702654694956,0.1572475624631004,-0.42297278599246735,-1.156401926742124,0.8393956570941236,-0.35455718457106383,0.2695735442551583,1.4836495668180079
0.486,-0.48059526123969265,-0.18479493736813027,0.36023417361584886,1.1933369697695013,0.2967448963765374,0.5884998818561965,1.0558231366385382,-0.04535259450732856,0.05574500155801844,-0.156670141457047,-0.6641333160067605,-0.539095108147048,0.1219810137316095,-0.899414984906013,-0.016756499521189086,-0.8986121805399047,-0.09310473739766043,-0.2888981286170932,0.14233476034873752,-0.38917722823384804,-1.1396134756881133,0.8706328428337564,-0.41157927662684624,0.2562520935175897,1.4099063421835278
0.488,-0.5294258289856097,-0.2097026745927613,0.3198475612624213,1.1666549852422057,0.19453830668061,0.6587556596293354,1.108846009027673,-0.1186185686327017,0.06722791374979098,-0.14980545059882733,-0.6654638434605925,-0.5412575480599784,0.11282025861653998,-0.9453721755490765,0.028156192920351396,-0.9645971975344184,-0.1350738300895343,-0.21449463934632074,0.21184554876864567,-0.40492146639168874,-1.1643988599989736,0.9171332520701911,-0.47153675187496336,0.2897359613947752,1.3941911253366837
0.49,-0.5172105416477228,-0.21073430992565426,0.3431269904908629,1.2283079055193493,0.28307150006433807,0.5863725150129442,1.2152164669202425,-0.1532272559918436,0.04121071851467478,-0.14561329306580809,-0.7096243309282763,-0.5272564027753847,0.19747967204277317,-0.8446427559592329,0.034144982769984705,-0.9929161218685255,-0.06817454800333746,-0.16095083143754718,0.2670193910211691,-0.32305737671734047,-1.1737530694226694,0.8797473552477774,-0.4556325121155772,0.3084655934245925,1.411559499659985
0.492,-0.5410318834334301,-0.23744601330587278,0.31831917169663326,1.189733671602638,0.2877338743200901,0.6163222947409692,1.2554254756049237,-0.12345211316522156,0.0012918171800385056,-0.15377305798445098,-0.7346408657057488,-0.4937217109788924,0.15557519726392166,-0.7747313054517396,0.023736291121618666,-0.9975488186566424,-0.10364549850836523,-0.152586370979833,0.2712039488425752,-0.3379754744449816,-1.1818472618200186,0.8525199985458739,-0.491268102711049,0.36089123298749404,1.4424078445028141
0.494,-0.5504351960634922,-0.31802743922630056,0.26910932975722845,1.1623069316042887,0.2553093126265513,0.5790916335970046,1.2750287158083702,-0.12264423958597742,-0.1246994465669364,-0.19466211150337126,-0.7107711303705206,-0.5213852611354964,0.12485878062388825,-0.8085248267358244,0.008414678010566135,-0.9124795161077858,-0.08184941603430879,-0.10655229592909934,0.30217356063748996,-0.3327872843688721,-1.2733437864502168,0.9007361266585944,-0.48429972690601925,0.320717654211993,1.369312242755139
0.496,-0.5503806025823831,-0.36916584462443386,0.27702601822628475,1.1107052518386444,0.2554624101140497,0.5475426953010953,1.2808737452597092,-0.1001084855479663,-0.08141029284064644,-0.13288454283606704,-0.7003804452146211,-0.5462450833306692,0.15392978994333203,-0.7354250223215577,-0.08852929962137866,-0.8601871973071075,-0.1401441584833675,-0.13742654998371948,0.3248983461074495,-0.3203852679191288,-1.2992736624294086,0.9401135113940586,-0.469592495992509,0.37104843903984797,1.3453991513264276
0.498,-0.4767117382888135,-0.41415566109210716,0.3684289916826648,1.1764047315332153,0.2217163393220754,0.5502525074820509,1.3473535041372584,-0.12561887042375403,-0.026354646937815328,-0.17456881908617655,-0.6769532099626704,-0.5411187318596922,0.050511757258134546,-0.7350213372669699,-0.033882124740264294,-0.8104978077082895,-0.1995770364449074,-0.12088022421789289,0.30978442781466065,-0.3220862054648374,-1.3246119016967446,0.9407963289686692,-0.4873746622001775,0.39954987421952665,1.379565103112553
0.5,-0.46151814201616903,-0.42600764046882594,0.4019499368877062,1.1497688912382942,0.23795732533392974,0.60493784295977,1.223093401917701,-0.1351806318906218,-0.045591338285465396,-0.23091506101653675,-0.7242316845127016,-0.5919252590548086,0.0032481219284723403,-0.7243600368310452,0.031022044401990342,-0.8766127500329514,-0.13818630214551936,-0.08520438687571372,0.2486096430842917,-0.22703694766751709,-1.2911779614631633,0.939346642439588,-0.5523883318415517,0.47565789255435564,1.4079474079093772
0.502,-0.45508183155297993,-0.4208551717882868,0.37852826693702063,1.1637841454410691,0.23589806141169978,0.6057416103669186,1.192683516913591,-0.15132658340592833,0.04200827387636899,-0.20631413234734516,-0.7243843603339635,-0.6287110734866123,0.0536579326763893,-0.7552029217523866,0.04680296721203958,-0.8605411323070112,-0.0887009900045509,-0.055799226197563515,0.19273961134031053,-0.2313702615744192,-1.3753803945953271,0.9465543547290673,-0.6003583288382952,0.5152932123612772,1.4711929054599386
0.504,-0.41931929859073364,-0.5098840114063041,0.3993214494683512,1.1542477489605583,0.2103049550176201,0.6153279836956401,1.185970783338893,-0.1337957174882077,0.007068369237587337,-0.21657104103571148,-0.7635818079875216,-0.5950251629574305,0.043163161483862914,-0.7375759136017033,-0.03162030532927082,-0.8537993047023457,-0.16213203278370591,-0.01842380053618318,0.1624776901336749,-0.23303619164939102,-1.3349618169253987,0.9413929356379999,-0.5794441026460156,0.5470034033010039,1.4704960940074514
0.506,-0.37317981436449466,-0.47919136178829264,0.4134624022209148,1.1399120397072822,0.25301108626054,0.6498578067423437,1.157417951831803,-0.1714216006419268,-0.017840434536686576,-0.2256868126163103,-0.7620820018621844,-0.539833636477796,0.024963377626875036,-0.80383618826486,0.01791022218949169,-0.8148195348484788,-0.16526271793638195,-0.08870159089777474,0.053409683913727996,-0.29011178343214494,-1.3179365655040611,0.9983763012524137,-0.6191230014670992,0.6026263434817462,1.502918696271531
0.508,-0.3289022874588092,-0.48371011486732574,0.4537378264607257,1.178647279268335,0.26014578753427403,0.649892814800879,1.1727547613534162,-0.28226605482976946,0.04549025249146228,-0.267770023509213,-0.7770583780378986,-0.4779525513859974,0.042716704187020685,-0.7991395738253568,0.0024985661541636096,-0.7860623512464427,-0.14933468857978327,-0.06569517423572548,-0.00015030101958739966,-0.29547745963886124,-1.321613258152935,0.9770667207497035,-0.5542221171759756,0.5614936720267929,1.422757553205113
0.51,-0.3237715419541658,-0.513630588972092,0.6166629461471074,1.2814943469799465,0.3364631897996859,0.6578618059516356,1.1919600414579228,-0.36396412999948313,0.03529306674210357,-0.2757103192976781,-0.8410756018436484,-0.47187393393160804,0.03040861733850181,-0.7931638947230909,-0.03500023233042131,-0.8190450440634741,-0.18702004521297264,-0.07338544959167512,0.037616343956059915,-0.32474655082311676,-1.3455949415560664,0.9995461619695535,-0.5519440295075742,0.6157083798529265,1.3914871170543666
0.512,-0.312299141378698,-0.5304814291125027,0.6739279287839893,1.2939310503656285,0.3010599681636972,0.6554229660595089,1.271369514656619,-0.392106281620297,0.032704210249255315,-0.2984402707425979,-0.8725556563701159,-0.47353050339959485,0.005391002628740493,-0.781987373013301,-0.05976964216567715,-0.8765217309329074,-0.19208828890723967,-0.09774346222225812,0.08392146587487226,-0.3473980083634728,-1.2462665969885414,0.9865616410137169,-0.5817310497204458,0.6394526525468933,1.330685907401404
0.514,-0.2923799577096695,-0.49429322282305216,0.6844011429956035,1.257434146178674,0.2898929586187241,0.7048969679927419,1.2570722605269102,-0.23487938716804502,-0.04158767923449882,-0.3444931057000247,-0.9344540470346577,-0.4811244371329954,0.022029423262281026,-0.7800205180530749,-0.0560011649340305,-0.8175490708579861,-0.20204227726454263,-0.11287799046757911,0.06861027575547879,-0.36760132446335775,-1.1928902326603035,0.9578943774911465,-0.5024422274254611,0.667056763801229,1.2717245230688932
0.516,-0.26754861810158487,-0.5544709073960932,0.7092496416788162,1.2894381618484165,0.3218600683956719,0.7356987013440084,1.2843568458599859,-0.24167916423894475,-0.01828425848299778,-0.37265757286696205,-0.9785404903500154,-0.5536494511275906,0.029911354058286335,-0.8247959992530683,-0.04333199760834102,-0.830920165423355,-0.17144641901028146,-0.09425599115118133,0.11144538419989782,-0.37533180646990266,-1.1230877919416016,0.9890797225808619,-0.47655917904562234,0.6872110337240265,1.2391135398679003
0.518,-0.29418634267536,-0.5358928868771672,0.6856086621227109,1.272350240047083,0.336148880293553,0.6734940697311654,1.2636415504258631,-0.21318098479364422,-0.04946204662905594,-0.3477257915218435,-0.9670283268761081,-0.5026311355384439,-0.06098157453960433,-0.8482949085557154,-0.05644709885884768,-0.8098421540717027,-0.17260887429120672,-0.12487398643123691,0.19934860666654147,-0.38359502295931824,-1.1734255098366377,1.0129420356151957,-0.4608826972989448,0.6390287588033484,1.2909430316324546
0.52,-0.3217673997439658,-0.596163917030197,0.7005866265716103,1.303007268893971,0.39280303539651246,0.6733969232982348,1.2430310974043317,-0.30518700964002266,-0.028834214479107306,-0.3625232519784875,-0.9029563448137895,-0.45395293039315965,-0.009761138321869055,-0.896556429996914,-0.06947529529691325,-0.8520217858812899,-0.14143742055607084,-0.11695977660057454,0.2049734626508032,-0.30835203880600204,-1.1095025616079175,1.0196515480674946,-0.45915561436752017,0.6102628690485989,1.236672818389035
0.522,-0.3480422090996627,-0.6506312735972546,0.7694143550113948,1.2829712463154188,0.43176524519899284,0.6759100620605646,1.2990927370976055,-0.3255187502269568,-0.05575237747160913,-0.3718742170518568,-0.8463693821867639,-0.4021473073427668,-0.07109134095357425,-0.8817744661564169,-0.083026155045978,-0.7909094061047572,-0.11498540462082371,-0.17143668736408807,0.220960944850435,-0.33644827646137554,-1.141233966206481,0.9902491475006726,-0.48410018837471386,0.6236464133108063,1.2832734842319764
0.524,-0.27292576085747683,-0.6872100106550556,0.7562132540406293,1.2625356470485003,0.4099068097462931,0.6882124462927761,1.268537019514258,-0.3984316212195701,-0.07531560920069215,-0.40304460174820617,-0.8385820690060165,-0.3805119214989424,-0.0744507977584536,-0.8162691568275771,-0.027454955962266395,-0.8809007423157426,-0.07413641873970847,-0.10627600606961973,0.23937459422643098,-0.39161671127654274,-1.1359828395541,1.0348306071453806,-0.5205410768673329,0.5736482099156885,1.29296821222172
0.526,-0.25827107183495657,-0.7481611922919396,0.7957103194182792,1.2205600162436983,0.39972205023685303,0.6949411417614403,1.3086988388758425,-0.40641037079382814,-0.07892131551082845,-0.40531642577724575,-0.8207886452833383,-0.39430644519766966,-0.03683893693807741,-0.8046137851431525,-0.03431176052890508,-0.9557665273351508,-0.08688349922639761,-0.09728258326725536,0.2283834143189333,-0.439600468187231,-1.0733878176458453,1.0652130453026492,-0.5319749186285744,0.5485978418801865,1.313651676232928
0.528,-0.23623112662625562,-0.8612992614918962,0.793076716768856,1.1806789342039907,0.3742535404844598,0.6670616057181552,1.3162727444063245,-0.39228059753218364,-0.06655497232985498,-0.42256123952350355,-0.8637713572786089,-0.40353393356630995,-0.01609678486664148,-0.8352788432603808,0.012678831814004879,-0.9518665881296546,-0.06679600263360169,-0.10582563872519762,0.14219670327894493,-0.4244875177727875,-1.0689821923291098,1.0796038959753895,-0.5297200458813971,0.5621840388987142,1.2983021378284234
0.53,-0.21089770842582325,-0.9093465997982083,0.7525267584115221,1.0998037052941385,0.3123890458721273,0.6353395619211529,1.3499534872426708,-0.35452667654338405,-0.005124736110282947,-0.46671828483230043,-0.8641275734461551,-0.43977893540502294,-0.004919567667580203,-0.8305435929778175,-0.007189335474303848,-0.9634031816169065,-0.12935842230875128,-0.04104257513497586,0.2278558498128138,-0.4943624418691518,-1.0614112860215437,1.1076613453616806,-0.527457682231444,0.5666912442223835,1.2924294397551057
0.532,-0.2270106690283707,-0.8961662021935003,0.7946160609958393,1.0793836185093917,0.35940062994455146,0.6383013696398186,1.2990459641657877,-0.35506732416810244,-0.0021125787715416964,-0.5187701700688244,-0.8144043459032538,-0.4117000080479998,-0.05137811648695004,-0.8155913583448627,0.08190787583261668,-1.002681861702484,-0.1817626392107784,-0.11172686525772142,0.2597684175216086,-0.500730568237753,-1.0671592013320352,1.053637139362569,-0.5522924784508195,0.6187650667709285,1.2931125603090996
0.534,-0.26283585559251765,-0.8712449276724188,0.7861540407884291,1.0483246222475842,0.33744806644322634,0.5852413345193278,1.3463669341766893,-0.4398801158465431,0.033448323592741004,-0.5185894368176022,-0.8026690266515957,-0.40393315886023,-0.02911386153847163,-0.7490163096267755,0.09380681835361539,-0.9458824760437388,-0.18185186867373515,-0.17108803609093676,0.24940771295086955,-0.4254687033063234,-0.97497092351287,1.053560421276072,-0.6031104651065626,0.6018437545036991,1.2445247131266688
0.536,-0.29110933150184376,-0.8276753613932499,0.7234031966115533,1.0094029162367277,0.2787565410690955,0.5951830392710336,1.3782649210189521,-0.4496325809415512,-0.007289864057536753,-0.5138206279677096,-0.75184785293343,-0.4381633261200253,0.006763552794458918,-0.7096504247579832,0.1476690885709734,-0.9552230377469964,-0.1860324977723297,-0.1342114413378349,0.25614908513188733,-0.3865623061917807,-1.0648606345328568,1.0574088980044467,-0.6067880819000218,0.5911634203595683,1.1408400309693103
0.538,-0.24490290678467427,-0.8911987468781505,0.7669662859276423,1.0279512890558087,0.34332163057922516,0.5984055997260804,1.3618125669617698,-0.4351777528670133,0.00795686881840654,-0.5515338112310346,-0.7579229926774002,-0.443683568424585,-0.056760921428148856,-0.697530109665775,0.15207706295531917,-0.8643299494743651,-0.21151940099935415,-0.12278643834378535,0.22622600049304656,-0.3854353667848582,-1.0791316545860212,1.0885056667653032,-0.6117035888453337,0.6775896311997069,1.1728838479431414
0.54,-0.3009698351865094,-0.8518610870932773,0.7910170534176183,1.035384232025789,0.35777883725868737,0.6255511587953457,1.3721709242635676,-0.3834916437087876,-0.044207556460692646,-0.5461667513836098,-0.7306304431507369,-0.4863876756976895,-0.07407592528327236,-0.717612814658392,0.15134968751287964,-0.8226708309317715,-0.2909512968285292,-0.12594232337066735,0.25359050897396973,-0.37425040837947093,-1.0924831723180537,1.0578396942088133,-0.6799066383469347,0.7201906839649656,1.1379683735512078
0.542,-0.27379667256732504,-0.8571291546524136,0.780581331764611,1.0573383265555742,0.3538369261348269,0.5612695280724546,1.3736936446540027,-0.4250697133158352,-0.010105115514825722,-0.42493374391288646,-0.7248995721762166,-0.5065805420762055,-0.0970565839418003,-0.8158647128566252,0.06853828840667141,-0.7806843014104702,-0.34988826697792325,-0.1155278336302621,0.1739069569585641,-0.3694485433840806,-1.1198368494426933,1.0203355552678062,-0.7714062865528509,0.8283507285991615,1.167554145606392
0.544,-0.253655483813356,-0.8726395778055702,0.8130504445957693,0.9381396141993033,0.32912610920005153,0.5438165464651988,1.4274344492043889,-0.4453466447958442,0.033769341782610277,-0.42531922919098275,-0.6665086820931888,-0.49906079040985335,-0.11260187995681634,-0.8253657921047577,0.09238122074332442,-0.7927009729664533,-0.3766634027307868,-0.10778073279520872,0.12410895194536482,-0.41106089818453034,-1.1919765517105103,1.030999500914751,-0.7816208373126418,0.8674340803841253,1.1763658058661524
0.546,-0.3208133146514448,-0.9357972925737129,0.785082787097155,0.9261957045569811,0.3994766409547357,0.5030354755221247,1.4978517984434283,-0.4460386668706749,0.031277287730971125,-0.42562657673155185,-0.7042126544798502,-0.5767982098712134,-0.03319816954430399,-0.80140730236456,0.19354722055500162,-0.8236210482879595,-0.37105474541821837,-0.0666517769060975,0.13271454868435323,-0.4079443057773771,-1.1725278624461644,1.0118401357522104,-0.8211888733464037,0.8601618243667943,1.1818668403978587
0.548,-0.20211897215173147,-0.947787754701905,0.7662400431781172,0.8738194329673852,0.4097782216836882,0.4341844516133486,1.3986816324954965,-0.43734669181974484,0.006862717133718069,-0.4306397635503752,-0.7738372470561986,-0.5772875999579726,-0.09185897770353713,-0.772488696718975,0.23562734345303923,-0.866815328406597,-0.3301522678546701,-0.07589192250267061,0.12093734057438636,-0.448160411320818,-1.1353195778364777,0.9964205197181931,-0.9074620926459283,0.9132451228952865,1.1478530775995544
0.55,-0.10938909675052637,-0.8565942527765844,0.7472308074721642,0.9704170800564927,0.4012826972303114,0.4409428452978758,1.4624067179088416,-0.40582367218579884,0.02488797073926606,-0.37248140370836186,-0.8189585870769747,-0.5230340622844548,-0.04621639280229092,-0.7718205791829253,0.14446355066803573,-0.881809613624585,-0.341542699952359,-0.06997750652568217,0.08422592975025145,-0.4735068355374398,-1.2460762950661328,1.0089341838020112,-0.9173732820281957,0.89535553446699,1.1707491561303005
0.552,-0.17094426735650564,-0.7824901468047848,0.7362221850811477,0.9591897323563588,0.3595527470816628,0.49951914691690125,1.5488353643561579,-0.3851096221515894,0.09350679818207909,-0.43565592073630094,-0.8073124884871407,-0.5186493249060812,-0.05916768627061576,-0.8288447596183366,0.1362043198157453,-0.8809831656291779,-0.33663972606490083,-0.1449127859374482,0.09737827837328415,-0.4811731711617145,-1.2908877036435036,0.9473317080612427,-0.9815826164149326,0.9380966396650815,1.1974608909466191
0.554,-0.10961885429976898,-0.8316290737029971,0.6893893361776294,0.9150186336907209,0.40829456686755405,0.4395146732601595,1.5742020830712133,-0.389297321536803,0.012653205633785303,-0.3797524366620549,-0.8541729444905302,-0.4924283036806525,-0.10305076834911445,-0.7362263472179281,0.113164481161502,-0.8669587348093001,-0.3771492755110924,-0.2208395549267359,0.10026572118051251,-0.4881820863624045,-1.3014363446565205,0.9797396888058277,-1.0111941462462402,0.9530925789955504,1.1700761478128707
0.556,-0.182579220019371,-0.8444186419192444,0.6745425906931961,0.9040947400694835,0.41458247694372735,0.4867380129840791,1.5752611779223304,-0.35620086162840603,0.04422689063865483,-0.30319008586115775,-0.8943302344630546,-0.4531163768380158,-0.12401636961727014,-0.7083556329935845,0.1419895828651852,-0.7994703888200819,-0.4086237281820452,-0.21144037626957046,0.12368625801824575,-0.5749194188150119,-1.316354747177453,1.0450287617758667,-0.9977416765856779,0.9544709651085208,1.1344638779118823
0.558,-0.14835812515636898,-0.8010530735888121,0.6895345240060659,0.8760385316137089,0.4680953804910306,0.5121319243150523,1.501401408969907,-0.3496763566998565,0.06277796817845603,-0.4150233994327253,-0.8876636673956054,-0.5525579121225004,-0.12237551980014612,-0.6354271293231454,0.10635859000657838,-0.8411588832894807,-0.411012023480611,-0.15097649808445446,0.1647058316942558,-0.5713461486791945,-1.2881505250082468,1.031708380684772,-1.0068707986251997,0.9174095202675117,1.1138333159353395
0.56,-0.0866321247498788,-0.7854983619833618,0.6973080870673992,0.8629322767182446,0.4633778070897474,0.6068455130029956,1.4678066097573417,-0.2552936858082295,0.03507404335985527,-0.4463208335656402,-0.833904842624066,-0.5852301424724378,-0.08767044672988333,-0.6198414779703143,0.09616447725016412,-0.7973875688868849,-0.4345316220664982,-0.11498349929599613,0.21043569718772714,-0.5827369275203439,-1.2853765430525737,0.9979566887386433,-0.9979003849004185,0.9047897678256565,1.0479139290917263
0.562,-0.08120570462345802,-0.6952080136420434,0.7826782335631219,0.87156171345267,0.4084279489997404,0.6165487538479689,1.485690774798311,-0.21921806896451512,-0.031378423171392764,-0.41566326358824535,-0.7797215795672344,-0.5679770931252411,-0.039563197040555456,-0.6041521219602708,0.12519662120332892,-0.7551525956798973,-0.46732282217464527,-0.07769720931505733,0.249960526992526,-0.5973510471831537,-1.3341890591704473,1.0273853126834125,-1.0189218457330966,0.9533774240266577,1.0384481208290282
0.5640000000000001,-0.09390621595065923,-0.665529888526908,0.8072307473439702,0.817987974239654,0.35746623553364104,0.6504421764092227,1.4728583857275594,-0.20737327852013795,-0.03820497192174902,-0.4410999070367594,-0.8229893262497173,-0.4987480015878445,-0.027503244813567338,-0.6072857112009619,0.1374333515166064,-0.7826207539989863,-0.4850588849349825,-0.148843558507342,0.24105198751250279,-0.7142107821878216,-1.3234545680747651,1.032356964214663,-0.9658302111362321,1.0026814719941886,1.0101218476799223
0.5660000000000001,-0.10598182300859607,-0.7378921718628033,0.766370749934455,0.8167044951848652,0.35805361174442035,0.5691289753571216,1.5015543206392783,-0.17699928149852495,-0.1306532138827449,-0.5686882648437694,-0.8218331908881388,-0.5251668380671631,-0.11188298223435,-0.5724890671454614,0.22750426336901697,-0.8077199566835271,-0.5681531093655686,-0.19097768172806673,0.22834306231635207,-0.6998554311284856,-1.2581897957607526,1.0391136595525285,-0.9618951934608226,1.0370873978859314,1.05000047137627
0.5680000000000001,-0.1194376069643309,-0.7183226202093517,0.7675917332079445,0.9028497833537843,0.3341383305992658,0.5595097178443704,1.5617851977183368,-0.14064668602958208,-0.1041012873297284,-0.53369837988898,-0.7972869797008687,-0.4695088204130505,-0.04866030349192116,-0.6834898555332517,0.2671875769158445,-0.8020395008072377,-0.5891698940599726,-0.21563228009232402,0.1895572431360575,-0.6873358054386586,-1.2080509670645168,0.9926136664829425,-0.9862893033408783,0.9632010560792298,1.1555352771583323
0.5700000000000001,-0.12025544638156396,-0.6826246562819372,0.749031023588699,0.8024420028548436,0.3180147400816261,0.5514292350270107,1.5247366157084297,-0.11411169214639462,-0.07968634644275152,-0.5961749145004268,-0.7763157688952725,-0.47071347184300055,0.010423111395085088,-0.6794339717470146,0.25188135366460335,-0.8719457091039763,-0.6251893615271515,-0.24110263265542006,0.20040839561285104,-0.718988516632953,-1.1991528589146976,0.941263363358927,-0.9110884298259245,0.9591711970885411,1.130381834716032
0.5720000000000001,-0.17505581110577578,-0.6830331492696798,0.8158481906418669,0.8580819650504924,0.29548623352416,0.5398196677115732,1.523145455561915,-0.054738837100501585,-0.058031189434110925,-0.6368904971828696,-0.7508283156450349,-0.484487595260085,-0.05402583384789243,-0.6707930376603757,0.2688118168556741,-0.9006207822080512,-0.6054905173509125,-0.19770455692645778,0.1337084961373152,-0.7615369328862968,-1.1773539506637465,0.9077223145588433,-0.8907496028042834,0.9125224197580085,1.0341953368411136
0.5740000000000001,-0.1308564056189272,-0.6829286494588805,0.7944472819749948,0.8798124590470745,0.2831346940938618,0.5372580330059936,1.550357015082265,-0.08400550897727756,-0.04755661906107485,-0.6579360187792044,-0.8700544666242888,-0.4125209824514579,-0.043275489897727906,-0.6964664256556153,0.27419625029024974,-0.9525346620012313,-0.5926931603375564,-0.1539766024097547,0.17536340242534748,-0.7223719147916471,-1.1606286089224604,0.862973304525907,-0.854212619195305,0.9204511348240105,1.054719890063419
0.5760000000000001,-0.09400380752122192,-0.727237640852097,0.7344861875224666,0.8564238282380369,0.3116771980634481,0.5860100774990765,1.5326390511738255,-0.10823148389528144,-0.026845009926048602,-0.6038141283752001,-0.9019356136069375,-0.3905205825747867,-0.029916017499075562,-0.7206696442720217,0.3359889729546669,-0.9140843036064992,-0.5834709594239588,-0.12881723927969904,0.17906605742716367,-0.6732227820311192,-1.155818891238559,0.7999705482399955,-0.8193483995923785,0.9548450785126799,1.011942558866126
0.578,-0.17703427683283995,-0.7388079203573873,0.7790380453745456,0.8598702119359382,0.3280621665525791,0.6104944155225757,1.5002624339420454,-0.15123533646521134,-0.020374416407585916,-0.6552944881702337,-0.9239063061472375,-0.40150514241406743,-0.09522118757611706,-0.6617108150299897,0.29717636548771076,-0.8820489836124245,-0.6073202184875647,-0.14607019024435738,0.24608646488801295,-0.7428383881399829,-1.152129799186988,0.7718538112737532,-0.8685655960708968,0.8472688079692523,1.008536293794321
0.58,-0.23581982995897974,-0.8222410556428646,0.8096604395704872,0.9218032755106433,0.35559995798924166,0.5175931277132222,1.5198776237918512,-0.17921366635250768,0.018593716305814766,-0.6368990224455824,-0.859783161827944,-0.3380892473564301,-0.06442295199118432,-0.6834499936653105,0.28809683107637346,-0.9239765191341386,-0.5679514820541007,-0.14064649451229477,0.21461957200973225,-0.7066034311043914,-1.065949560673385,0.788030263692312,-0.8156202836098154,0.8502098384343689,1.0535560187328523
0.582,-0.1697389368782336,-0.8146378624839973,0.8291649247080507,0.8996293538605677,0.38468322701694835,0.4943762770248384,1.4857220619487896,-0.1394751316475366,0.015550623983528224,-0.6178433484721126,-0.849070972782342,-0.3245460749242118,-0.05396464602955171,-0.6832107515680073,0.293016814232318,-0.8647856921187375,-0.5232416812667733,-0.12918621190467838,0.20724324105931793,-0.7685387931066583,-1.083516420665241,0.7709238633989873,-0.8987132889608331,0.8260460400396668,1.0915174118278221
0.584,-0.24134929418605433,-0.930485359016593,0.8256063887577688,0.9903003745971121,0.3081798719720215,0.5823183874945987,1.5629782802197987,-0.21434071035431584,0.04347441888309652,-0.5806009819093977,-0.8736020588819261,-0.3122468478515788,-0.008777915943713369,-0.7425503284466017,0.28783852056199966,-0.8413448573588991,-0.50461644312181,-0.1376122537203753,0.17986844217186335,-0.7201506143420032,-1.054469260818738,0.7446060811484643,-0.9153690055231006,0.7908778747416373,1.1134103949620362
0.586,-0.20720697478549963,-0.9422300368831006,0.8467810579918692,0.982132065272835,0.2502234880480982,0.5959989914044689,1.5496440107532816,-0.23704914554417925,0.009646545676701694,-0.5851051685206256,-0.8901947314077977,-0.32151344670168247,-0.015348603137605514,-0.8409276424689773,0.3529611828048815,-0.8308589730914414,-0.5664138111520571,-0.1652248726978493,0.2061702122715726,-0.7635830801572501,-1.066001346854372,0.7646871534728533,-0.8788796506480135,0.7847656623688355,1.0220849125498517
0.588,-0.09969438842743061,-0.9764060536442049,0.7385734182029023,0.9677156012792226,0.21434035481162203,0.638533632620496,1.538236726737769,-0.21075571866342804,0.12713038017431438,-0.6111093566059679,-0.9507354323411148,-0.32419694476378075,-0.06388222277341496,-0.8148752133814665,0.3987187364334284,-0.7773236750504686,-0.5774111400645229,-0.1435761397168015,0.2165162075618368,-0.7474764546047201,-0.9993116425593063,0.7071782723097005,-0.9039989769554506,0.8110191690177366,0.9862288940582699
0.59,-0.1871837724055542,-0.9416364889882721,0.7814079411129664,0.9528711052705036,0.244389456784882,0.6089800143982156,1.4675075694590238,-0.24375462103877937,0.12423420527216765,-0.6126271872576197,-0.911942464144275,-0.3159791057116192,-0.03502668935638431,-0.8556164802238038,0.41498885412949965,-0.8543264135850877,-0.5805861810820553,-0.14077031337940624,0.21450429373763552,-0.763513672349345,-0.9440964647392878,0.6778244126074556,-0.9011692261900094,0.7826407801429294,0.9900273053137757
0.592,-0.2576935546387584,-0.891122782015157,0.8135133162230853,0.8808106158548448,0.2854849921281289,0.5945058686128556,1.4400224497102254,-0.18676600676426103,0.11737600245679211,-0.676448091215775,-0.9462200751716872,-0.3967018141851454,-0.03350536921040139,-0.831773895266468,0.4662695497993224,-0.8772454056277494,-0.5147319522934101,-0.17526987494973428,0.2331396185536928,-0.6863219931236719,-0.9135003174573976,0.6642009514177472,-0.8988116725708505,0.8340332553106012,0.9567698365711003
0.594,-0.2491764899816565,-0.9500059491011568,0.7586633694118038,0.8375985904502697,0.2646223537861577,0.5759983321152894,1.4290677364132782,-0.17762348970148703,0.09342609830797355,-0.6383565896831371,-1.0482829364754256,-0.4127069729859434,0.02661534547362101,-0.8630068469878146,0.4615861590896955,-0.9303774186963637,-0.4194239242516255,-0.16966024111871802,0.23201435978491752,-0.6979845265196502,-0.8626304112347633,0.6083367308081773,-0.8294828802151366,0.7856922344860126,0.9138603935795375
0.596,-0.2942886786923386,-0.9626192850523089,0.7502513257119067,0.812452877952788,0.26587839887915493,0.5985839052579531,1.4217182089595775,-0.1580843526449917,0.10020362533677897,-0.6322923159714136,-1.0148780451605206,-0.41670732839987706,0.09913086505936528,-0.8904575395113314,0.4841745960518263,-0.9464454529226768,-0.4023234011260355,-0.10482394999175078,0.2839075671989997,-0.6872313615036308,-0.7847356875904168,0.567637694500641,-0.7314617899973893,0.7119251873417143,0.8398586891703267
0.598,-0.27250096911785116,-0.9809330640275766,0.8315669512761868,0.8496959951523795,0.1737408574183909,0.5669878711104631,1.367700632916796,-0.1854206926099839,0.09063921973038377,-0.565901946833307,-1.1100198436338444,-0.42040945279292424,0.14754602603350916,-0.8720016815942255,0.4764366024506986,-0.9504440578930874,-0.404023766398978,-0.16477300715336773,0.3373144476859391,-0.6664827437985031,-0.6989541697585643,0.6059024543583887,-0.6821876825411434,0.72272857800234,0.8252780213167615
0.6,-0.288957763824964,-1.0312640281933765,0.8051043926887014,0.8434863476184387,0.24083264705252672,0.5241211332898488,1.3003480041143667,-0.17133836291199364,0.1500238271341454,-0.6921572979637258,-1.0955492441171122,-0.3602962779744369,0.19135388051055852,-0.925662082568646,0.41585640239882726,-1.00340221240625,-0.3617403137264943,-0.1428470353678601,0.34106479279394153,-0.6538459392314475,-0.732376159066177,0.6191763191478863,-0.6126308594489492,0.7784308743444399,0.7566003719888512
0.602,-0.26484019460781505,-1.0687865670731354,0.8105740208883022,0.7734892958077927,0.1902735071460033,0.5151319627152582,1.2991489680796506,-0.10934286613416802,0.11691178922895748,-0.7120713757603467,-1.0133231199577697,-0.3421502550198452,0.1929335470776702,-0.9493990078579936,0.3495823930102714,-0.9216440734215114,-0.3717826789522568,-0.18767260822724857,0.336697599782312,-0.6577671021531873,-0.7357920100238403,0.6576494235256666,-0.640809805441872,0.8459571025362188,0.7278783300653915
0.604,-0.18097037041585284,-1.006411029857257,0.8011949464800369,0.7110794670386268,0.14475541674064082,0.5209848147573575,1.2466524788837776,-0.12066358866035948,0.08631289083184013,-0.600772750066784,-1.0114038892706223,-0.4028653198005178,0.20450053205193963,-0.8864139936313443,0.2963078559681352,-0.9170266393930984,-0.3844202350219481,-0.22693147689428086,0.3420668766932969,-0.5928412655627878,-0.6481720452271672,0.6334792756406235,-0.5849230921174722,0.8452631419950605,0.723676590643701
0.606,-0.21852192744175783,-1.033910020253252,0.7809424663496816,0.703744256053807,0.09223412767086187,0.5622621754795422,1.192378803640518,-0.07957456640460807,0.09865886119911384,-0.6190164358563237,-0.994442397101477,-0.4407555293416047,0.2544090491067995,-0.8646736939650492,0.3071412742639436,-0.8422636976014111,-0.39329559188552654,-0.19876483739820774,0.3364151693707989,-0.5510707205949942,-0.622923289999422,0.6004409460812513,-0.5375168869186172,0.9190194129496536,0.7666527480609047
0.608,-0.1771920717243537,-1.0568313062414036,0.7283349802380128,0.6941618802181397,0.0794896581089832,0.5576341899158774,1.1418121669102363,-0.08410853704813416,0.16846563237127252,-0.5985513020937977,-0.9716630147718863,-0.39854628573749634,0.2748618794714228,-0.7752509217307,0.3132378599893359,-0.7906892491574934,-0.39710943947645344,-0.16142925718058254,0.318147283841054,-0.5539033119620805,-0.6323725415713091,0.598079244887132,-0.5392852425916138,0.899704855158942,0.7275049200676917
0.61,-0.18627924272415808,-1.021831663138626,0.6716139072582491,0.6508664775102627,0.1632443547317063,0.5764449295285418,1.1234578973614822,-0.059314031571456594,0.11580440003010829,-0.5629345588032405,-1.0941973897918136,-0.39945278225671693,0.2841250783365004,-0.8042456997383226,0.3469412647494764,-0.8555438440034489,-0.3652095755964824,-0.08746306900574939,0.3368228939615387,-0.6299205009217942,-0.663589135138365,0.4715334499640118,-0.469386787533301,0.94349643080922,0.7681546196630227
0.612,-0.2104357413933798,-1.0501947406220529,0.6615211985124586,0.6648531899645816,0.1366222026638815,0.5385737365448634,1.0681520581163273,-0.06404923626381454,0.1412802680657588,-0.5253079082052299,-1.1006632136808931,-0.41650612271897375,0.331610085568579,-0.7871914230232356,0.3527363475300518,-0.7943932792956924,-0.4015008572306511,-0.08221865257188388,0.2489850953354692,-0.650923167555334,-0.7356697995877753,0.5357058227271234,-0.4961215034002943,1.0421365495121961,0.8140667211664168
0.614,-0.25318919753317,-1.1247199505194176,0.6297805286179745,0.696792027060543,0.15626301385220803,0.4758438904260457,1.0084260533586284,-0.08990475317789479,0.16352004802310707,-0.5167724989237635,-1.1938188859564836,-0.37988692203300867,0.2875825036396856,-0.7552853436901862,0.32024446226272707,-0.7931646942553612,-0.4666078892400991,-0.05425461760650428,0.2320447206707174,-0.6326919480677319,-0.7512233822135678,0.5073510183932944,-0.5375362491487791,1.0591849304284295,0.8195795268544559
0.616,-0.33720621478356655,-1.0449156832631705,0.6644529078484802,0.6996402569522371,0.2031705057917051,0.4577998964311185,1.031971052985283,-0.13012024658271903,0.09989044076442359,-0.4793861987143584,-1.2119369296019853,-0.31359574681184155,0.19702383658214828,-0.8355627126816447,0.2665968472617519,-0.7946526041014212,-0.5073155939634699,0.011570187513982297,0.2697458385455496,-0.6733487269785038,-0.6858125313979404,0.49687466026479266,-0.5722312033022293,1.104207762086838,0.7670696162986467
0.618,-0.28238347916196554,-1.0637838649831766,0.6120301831384765,0.7059839819852853,0.20153836249645576,0.48218226242453077,1.027575364947038,-0.1195980551601747,0.04549104916549312,-0.42258600358932347,-1.2035050943912629,-0.26713694564862045,0.24343246615148675,-0.8094453937141789,0.2175101355656835,-0.7665291768935523,-0.43709257523564227,-0.016246595235160036,0.26810311727882286,-0.6186729585755374,-0.7068743596925379,0.4585993370033321,-0.5962459182284183,1.1418356119128563,0.8307302505409568
0.62,-0.2561078475650176,-1.066246203551247,0.5841980055129123,0.6884626006100993,0.28789010390025993,0.4890740188644959,1.0020180748945198,-0.12368264580885922,0.022149008441496216,-0.42537711567983894,-1.2820365667383549,-0.2857395022031024,0.2275917588156413,-0.8341409246614186,0.18786785685324175,-0.8032635499630765,-0.3925108186631323,0.010446091864944818,0.2821500364309254,-0.6095920807768005,-0.6437223595015718,0.4792288244697047,-0.6514192302288601,1.1613556869260768,0.741768628493338
0.622,-0.32298766761531894,-1.102989579498103,0.628956405657772,0.6964533519993521,0.23750392322476477,0.4931333430963478,1.0130262882173064,-0.10051471899413836,0.010854861085039557,-0.4377105338408944,-1.2650514375120303,-0.26421878881811206,0.22912426157058094,-0.8614896693667339,0.23977230172017844,-0.7850787463754203,-0.3925087182464928,0.004603920375604766,0.2938828267281087,-0.6211528495672712,-0.6338453595197913,0.4958272744937475,-0.6477841356987126,1.1742068641119743,0.8019529185767813
0.624,-0.3151929911147543,-1.1320726443038132,0.6212651251857287,0.7226597755818254,0.2638702771704767,0.48375225503861347,1.0217972598037517,-0.1012112721416713,0.009572406697065095,-0.3761445393517928,-1.3172168058771438,-0.1796797941733982,0.240224194979497,-0.9987499581519507,0.22026829711897117,-0.7842708181340611,-0.39106957344074916,0.047539849118057184,0.3072223218878488,-0.5558169808044295,-0.6991499580292481,0.4979839261285494,-0.6451087408538304,1.1308022826488202,0.8386554568673917
0.626,-0.3144416233740237,-1.1806366742960501,0.6341465451127642,0.7180942618392637,0.3114251160418084,0.5125469717507716,0.9932844604815919,-0.13433313443132885,0.015809395215711515,-0.3584447693548314,-1.3524645207775245,-0.15864276858871718,0.289504757327881,-0.9836551506095714,0.24042755551057338,-0.7612833551212275,-0.3454781022497955,4.152627569174033e-05,0.3213225420806647,-0.5314667079471493,-0.7771896665403717,0.48001700525679225,-0.6056928022686905,1.1517424239063097,0.8598110399027147
0.628,-0.34519790138187606,-1.184551488980484,0.6096207285776485,0.6679166511080528,0.3325504715141747,0.5146989410914315,1.0575449598511308,-0.12304337227561243,0.03161597656773944,-0.3553242174861515,-1.388264664850915,-0.06738689301394445,0.31542952757168236,-0.9892015180503176,0.26645026084440004,-0.7696583093414643,-0.3464763391481799,-0.020447986603509643,0.33755693457834945,-0.546584558680027,-0.7290518354164125,0.5169137825250882,-0.5566753725111023,1.1665483266150796,0.8398829448762722
0.63,-0.3967902300785042,-1.1498849500404074,0.6676983317241212,0.687869471958097,0.35881471378629165,0.5280683017020932,1.0118920990890918,-0.09459406147355366,0.06212686701169685,-0.31458557728078806,-1.4311512488543787,-0.15809651523100843,0.2343170524916312,-0.964213198727884,0.3770655607772277,-0.7285954823317772,-0.3045638121670835,0.03167831982429732,0.3258703892929517,-0.5525782054510494,-0.7156725228341027,0.5437956946958966,-0.49976814834892225,1.0761100964509194,0.8155154136765327
0.632,-0.4192538879087655,-1.117426100478716,0.6155864490737989,0.7006885042338626,0.341673683870834,0.5584985997154174,1.0248954021843284,-0.11393567018041159,0.1306352286814452,-0.3614749440474086,-1.425313447023721,-0.13361372935077354,0.21299161053373378,-0.9148077174413726,0.3820181575284431,-0.6853600283296238,-0.32059964821970577,-0.04571397004525224,0.35629262203249684,-0.5682750181402553,-0.7207939570143632,0.6526730514764009,-0.5345025143949418,1.0786827978447493,0.8405089533401224
0.634,-0.496077242509743,-1.1081768982729157,0.6713285573856678,0.6739739687903231,0.3181333734714078,0.5257202285921266,1.0652361338570284,-0.0751097918273611,0.13588400295342878,-0.24533397623127584,-1.4325491198035247,0.015583786002721561,0.14041879619896275,-0.885797287617437,0.4509490276635868,-0.6858465696377702,-0.3711154904076838,0.00419691468575651,0.3217484296718035,-0.5503079158343348,-0.7595582687118262,0.6526578087085576,-0.5372504255364924,1.074826877973289,0.906550540808361
0.636,-0.5342868127981425,-1.1205072367895732,0.703907292010597,0.6651391057117888,0.2869731568630876,0.5663936056553219,1.0567931377818396,-0.02046736444622301,0.12669687714623867,-0.2386125593312962,-1.4241711677353892,-0.04163805946039906,0.08790726810144012,-0.9395055644723106,0.4706259206874808,-0.6317830812755898,-0.39770454381007453,-0.150179323439355,0.334155168534179,-0.6075361662712907,-0.747132806403342,0.6776082271339823,-0.5194856606164593,1.1455208299103297,0.9443394291462021
0.638,-0.503372622442447,-1.1779073462706533,0.6543555288676647,0.6356884336739271,0.28774966519506184,0.5506752395483798,1.0837720609750632,-0.025117586524565735,0.0938464906800824,-0.21360270599454767,-1.3995809157232455,0.009666281458396889,0.13624590225947103,-0.9592124966637016,0.39050810392661744,-0.6089978462321536,-0.43755140570171347,-0.20900707941328125,0.37568592707778836,-0.663453294059646,-0.809244210289091,0.6581046391648069,-0.5003231145484864,1.1348847800420152,1.0086951015022267
0.64,-0.5364264405226753,-1.13144222601698,0.583004606038038,0.6500369199352909,0.32243388839728515,0.5648444214822654,1.09248109946589,0.01459456664616609,0.12872971171629044,-0.1718022339230699,-1.3578569691713285,-0.05101150217323683,0.1415106907458625,-0.9714808325067396,0.3653448787894041,-0.6112452921543131,-0.4092226930192771,-0.22719040977870028,0.3221786785111854,-0.6246711246413774,-0.8345056520965584,0.6857802715927336,-0.5049221842490413,1.135995867183833,0.9294051584824365
0.642,-0.5445229016590657,-1.1868573245391345,0.5927525020759332,0.7195774868302256,0.39030030246784253,0.5249074084220788,1.083499957166009,-0.016169341076827236,0.17535221999216458,-0.20125250704824146,-1.3716748689963816,-0.11392905844812083,0.16111316342522047,-0.9772145485586232,0.45618349331420777,-0.6441025688398235,-0.39944795653207477,-0.23637493883557953,0.3599386283871915,-0.5890084935051537,-0.8348607148152847,0.6468129266065626,-0.4885715341605143,1.158756599239603,0.8419961387773603
0.644,-0.49167416851844586,-1.2541645849966543,0.6061582523962328,0.7730360116274803,0.3884391318604153,0.5231036389141069,1.0777206912523944,0.04752721053879826,0.1506711477654152,-0.2307779147147204,-1.3509175227375703,-0.12143180268489881,0.2576867923390284,-1.0387126528241344,0.46452761189517067,-0.6660828267759168,-0.4052933998024221,-0.18597530211454041,0.4196012076607938,-0.6077180754931425,-0.8641382693450841,0.661371153712847,-0.4934723544486603,1.150604512127303,0.9693469213544448
0.646,-0.48842085122449524,-1.30033144058796,0.5822866983012887,0.8203972068173511,0.29455033445668843,0.49213355730179165,1.0629430461824219,0.0881435029596822,0.13173084361779208,-0.2647955583735544,-1.3596136294434653,-0.09433911471767718,0.32162262781321216,-1.0643409342207362,0.47895475764424683,-0.6487014614815032,-0.4296485000953931,-0.2060016346010293,0.3970562322183253,-0.6034602166416996,-0.872094272607073,0.7002300109439389,-0.5402773627490722,1.1295737193221578,1.0021044691168257
0.648,-0.5787950160302563,-1.3076689208638033,0.631881170644422,0.7235092200854429,0.22456161354306498,0.47474867916372626,1.1374864588395674,0.06014014996366958,0.10633995874734808,-0.27984587170985226,-1.3227433129933297,-0.11500334390233048,0.29891663761282683,-1.0719266499545224,0.5346327256975008,-0.7199635132838235,-0.43856471140548686,-0.20133920118649096,0.3826626764285842,-0.5815265444241966,-0.9148099491985949,0.7009241216063463,-0.5374577911389612,1.1709511393043401,0.9728031204197962
0.65,-0.5303219368672116,-1.3199301794733058,0.5741504374866434,0.6879254039525591,0.25262618123996744,0.4300886790206662,1.1562389254093361,0.05428132669157825,0.08332627249984884,-0.18146357611459796,-1.2978345079040488,-0.15772331704184311,0.3098494342926045,-1.0868289670029314,0.5246854165323055,-0.6460670488428618,-0.41212960059323356,-0.1799095059993356,0.4616075823088473,-0.4791753384748878,-0.9153784791573845,0.6858526821131404,-0.5468635369729988,1.2198983304966546,0.9962793064469685
0.652,-0.5496583775719546,-1.280242506792529,0.6373700232589978,0.6651949964443121,0.19729573424501393,0.4271950492760979,1.2130134686589178,0.0808124614133145,0.21825981548079362,-0.24667007076646774,-1.3483739912911252,-0.20240855827126714,0.2953146612076066,-1.134770406575814,0.4993647261394676,-0.709877829724056,-0.43940563055890336,-0.13821993097356514,0.46061929014981934,-0.4751668699905939,-0.8308354034245741,0.7029284561038224,-0.49265042323802083,1.1769355711255263,0.9964354628493627
0.654,-0.5598148092666502,-1.308270852875603,0.5927902968114328,0.6644451393090075,0.16275388942312286,0.4040675360805545,1.2717117222737613,0.09555154660666253,0.17974397560114236,-0.2852145501481506,-1.4082609293034822,-0.16650482923256188,0.24215134348603157,-1.1349028212131935,0.5048557630004715,-0.7109619990031281,-0.380898818277813,-0.10627355732544588,0.4258283331141352,-0.4369515490266984,-0.82619198816756,0.7870955191772092,-0.4476788509706485,1.1055099838673172,1.006913259193805
0.656,-0.5585098906205045,-1.3584876760072917,0.6502325296411717,0.6730806660282922,0.15197992597001067,0.4258142294232121,1.2482620447531882,0.16325123340604503,0.23387654060479646,-0.27315495269047674,-1.4228168587778138,-0.19022877665111704,0.20643077957942937,-1.1391061886121867,0.5442306884875094,-0.7480165653794768,-0.36734724032451394,-0.1174977163122101,0.4739820686101515,-0.4407887865731971,-0.7810106524420913,0.8499843752515519,-0.4595574227958761,1.1520527495957962,1.0234701833761934
0.658,-0.6484084041372276,-1.3638515060471597,0.6938049887246731,0.7114854195003256,0.11981074023807282,0.42166721410681685,1.237931053727593,0.08939371698980883,0.205583805178839,-0.26802571128178015,-1.3662535465591519,-0.25556377081973536,0.24132580022339345,-1.0404329502378633,0.6156214061205691,-0.772002667736063,-0.3986629708213106,-0.1591789681279867,0.4948069155207395,-0.4687005943644988,-0.8221676092024274,0.8356720904062591,-0.4806601428833223,1.1449377593828538,0.9992395874332402
0.66,-0.6331707168286069,-1.3190384596431541,0.692904523955135,0.7492445862261394,0.11806185622892536,0.442612123239796,1.3169419342653932,0.02609525852074783,0.2235497676267837,-0.2859758267227165,-1.3235863516089414,-0.2869297133125982,0.2669519161768324,-1.0520116964749544,0.6584885287726807,-0.7795838367671203,-0.4205562792761708,-0.2104859736546507,0.46437899774867447,-0.4829277092481041,-0.8743091116464208,0.8666395811107082,-0.49540273820392516,1.1856473286535119,0.9906947906789618
0.662,-0.6238956330337745,-1.379613136957557,0.7127469740654566,0.7442208900039072,0.14219691879849758,0.4908628035243619,1.2758004037787212,0.013138927555002249,0.2586951266337906,-0.34468759852855546,-1.2923682381884494,-0.21875553549195376,0.31664563609631663,-1.0088373256476464,0.734590247408477,-0.7290477250108198,-0.38263930134522045,-0.2776150817163173,0.4782243919829456,-0.49491893370079876,-0.9027460051552054,0.8860492472049196,-0.5038723502595402,1.2843511246364074,0.9602249926358661
0.664,-0.612000515230147,-1.2672052855418763,0.6813248226966441,0.7991380694664754,0.17235618501926925,0.5026318792452279,1.2619135795236363,-0.053706135171169914,0.2714851378167498,-0.33918240027949753,-1.2944412659593891,-0.2624465103945849,0.3797690354919667,-1.0186025751023442,0.7441377871882742,-0.6780182185618673,-0.3319030728152711,-0.32114200527264475,0.5039842245018271,-0.5084373872007142,-0.9914403409647663,0.9033428732263089,-0.5467703786162258,1.2831066299977283,1.0206357276823008
0.666,-0.636236307730386,-1.2835357464946722,0.6350077499241861,0.7773387438582461,0.25165621722073916,0.5332172737814317,1.2435042165855834,-0.03710752675593541,0.2617795912166086,-0.35785284923446076,-1.2516881259082517,-0.26070607271961765,0.3771080309961792,-1.0191872575352792,0.7774084329061386,-0.7071274403861793,-0.3445936923671567,-0.3370516439084391,0.6027807855626565,-0.4737241546811351,-0.9375727481423126,0.8550958078884006,-0.5297578382561544,1.3043696222621297,1.0338219665040875
0.668,-0.6323871656407296,-1.2961541563381271,0.6739992283555801,0.836413515244094,0.2335243185240232,0.5270046592848318,1.2300329075816265,-0.08688031255229023,0.25953093143520445,-0.3160035048159327,-1.2193480395035272,-0.23245128748430788,0.346927600114036,-0.9758553709860864,0.7942653747243077,-0.7116646089077825,-0.36821528558602334,-0.36761809318667893,0.6178144938264037,-0.44030841150181543,-0.9539420163379919,0.8229766959867549,-0.49481034312628897,1.284860441844662,1.082321698836002
0.67,-0.6468331781621853,-1.2997588362410746,0.6592448274375937,0.9079095334978087,0.24273795131317935,0.5859087119759354,1.3055306865284524,-0.06329239036792457,0.22825058687704453,-0.3142831875147535,-1.2818276697123356,-0.23557956627484625,0.40595784482895825,-0.9861002992043951,0.9188042495720957,-0.7735476168215633,-0.3292926964332875,-0.36590655362510915,0.5842957736032777,-0.4277668452307235,-0.9862840012945984,0.8490340202900348,-0.4925191848766032,1.2893525668569854,1.121593943123154
0.672,-0.6694516343560688,-1.413742748374927,0.6065956353764567,0.8668622021265394,0.3237720749873476,0.5817260194335865,1.2211640035104754,-0.1115471647868107,0.22941954105228496,-0.28236896175209586,-1.2612015587945558,-0.261043636036675,0.3711097458543793,-0.9369358087296307,0.8864274317700356,-0.7298650123891834,-0.3307593553415975,-0.3158828965128463,0.5900670286286481,-0.37102218470730336,-0.9578728619387432,0.7382010563528222,-0.46215431632591897,1.2165440343099132,1.1219935448541158
0.674,-0.6568632100238656,-1.4067891637285184,0.5464237660060232,0.9150722350090759,0.273501064807319,0.6030863050045749,1.2136967953771314,-0.030956903926120063,0.3206908911703481,-0.25105276439145724,-1.237155639002931,-0.32822496236996573,0.32546410883712956,-0.9456622450880479,0.9957755715129325,-0.792692392338809,-0.34600492909091257,-0.3291005737104445,0.5873344429499542,-0.3553936579594246,-0.992345868172227,0.6816374084315543,-0.48019370547483453,1.2198147758530475,1.1437795345304762
0.676,-0.7064802103171409,-1.365830254023944,0.553928410784804,0.9661516035173553,0.26282589581394283,0.5936211507686289,1.241684969061756,-0.04382308439022145,0.3616733909959978,-0.29510622905516043,-1.2790082554921611,-0.29571988238159114,0.40499686269588925,-0.9677363311152155,0.9308209426396516,-0.7699343912017943,-0.31894087452891834,-0.2743478721688009,0.5835031726263977,-0.38461979918363065,-0.9542318182038483,0.6769613529856235,-0.44334318486174973,1.295532143253448,1.1298564303589942
0.678,-0.6643448966769185,-1.3355149766206786,0.5787371959250571,0.9391292078918336,0.2572679455577832,0.5944398326332421,1.2687358197279592,0.020738038590289637,0.30079630937850704,-0.38938537140947177,-1.2933105813533419,-0.3203383553270819,0.4267937001051847,-0.866597628508548,0.8581562068259749,-0.7691492880274183,-0.36924839310094726,-0.2891211306065829,0.5694402728023731,-0.2957155773639366,-0.945096499771526,0.6218806679575704,-0.41623858192274454,1.2776268774085153,1.100421513917029
0.68,-0.5806883171820141,-1.2646367429327885,0.6188311676488505,0.8975531108657235,0.19051205573463975,0.55840748054021,1.327174529804711,-0.017749164355478256,0.299102585731852,-0.3504596022810832,-1.2825233605582755,-0.3580952559913915,0.45667921251372884,-0.8649983185372057,0.8969880213287336,-0.7928818651065296,-0.38016976076393955,-0.2632306792393168,0.5804209885475268,-0.29215134822332867,-0.8980625188657174,0.5248286923226076,-0.444479448988116,1.3531624680938141,1.1454857273107495
0.682,-0.5847082940357188,-1.2650861438242127,0.6613203104957749,0.9035699615942829,0.2024393897534364,0.5642408493231591,1.3680568261702168,-0.038395750018653876,0.2725660425202693,-0.4071777978730091,-1.2645480441595554,-0.3430612251723775,0.4128762152098652,-0.8080354150773082,0.8607810419820672,-0.7357737268449279,-0.37980441661711434,-0.25004790190925386,0.5813048351320311,-0.3238903378008748,-0.9415730330252157,0.5058706813952795,-0.46203745707875304,1.3537739248332739,1.2100272321095533
0.684,-0.6112443945390893,-1.3187146777929413,0.576509595190447,0.8652940024420877,0.21784146575221042,0.5460177511121129,1.3998164002633477,-0.03234976631536842,0.22898714623979427,-0.42845398857193273,-1.273610544978279,-0.41365776185461967,0.437784825305176,-0.7864963256318296,0.9499428789749663,-0.7075776275791016,-0.36806552026569395,-0.276633759097571,0.5412843250586223,-0.3192501776806993,-0.9929684734320355,0.4833117707432664,-0.40184939415215226,1.3049331264888175,1.2066438157354864
0.686,-0.5515083272443787,-1.3295285684627194,0.5096661290613167,0.8739483339641901,0.15966457546162593,0.5435922282177141,1.3624404854507228,-0.01184491983542849,0.24926439315541335,-0.4164254054285189,-1.26601634697994,-0.49628930309027824,0.38538280348141485,-0.7961213322928806,0.9818969483068101,-0.769172960457046,-0.37653225667464557,-0.2664239705605879,0.5311344088710162,-0.2642630225288109,-0.964785365949644,0.484414792528493,-0.41822266786697604,1.3169553076968656,1.2319933493354462
0.6880000000000001,-0.6031083127264614,-1.2928417734212923,0.4834154048592026,0.8747447330639463,0.11563949717424975,0.49355383135387415,1.360006161288368,-0.10902814625962425,0.25718941267820344,-0.4226386997447632,-1.2628176350974578,-0.497833429834974,0.31066120277132714,-0.8311075473854982,1.0148063073921996,-0.7690306539440437,-0.31143873768894925,-0.3079443115859892,0.4420302307741235,-0.34950004351090136,-1.0300439355039515,0.402050885756277,-0.38859282696850544,1.3478023309550202,1.273240151409062
0.6900000000000001,-0.6100377631542485,-1.2302346253358782,0.4676420418266834,0.7984694108468493,0.13223720014607313,0.5287680199266562,1.3567154812717188,-0.0660876215613534,0.34835933107656447,-0.47539140162795684,-1.3107084717723183,-0.4885647124177038,0.29272862064682875,-0.8414470467288301,0.9860947179613304,-0.7301931560084811,-0.3787585660342045,-0.22900665921690955,0.41813971422366886,-0.35301246372154466,-1.0425725961443586,0.45089029315650353,-0.4515573608179926,1.3448310599612945,1.3156766170806489
0.6920000000000001,-0.5418573998818317,-1.193010269023692,0.39788148457681627,0.7677276441727293,0.1388638597641963,0.5215351984298379,1.3610085764647994,-0.1597501601954553,0.3917314844605806,-0.4511257945982025,-1.2870327227206086,-0.44112816632454577,0.26400740053280497,-0.8733310205762838,0.8302835875313435,-0.6756581371908669,-0.3102246118355316,-0.24126843413074936,0.43545990550621777,-0.38880101982298226,-1.016167783569187,0.4554488258641157,-0.49916480655370093,1.3185862002799198,1.284365421700489
0.6940000000000001,-0.5455599251860772,-1.1601966816273601,0.4021938630288083,0.755163880538554,0.1512696641556852,0.495646263392059,1.350272059582375,-0.19597246934560394,0.4364949957155178,-0.46140216229209935,-1.2544038336665049,-0.40886556723237566,0.22046883149438926,-0.8752037346285882,0.9267286394779204,-0.6613885258576931,-0.3180842209266089,-0.2135546630567758,0.4934854722953154,-0.4177558430348348,-1.0125468654752208,0.4113477312709824,-0.4885661878853472,1.2815196836602318,1.270818074662993
0.6960000000000001,-0.5460490443638445,-1.2404481979956095,0.3387097610215687,0.776808738124212,0.12238583773692113,0.42613451522295465,1.368360421662944,-0.28938635227136866,0.4226117233294425,-0.41137531871669,-1.2096409390736014,-0.314810414667548,0.2309160753555165,-0.913611115088447,0.9513597678221839,-0.6612851166308519,-0.36171901556968344,-0.1783123427760083,0.465773772313487,-0.39832144783202883,-1.0230347373405102,0.43864970603260545,-0.47562376156851843,1.2907234082303654,1.2637567806344847
0.6980000000000001,-0.5432978769727362,-1.2137947185598694,0.37302716371212424,0.6977413528192206,0.1489742435556334,0.44285512702032936,1.4053794529209744,-0.3384509348159234,0.4378510507584175,-0.39408429035463305,-1.3032776898818814,-0.24713306596759227,0.1731488264105442,-0.841102044752896,0.892228736702777,-0.6982528569129086,-0.3410027029285087,-0.13228885859876885,0.4885158532111226,-0.37592248882120965,-1.0424294299979981,0.4163710537072874,-0.4626326979148182,1.2657524012124273,1.277712482765173
0.7000000000000001,-0.6189673486994273,-1.260439591500054,0.34236018302779087,0.7132168405184404,0.10810189932665737,0.5023633041222236,1.3705450044984486,-0.41119870109968076,0.45534656197746076,-0.3739019084438102,-1.2403572075182063,-0.24800890357995395,0.1633285964495806,-0.8609333836560389,0.90206285911004,-0.6698136047298697,-0.34858802772917424,-0.1592161597699868,0.5025352477300764,-0.3914384675247879,-1.0923453036091304,0.314208356433715,-0.46133139526346384,1.2948375757505808,1.2498962471243888
0.7020000000000001,-0.638441722036326,-1.287738801814771,0.37662273201428337,0.6869917291861586,0.18177183441529882,0.47966510048893235,1.3115147205649231,-0.4338729261909656,0.4264682753525311,-0.3587267128648912,-1.2596868646743455,-0.22011219378096872,0.13551199237470052,-0.7958744152200157,0.9052248304126854,-0.6612507366115385,-0.37891247005268613,-0.1213862610987381,0.395458062387012,-0.38804189592755145,-1.113288081672253,0.3585396318966373,-0.4498534978033763,1.2395012019801,1.2896285479950484
0.704,-0.6060737495766618,-1.2479314088713693,0.40282984885221745,0.6249342364226764,0.25216599799277434,0.46606705325113656,1.2788333374045553,-0.4512428768219052,0.3563658384609246,-0.2683003562515836,-1.2365567064652094,-0.24108834402311505,0.2114804240971869,-0.7465652628538533,0.8678666210858489,-0.7066689039447421,-0.27520383685736605,-0.1188615461481232,0.4575171023659903,-0.43113773692832574,-1.0862116722144242,0.3684006940179716,-0.4682176057326582,1.2175670004399746,1.2627242900417808
0.706,-0.6857713238880023,-1.2540002682192704,0.4040062301093438,0.5879336293000172,0.25001021220081615,0.3715220312348271,1.3201715399784844,-0.5240607312876541,0.38657314257655795,-0.3583919794677556,-1.259176315234425,-0.1533353251183664,0.1661753850551265,-0.7232457341338614,0.893028940985402,-0.7237660375032119,-0.38543548344442125,-0.09767211897071185,0.46825182279718186,-0.371735972864576,-1.1090358953329562,0.45681627283168963,-0.4641812846921464,1.2340636721240943,1.2670830932987527
0.708,-0.6496030110446527,-1.2116103334760917,0.3693169301163426,0.602603624783729,0.23564875081968528,0.3436091784049515,1.2891229161332398,-0.45238190421415964,0.36058368986954914,-0.40446342388179163,-1.3040933343980892,-0.11996223243041113,0.11714171911099773,-0.7392383617831254,0.8789466329047115,-0.6815637351116716,-0.3687916776296744,-0.06925591394428166,0.4922183710265691,-0.4063757039652733,-1.1037629301869907,0.4904213300919008,-0.5172834203495444,1.2426854361231208,1.1573626038176625
0.71,-0.6171880071325114,-1.188910670063006,0.38861780521939987,0.619746297528032,0.20888802647910407,0.3507287888444481,1.3061846661974927,-0.41632251409374155,0.45424112877398304,-0.4727827267875695,-1.3031704217069018,-0.11024485065102624,0.108546253962914,-0.7585104685010954,0.8785866844317627,-0.624145223746963,-0.28161745049177406,-0.05163450146467746,0.46596859445635974,-0.48217631686336976,-1.0753732477106337,0.4736275277628821,-0.47753053173224147,1.2540209139119272,1.1383516499536765
0.712,-0.6256400806359713,-1.2171874934168088,0.35010671878908467,0.6746670283097989,0.19798659923527478,0.3506106331726336,1.3451031208432591,-0.491630036653261,0.4380009659836096,-0.4542910115519828,-1.3711757685303185,-0.1337390462262128,0.13610156744241161,-0.7492299298186049,0.848331166312724,-0.6100639881986484,-0.32855844962488884,-0.12190393479917119,0.5262073295783937,-0.44262605764471313,-1.0798262857970102,0.42463401057314804,-0.4024846160318061,1.2311690422590404,1.1367683682914709
0.714,-0.6894457170928058,-1.1917523251101494,0.44557800342757603,0.7171894053496621,0.28205135269816695,0.4116190326563426,1.3178168464941895,-0.4407472532836227,0.3907059372250239,-0.5176972704164426,-1.329548115976909,-0.10773532209374215,0.05143646273110325,-0.7577198751910365,0.7439893578127839,-0.6611039614458116,-0.3576118808853453,-0.19006405595359027,0.5258822817403093,-0.4891634815999438,-1.0537557618040405,0.4576695222096001,-0.37469606193434457,1.2554691269924259,1.1381008008537448
0.716,-0.7455791708837725,-1.1522755005561063,0.5109146446957866,0.7435428115233799,0.3207015521944679,0.4173482621023706,1.3258908828529274,-0.37403295104062123,0.3483159732397314,-0.5750327780857771,-1.3126855696990494,-0.0700534901891316,0.12465598660971781,-0.7818256328030863,0.6922660692648048,-0.7032118795868124,-0.31970987636127696,-0.2172793342483878,0.5438031070325303,-0.49310286718675134,-1.0208908634955636,0.40695735051020304,-0.436090577989911,1.2513089879288164,1.1770990876181417
0.718,-0.7610231008536671,-1.1593962186940738,0.42454669168939724,0.8053073123972,0.3922236456690265,0.3402030118106697,1.27272276046673,-0.33997303557196845,0.40498389330345824,-0.6103863950982399,-1.2969412153224709,-0.12345864198790561,0.07774524514685417,-0.8317550539028785,0.6724483263201563,-0.6771573494149148,-0.2613072874462951,-0.19568173570935535,0.6118537178295043,-0.5012427859879227,-0.9965762158618553,0.43831486575436296,-0.4107657554132873,1.2329022550943205,1.1319618728213066
0.72,-0.8029383052884423,-1.154556000630545,0.3537277115754606,0.8135219527513867,0.4178069926985848,0.3169448627797952,1.2471527913144596,-0.3455221315472671,0.4475327978010284,-0.6210534833655158,-1.3284592525609775,-0.18081090771580977,0.06316426364329547,-0.7992242988768866,0.711740129609323,-0.6622246762732986,-0.28545458156456227,-0.2349781215428708,0.6741578833522319,-0.5051784389167795,-0.9942748736334028,0.44978988653075436,-0.3826818447442498,1.1965954884822991,1.0935769156100992
0.722,-0.798555281429502,-1.150671194026291,0.23120505901487787,0.7703050120465582,0.4047478761481783,0.30057887769684294,1.2626436749674563,-0.32287688818379273,0.46326201724835775,-0.6781678049295239,-1.3484511718322396,-0.22838688216952702,-0.01433123165828562,-0.721630194304229,0.7262301177535132,-0.6400795996396589,-0.2720739698916454,-0.23426579035917014,0.6525677421388512,-0.5260183982069336,-1.0558688078551817,0.41877871106658465,-0.47389975722492944,1.1763994116211682,1.094808641846501
0.724,-0.7760945540584147,-1.0895832904007692,0.1693260493093624,0.7129198306544311,0.4757090376907339,0.2483931638655632,1.2898788099710918,-0.3193824417328484,0.468906091031256,-0.6944412082950691,-1.3904160377021877,-0.19730615959771214,-0.07989922209038455,-0.7143623766287797,0.7673376769935134,-0.6632496414362588,-0.32071080477264524,-0.2206787238566692,0.7074749719270553,-0.5000919613393522,-1.0538856911557268,0.4472574356549533,-0.4377872519158819,1.225670879901665,1.0675057257536036
0.726,-0.8114510620909875,-1.1368924802657152,0.20325612050897254,0.6237748144631721,0.45180616013188724,0.22429064201270552,1.3001408402132717,-0.320801147423312,0.5184287350956948,-0.7428440628766135,-1.3959502051034862,-0.19401795996604965,-0.1220297980044119,-0.6700877782800901,0.7807821464797784,-0.6200515155574324,-0.33446377917988435,-0.2617375958561034,0.7349042916779663,-0.44910568456285394,-1.0019259693005826,0.4396955003084116,-0.4915131898850955,1.203717163836464,1.0314775063106472
0.728,-0.7958901996784351,-1.1082281597153059,0.24544820426782604,0.6704832325997102,0.4203738468024319,0.2241005816671033,1.3125880349603496,-0.24142140218438402,0.49803685232114386,-0.7476865040336574,-1.3649194744475048,-0.15753277003600583,-0.17089995429044688,-0.6415536772344252,0.6805722040501834,-0.6619093585702747,-0.32922986874699756,-0.21087556612966127,0.7082205366204778,-0.41325610672050095,-0.9883645810506889,0.4666419178164094,-0.48529589191745487,1.164575109933002,1.0365742501856339
0.73,-0.7368541975998745,-1.120436666870341,0.15797847840814472,0.6542941291452913,0.4010330100284854,0.21812648629241652,1.3810260619510963,-0.21432261486011808,0.5287633982158289,-0.7843730638446685,-1.3960860701877718,-0.1959501178799221,-0.2108443884424997,-0.5899515229370675,0.5797654580898077,-0.6767635387298039,-0.3052214220061137,-0.17741245302297723,0.7620687680986327,-0.3565708657573574,-1.1309823134913646,0.5728035812384897,-0.5413352544246594,1.2237997287879308,1.0156697199962537
0.732,-0.731584262329289,-1.0876079505380947,0.21265816556637207,0.6222995300591769,0.42140247261589964,0.17805136438986707,1.3997201367681533,-0.23457073250242189,0.612614210755633,-0.7532443890814176,-1.4223277647669226,-0.21831311192844144,-0.20875852036326323,-0.5382930078489798,0.5990479812986701,-0.6973466539564648,-0.3753562389134449,-0.15929983448962648,0.7463428488725635,-0.41165212943088364,-1.1496427160155998,0.5623848096219266,-0.45776971355944257,1.1845311223539188,0.9881011416096207
0.734,-0.769171743494742,-1.025040938855849,0.189056958155986,0.6219002500904766,0.35333047472156337,0.13528671121564478,1.4205687990287927,-0.27672425634821113,0.6219539617756135,-0.8063860855876396,-1.4732351812477844,-0.23913275328373906,-0.24304385800972877,-0.573807722569537,0.6725864032628043,-0.7738357366664655,-0.43764013602250357,-0.11878744486935056,0.7328083688467093,-0.44042498207095876,-1.153569515937552,0.4755148668582197,-0.3689145955834711,1.2138097088250848,0.9773579549428822
0.736,-0.7671245447112598,-1.0085743280719208,0.1160801096625662,0.5820891285882047,0.362031792102072,0.18050323023023795,1.4080399190359782,-0.28675658480043464,0.5664122982838347,-0.7699139976793642,-1.531456662912138,-0.1992525368115169,-0.2227720236368652,-0.5380044889913271,0.6838100589402489,-0.8436824060324323,-0.3309980899562185,-0.08063618312378368,0.7227186125405008,-0.4863657107275368,-1.183666939936656,0.42877800164859603,-0.3228953752999786,1.1760994946517653,0.9850247089559583
0.738,-0.7443597689163688,-0.9402933437759728,0.03954060887477849,0.5713230363353492,0.3668717015939247,0.22367545779621345,1.449913565797344,-0.3452985806960319,0.5110771848354632,-0.7588567175405793,-1.5662303719185995,-0.1830864927710635,-0.1972755379162898,-0.5281041160034015,0.5945064609173462,-0.8649047988907651,-0.35002837823174016,-0.04360295172099163,0.7377599670774829,-0.4832849825159986,-1.136321043075053,0.4275787269064095,-0.33976581752044843,1.2182570181906247,0.8592988437924935
0.74,-0.8026344242618004,-0.9054977422452459,0.048356025124981786,0.528245113130535,0.4380506692657152,0.21425300227781427,1.454879532220439,-0.34632515751493453,0.5152573823823803,-0.7453610657807284,-1.5739245911608963,-0.2053571871878345,-0.1760348197064801,-0.4220830986254056,0.6476800631415517,-0.8313676888869929,-0.3551674439798145,-0.0567418549330701,0.6722910616434019,-0.5213785398401269,-1.2013855131643267,0.41190003785693174,-0.3559468571989656,1.1715474937875026,0.9121706951361771
0.742,-0.8395106695776189,-0.8190751095969578,0.020984839880606638,0.5719689755592556,0.4733857697415701,0.27598349280689255,1.5679624459817072,-0.3824059057337694,0.4789616810903258,-0.7981048416779921,-1.6268091253866093,-0.20325698971487946,-0.18664184439439432,-0.43961986489878957,0.5803414500984013,-0.7914132399583698,-0.31601050784800555,-0.0361015966830738,0.6391117195287732,-0.48498052496494604,-1.144934124405626,0.37632521773827876,-0.3468341581514846,1.1890743313589365,0.8329524204951377
0.744,-0.7921834770002889,-0.8673983758389254,-0.04256806569893748,0.563536869036735,0.5657256950432872,0.2423937689197455,1.6245402663918738,-0.3520315464793505,0.4750705635760749,-0.8380498776520328,-1.6752165238573282,-0.1831017807795783,-0.2483554658282695,-0.43255392436073786,0.54380230468861,-0.782794302854881,-0.31535941857073196,0.007026094233552806,0.6850810193098333,-0.5070542697064752,-1.099987380313504,0.3615196968563992,-0.34121798508471113,1.0901711722711724,0.8439326852776197
0.746,-0.786307362501685,-0.9165332721699913,-0.013716015228980007,0.5959322563317369,0.6096600751158151,0.2615215691907972,1.613642208529055,-0.3783993996499289,0.4683092887020909,-0.861312070686981,-1.6918063083447727,-0.139110896907242,-0.274661243917539,-0.45937045681143013,0.5071078208896569,-0.7764182322449181,-0.3868721691587174,0.027289749959619882,0.6644898995961157,-0.48981013828717107,-1.1284401395542716,0.3732313532105792,-0.31223881581352747,1.0374217408763595,0.8200763614350257
0.748,-0.80845856399874,-0.9635046656898693,0.021208925277392238,0.5572492340196418,0.6472563622073999,0.21008084653162154,1.5475387792747541,-0.40138216912989844,0.43921652166862024,-0.898463188122659,-1.6798067490725646,-0.1471519983227959,-0.2681736777043558,-0.4059730645088633,0.5278377378362993,-0.7757068413625547,-0.3331117271888929,0.005402333882447895,0.7190347001135052,-0.4262425858507736,-1.1880205826654997,0.3698382719451457,-0.34607292624725494,1.0463727603285602,0.770659496555698
0.75,-0.8084891044190021,-0.9841276988295764,0.03954575457478329,0.5702823583583163,0.6499777100461287,0.2052890883731323,1.5415782884403773,-0.4338305650679349,0.4484233771746706,-0.8796439075997309,-1.7240817290779584,-0.18431173094837738,-0.31051050700486355,-0.4166715475270062,0.48116827574728577,-0.7613866357206744,-0.33229243499266986,0.027388455849099647,0.7209198711994494,-0.40146370201952325,-1.1845109707924364,0.29028043797721365,-0.40627465930744283,1.0938440067973463,0.7653362519863057
0.752,-0.7983845206208656,-1.0260497809491178,0.0857288293029421,0.6508147786695265,0.706949917085623,0.1864040946303112,1.5374172337730025,-0.576301692887424,0.3912141102425083,-0.83004373946035,-1.7480607751197377,-0.22475635193291785,-0.2816878126601556,-0.3719669740647164,0.49629568398870605,-0.8078533707775212,-0.34499798283542676,0.04806370321941569,0.8147976173832494,-0.33751641786766784,-1.1067637665990293,0.25071245791756075,-0.47640812608349714,1.0305660225113644,0.6933152839363845
0.754,-0.7911368220277701,-0.990482834116547,0.05767615781099738,0.6744586902539336,0.6735755616993002,0.19192795335113128,1.5958769046862282,-0.6046360056303763,0.43133207018197844,-0.8029934818186331,-1.718831799334477,-0.2606994954429168,-0.3216473678629977,-0.3556392541625858,0.5433322654347644,-0.8526296270070808,-0.3852122330860072,0.10924230194068021,0.7773733651098571,-0.3625106086358402,-1.0578125582929512,0.3241986241290188,-0.529619351457108,1.1325576059760014,0.7606920578633916
0.756,-0.8234682698041629,-0.9973154426656604,-0.005465839792239267,0.6328048113412348,0.7683364252548458,0.16643645745241945,1.6254462369086855,-0.5826911668509905,0.41810172679889107,-0.7689924348209424,-1.7538210812480057,-0.2918302168500181,-0.28549638993765825,-0.4428629188310496,0.6336875466462913,-0.9185306277796267,-0.3487724052821446,0.10115119699116265,0.6607389187833371,-0.34954896275591046,-1.030547172056863,0.29336120236512625,-0.5472110184532502,1.1418503760899943,0.72195369391402
0.758,-0.8590530676391557,-0.9562756136376229,0.057164933897219515,0.623778312120202,0.77479821562887,0.15243809345458098,1.6982565393174793,-0.6063959864751975,0.4782176438636005,-0.7910547664968001,-1.8395850558349485,-0.31092245469396507,-0.22835934881444267,-0.3676972893411994,0.6356529051951456,-0.9661988493406543,-0.3618184326222196,0.1317239199033906,0.66202019784909,-0.44387211429893647,-1.1061063725543714,0.353093570378866,-0.5508517824783897,1.145674453747497,0.723104686983873
0.76,-0.8584985878834664,-0.9789149037222918,0.028624860224110368,0.520179835782558,0.8149607463338586,0.2681160546604856,1.6604909936983845,-0.6322657727425695,0.44220673388696796,-0.776869884911701,-1.759412602151928,-0.3446761636591753,-0.21564749765748917,-0.29414742764237345,0.6691241717453256,-0.9915235131979567,-0.3265885541869476,0.09918217373622844,0.6556962547581786,-0.44114030095241785,-1.0624906396132177,0.4089804156879945,-0.5776021477567899,1.22548482065621,0.7923368435259283
0.762,-0.8736024919735067,-0.9622461253761362,0.023909841093434647,0.4422456003080436,0.8367422293497155,0.31252995457998933,1.5989205997558225,-0.657299845398432,0.4633095699271705,-0.7971737917147932,-1.7321392243790719,-0.3454382671306019,-0.23253517354169911,-0.2864171927029196,0.7359066335320917,-0.979392477586908,-0.29288571982296757,0.09129228602387662,0.6430504622845179,-0.4214583152637029,-1.1055599989020377,0.4151003206110311,-0.49899035900715705,1.2598248288232823,0.8506954207765439
0.764,-0.8298204772823649,-0.923862390520803,0.042631688262357054,0.4476422683911434,0.7594398235135607,0.3624739052191668,1.672072449162608,-0.6422569496449709,0.4677710126169819,-0.7899661608330609,-1.7111827199784135,-0.289452826611765,-0.23105239443826803,-0.32836204218320786,0.7991903362721788,-1.0510589834076252,-0.2639214830979944,0.11264620332945016,0.6668172251426864,-0.4395631647905315,-1.1686388509652528,0.3803761957893845,-0.4875001162369103,1.3002274302461088,0.8350266631620195
0.766,-0.8572844966642561,-0.985356780542648,-0.006733349217733359,0.4333650408323323,0.7864170494300139,0.32731624617470845,1.6210012487474026,-0.6183769767366998,0.44714677964243377,-0.7370032143789608,-1.7703317766792077,-0.3178622005385651,-0.23672054485441418,-0.24944878997044276,0.7619117140730475,-1.0957991499878685,-0.3849789316204363,0.11829816704376547,0.6304749537402943,-0.4616715318750185,-1.138270982571579,0.358980276662236,-0.5452004635541858,1.2832774600578625,0.8550997351556449
0.768,-0.9092065392612871,-0.9755444707759156,-0.009149629410930591,0.43749176109740817,0.7159077076431244,0.38810372864715703,1.636765734508577,-0.6486063928708011,0.5158881087698883,-0.6557815822863775,-1.7427478403556411,-0.291521468150636,-0.15970288269268257,-0.2518375183062762,0.7546335179164452,-1.0541075541840585,-0.4246686994072241,0.1726401062201732,0.6126839850454214,-0.48542963635010716,-1.082976918650136,0.3314556155779763,-0.5335883679249875,1.294330020416324,0.8430805900134378
0.77,-0.97230141712655,-1.0183107671737193,-0.02444633095829258,0.4495638806452936,0.6652355930099705,0.30505600962562684,1.6299529709093636,-0.6697359212712843,0.5684123615663051,-0.5739748051043495,-1.7081404278323788,-0.3006595181004804,-0.15962788234885528,-0.21918811821645134,0.6949641192537704,-1.055091294081815,-0.4641390416859733,0.1717063859133314,0.6747174640783085,-0.4533353317786784,-1.064358417246557,0.36913221625821035,-0.5101017412719652,1.3247061585406519,0.8652011437998888
0.772,-1.0303349246387017,-1.0096019307465942,-0.06356158844498822,0.4262252435189195,0.6373382006002223,0.3721231039407365,1.6145314202455803,-0.6841602645970541,0.5800921520457661,-0.6015172133027274,-1.6611562447723396,-0.2765442800631467,-0.27364222938582355,-0.2076636954267549,0.7170041442004607,-1.042801782271155,-0.5366315448863526,0.17941208591152388,0.612756066250441,-0.5578166707578261,-1.1048002673074424,0.48484591144516387,-0.5196765326161227,1.316985304319565,0.854657706008435
0.774,-0.9927064542510156,-1.0464893007735478,-0.09833053411336973,0.4908773044636412,0.6733348147109587,0.3781379257481353,1.5703059581389003,-0.666389813313181,0.6166716967947659,-0.6148755070126842,-1.5807264148385012,-0.2947600582529154,-0.22490643490374024,-0.23845056573683587,0.6757826142842996,-1.0905357576897747,-0.5368054076403143,0.21435297386111146,0.585501449153453,-0.6291322104620879,-1.1081883398644128,0.5415773049138083,-0.5861048495652831,1.3319741350609344,0.9404635567284103
0.776,-0.9084052916836911,-1.086790115406426,-0.07807127657135077,0.4006693031447648,0.6753053696526722,0.40963750563579204,1.5881891096467913,-0.7693913792949562,0.6325117539479503,-0.6029004242885208,-1.610831672516738,-0.28386229123956436,-0.18737269575096765,-0.2751915563342164,0.5709866793530132,-1.0696287053073505,-0.5083699936139946,0.2459245213723141,0.5642393040664048,-0.6606980453980521,-1.0697110759904205,0.553036688701543,-0.6426721638559064,1.3071453243477063,0.8917882230822796
0.778,-0.8505659523055157,-1.0732851467649456,-0.11140706161470235,0.31355054457056636,0.7002230535510493,0.41147086258436516,1.559207034046875,-0.7884879001438788,0.627084179760395,-0.6207465064155856,-1.6563623622644201,-0.3696060440311789,-0.19968569093542748,-0.2708882168529492,0.6028191698761026,-1.096088432013712,-0.4594558616651839,0.23366104695548132,0.5948632679779366,-0.7186192924755566,-1.1234584070101072,0.5743336054117986,-0.6734466537867876,1.3322558380562997,0.8771330471289013
0.78,-0.8304182443866034,-1.0781434139191708,-0.06735533105425198,0.32384543230341506,0.6072662454066666,0.38181889877076114,1.5790597798143635,-0.7642903855316758,0.7210906174569308,-0.6036775826366844,-1.7593772442978675,-0.3990706535401068,-0.258109183508128,-0.23299894871242469,0.6128855287797359,-1.1219561112681051,-0.5643259657111921,0.3382034054911578,0.6775798485925648,-0.7598000847868172,-1.1044490704374113,0.5571766799559028,-0.6798385837828548,1.3058935969439394,0.8831927365540846
0.782,-0.8515149750217476,-1.063417391756905,-0.06674179993233753,0.37238208630864716,0.673502523020051,0.40434021201990783,1.4542645257753806,-0.7685027713832049,0.6741645665459688,-0.6172540127066396,-1.763278667249647,-0.3240394567817103,-0.20789403423526162,-0.2928653971706214,0.6636574125640968,-1.2020993648386986,-0.5684097473486573,0.28887876175057303,0.6790587418379896,-0.7136024056615129,-1.1153038579130086,0.5100032017980825,-0.7874968266444107,1.293956286701058,0.8242036942249006
0.784,-0.8293276941135859,-0.9662595533470117,-0.07345201953829855,0.3325691616402716,0.682932380510729,0.4349572547293361,1.443368958175801,-0.7032172584782082,0.6490876448045132,-0.6609823959893761,-1.7681498006278675,-0.30813601250333894,-0.17150410755376255,-0.25294589900993464,0.6246317937375605,-1.2042838257268402,-0.5268590041853848,0.2297823443111598,0.7728306171852029,-0.6450745045478615,-1.0380879347704397,0.580242222292873,-0.789123789862625,1.3006825120728365,0.8309190034504567
0.786,-0.8788755577311008,-0.9950911163779887,-0.0385304470966336,0.42271149880729375,0.6924440184414883,0.4190447196637915,1.3982737196921462,-0.7379788867221139,0.7059965870664815,-0.7105434438458658,-1.772936012570376,-0.40648543974603824,-0.2520773311414282,-0.30655824700781387,0.586198534341969,-1.1894568941952404,-0.5692836750710655,0.21348992162290503,0.7426992372729023,-0.7182029434144466,-1.094955205715506,0.5348572109001353,-0.8096134003488852,1.316479645104677,0.8171373195973025
0.788,-0.849845874539232,-0.9829990845226512,-0.007870771391283077,0.417301344201679,0.661115775460866,0.4317980530636566,1.4086048156780342,-0.7498051075535889,0.6323758611944666,-0.7499217252339335,-1.7729913561284145,-0.4193466264118658,-0.2841658877683396,-0.26779104267590204,0.5272251429691194,-1.2041071636279603,-0.5481611424876912,0.31081464295385375,0.8325560903050891,-0.6741962780099842,-1.109849839920569,0.5964386906692694,-0.8071489811106628,1.3035750330329579,0.8804331455553878
0.79,-0.7918484580363543,-1.0589269733920894,0.03718035124381465,0.4333292760449267,0.6304763807845802,0.42189560334651693,1.388594595965853,-0.6911268541263559,0.6060768855141334,-0.798271429520527,-1.7863923660546117,-0.4398874484273667,-0.21236057322770846,-0.26546816740746115,0.51810072417421,-1.2354163037541352,-0.5648017447247494,0.2718780009285026,0.7874626223026019,-0.6841083072292081,-1.1648687245734806,0.5721686824935416,-0.7839178758638935,1.3576556163837428,0.8664675724905072
0.792,-0.7685951596969649,-1.1608639949608999,0.04642855296821043,0.42317577693194613,0.669562371712487,0.3871614238608437,1.4012728353490242,-0.7385695884870553,0.5975459004180979,-0.8443556643752542,-1.774491535631157,-0.41658591614350915,-0.20029643398586763,-0.33383057148862016,0.520852313414317,-1.1568474502091535,-0.5291762262570664,0.2342410919885688,0.8155817201953665,-0.6948459182071048,-1.2068510600592568,0.5543064217097633,-0.7318600657857913,1.3198966243416264,0.9113834391048113
0.794,-0.7237796587613737,-1.1512554941837625,-0.027426584762839025,0.42678391016436135,0.6395617046752111,0.4499794358363598,1.4518526981822901,-0.8054879260379466,0.6369340416514099,-0.7991542353733845,-1.7861294975434978,-0.4482778485196177,-0.19587499619621584,-0.2432605406130014,0.5004808049343616,-1.170343337786821,-0.5418922372735432,0.2228869382631859,0.8557061821356393,-0.660532339325563,-1.22839878585834,0.5869311794244798,-0.7531896064552419,1.3634447621680352,0.9282899452463079
0.796,-0.7413824606969447,-1.1654976770864365,-0.07935864991817149,0.4332314815955675,0.6137268603483121,0.4498678768897181,1.5328928993957165,-0.7721544189065412,0.6996262079441611,-0.8063656068215787,-1.716212462398401,-0.4542563036048605,-0.27222659720345255,-0.23294549462320643,0.6099802449107629,-1.1347563823851885,-0.5494123780530257,0.16283694137345603,0.8290108440764112,-0.6627970908907316,-1.2779036747462542,0.542929581086185,-0.7044815168738082,1.4697803859692078,0.944842799718863
0.798,-0.733691126228917,-1.17661888634699,-0.06663792676637187,0.4736156913604559,0.6217828441321729,0.45039067452842696,1.4918587605180622,-0.7890175728904705,0.7290050771208821,-0.9192052397437213,-1.7128537780690314,-0.4258391276338026,-0.17690385449034068,-0.24678973705424162,0.5660529339833884,-1.116588261006813,-0.5941752050711195,0.14600940950629457,0.8697101277528761,-0.6769125722898389,-1.212893610426321,0.5963411030919356,-0.7110877300146864,1.4065403781362436,0.9718994694034878
0.8,-0.722154076007156,-1.167883827774152,0.009306348191197841,0.5132860186027339,0.6336339384804107,0.3958368093128787,1.512516979431583,-0.759306624692206,0.7390335490060601,-0.9390602231491106,-1.7502773230783455,-0.5225975373568379,-0.1409077221230658,-0.27726697128797034,0.5139103572502361,-1.187939200453257,-0.5252166513579348,0.11585514241211417,0.858615765136109,-0.6990909216770944,-1.140180425465596,0.6446256821948496,-0.7044794944501296,1.2775865307329441,1.0207940102076032
0.802,-0.6786748056147893,-1.1550676298790412,0.009420414652010245,0.5520254664539319,0.5506364494862226,0.4615531007177256,1.4908929010207865,-0.794467215494646,0.7371548115082789,-0.910264857619953,-1.786195658196802,-0.5309098308395046,-0.17988058664204717,-0.28524757096544945,0.5358165439148753,-1.1720866637080676,-0.5404787697473453,0.05163070032848702,0.8171478257817768,-0.724023873799418,-1.0606145307053307,0.623327873710729,-0.6343562409066179,1.254700173925332,1.0802976671015976
0.804,-0.67991081785598,-1.1996793676746709,0.0475613050012711,0.5251762571611339,0.5576679478744436,0.35384044826709193,1.5266108858182654,-0.8422417654025295,0.8489370587378247,-0.864153343394363,-1.8022163712725938,-0.5354592154765809,-0.223972993698755,-0.2570998294765459,0.5500287643545136,-1.1568107462921922,-0.5001629354742236,0.0280321140024402,0.8851869167771482,-0.6489968509842144,-1.0459110102002807,0.646311419803657,-0.6527074422475265,1.2328908358456825,1.023540268292736
0.806,-0.6355462243487241,-1.245396674520807,0.03029277305179155,0.46884799563540286,0.4472461265198815,0.3404667639116517,1.6162549122418213,-0.8270463608505476,0.9379566707077504,-0.8598696440724402,-1.89890969342497,-0.4900927746805828,-0.20258933141348817,-0.2236981831642671,0.5147500403820071,-1.1902130396159316,-0.4533322815578559,0.03182420046060699,0.8265040074497304,-0.623926611640412,-0.9749717674265806,0.6129059572018066,-0.6858180952423418,1.2916543346571843,1.0846196401673316
0.808,-0.6185021878775255,-1.2128559027724708,-0.004853742756364247,0.4750339604190169,0.5062454703658387,0.36597500150033646,1.5946545252443944,-0.7566808492231596,0.971407999316883,-0.9102740828858912,-1.997736467455001,-0.4692260645849781,-0.14588551213266823,-0.22294600278090584,0.5667440514723949,-1.092325188546262,-0.4583646412619335,0.03376339828336304,0.8613045716963711,-0.6092526997613263,-1.0036578301722021,0.7099183260127294,-0.7110706971292099,1.3328939318644524,1.090528423349613
0.81,-0.6323962477915956,-1.2456950752846792,-0.04530700937879607,0.5361200238740467,0.44845419760084926,0.3286106425549376,1.615274376806216,-0.748324196994879,0.9463540080855375,-0.8674616388069185,-1.9893180549190956,-0.42467219637643466,-0.12864743741143025,-0.1611795620172123,0.5169296840866879,-1.0717815722747293,-0.43569929606952884,0.0303822668850443,0.7784390204301975,-0.6194749630160735,-0.9381444253405816,0.6801435772489495,-0.7016722449281747,1.3217318911872349,1.146105815334417
0.812,-0.6566442929566252,-1.2426480458876141,-0.034004204203324895,0.5669580296177171,0.42332613705569044,0.27003207594389844,1.616794718218722,-0.8002941570388848,0.9631396384996473,-0.8095385810505838,-2.054330611630301,-0.49344022647081764,-0.13303393548600126,-0.08531981628070037,0.6046420335148193,-1.0576804539537026,-0.42761369210009614,0.021525700614254795,0.7372716735577909,-0.600424337055371,-0.9913551294278278,0.6684522875570994,-0.6519245670496001,1.304938478869124,1.1807748336115718
0.8140000000000001,-0.6136176298928329,-1.241083968913587,-0.018451070763740522,0.5053545865037847,0.39593743269826387,0.33546191073954545,1.5301915534412982,-0.7270104222889705,0.9996837182785493,-0.8462449249389696,-2.1122305146734437,-0.4962604296338772,-0.13981075929754896,-0.011224846940029828,0.5430042022558098,-0.9426995092881633,-0.47627090023223395,0.08890814083591839,0.780980667340163,-0.5424081498890706,-0.9106211574952024,0.700611747139311,-0.6129089534310042,1.3286056902127619,1.2053055286550396
0.8160000000000001,-0.6045990460704908,-1.2448470265975309,-0.03697438736026583,0.4695444114001729,0.3926783376012733,0.29328597423476,1.4497563539176492,-0.6790272516627817,0.9775305649602501,-0.8796202737542741,-2.1331460719123587,-0.5455309533363919,-0.13328807104688623,0.046802090528808495,0.5151148842460034,-0.8931857744574997,-0.46655760531157414,0.0647633394092005,0.752437049744883,-0.5503433595631017,-0.9146379063772765,0.6913976553645047,-0.5964226007986454,1.3203105423338912,1.1448476691963652
0.8180000000000001,-0.6541348996020762,-1.2407645602790807,-0.06579632175719513,0.4669197734760022,0.3417824608319634,0.36494103548930207,1.4701196614696084,-0.6882469499661025,0.9807459350394085,-0.8278470193678744,-2.128460555182597,-0.6410700604497359,-0.1393799706679571,0.05152868975452636,0.49175641124561886,-0.8440169088705929,-0.4383792230412481,0.042322826651366795,0.7312151966212909,-0.6547392720772843,-0.8342261350612268,0.565536230176964,-0.6352223255057511,1.2920908610605488,1.1335850034897812
0.8200000000000001,-0.5809093111212688,-1.2348551400197758,-0.0029620465931883694,0.5310434626742446,0.28545779384109216,0.25671540786266284,1.5482951858115244,-0.6434173924439669,1.014057606223423,-0.8018746294461208,-2.1058843749053806,-0.6095678345393197,-0.1248868502281304,0.04330585414135674,0.5534619312810038,-0.8409012136541837,-0.34892841471562275,0.013874707513219463,0.7505378049980714,-0.5972737899634216,-0.9000410140933572,0.5858662695078634,-0.6822074714805318,1.2337938662467467,1.1120106786469215
0.8220000000000001,-0.5293450651759404,-1.2596044103461417,-0.021363360350895488,0.5282814365098204,0.35076966844154034,0.24589558406488587,1.6472858931007799,-0.6553404898191802,1.0473457368678738,-0.8122907092170443,-1.9965364606704918,-0.5791393157750723,-0.15463286075132343,0.06322817719243065,0.5968134770111433,-0.7685622869727602,-0.3176505959076154,0.020178961796067152,0.7719762574781752,-0.5625458106290812,-0.886287707911306,0.6456798469080185,-0.657805440642429,1.2977223857680082,1.0408950874827452
0.8240000000000001,-0.5486548405785402,-1.281600933525585,-0.03637518191999982,0.5482285501198724,0.35545888959200134,0.2605335006524226,1.734171298193889,-0.6716343348992525,0.9874810949291266,-0.887194058006823,-1.9570635473073184,-0.5443483637165503,-0.144338989346092,0.06011975640701505,0.6198304781769093,-0.8083779642286564,-0.3025792547767914,-0.03709426288957736,0.7817070298114127,-0.541360041942554,-0.8925445037516876,0.619208111227103,-0.6748438232624617,1.2770680356468533,1.0436974699906574
0.8260000000000001,-0.5740588863400591,-1.3650184212461745,-0.030561763798503117,0.5489184274567516,0.3872994784731052,0.2941484024114216,1.7409221082495228,-0.6854292992886374,1.0341928324317204,-0.8778309729384166,-1.9754686610467644,-0.5061433129743256,-0.10954687369272367,0.1410744181715032,0.5368666195196933,-0.8316539517765118,-0.26497075847081286,0.006670515053045417,0.8378828649626644,-0.5729080767716831,-0.8523688293940059,0.6499554953134395,-0.6731476971773008,1.2774701683237353,0.9828506155329915
0.8280000000000001,-0.5893853105119279,-1.3476052973355812,-0.015554763033158876,0.5315831095021878,0.3339349828020818,0.1855182989480515,1.7747053075936532,-0.7119219043876065,0.9595735811579984,-0.8711810941294459,-1.988456378198382,-0.4742137902978857,-0.08540416349118955,0.16242332627086375,0.5427375436259362,-0.8697121808877057,-0.25076247237098526,0.044700008962130146,0.9127186233629643,-0.5825527086964875,-0.9629348235577992,0.6476800077092998,-0.6444983236771485,1.2148455493213266,1.008341876029442
0.8300000000000001,-0.6064896669680653,-1.3010777599590624,-0.009475255902618922,0.6099009750580404,0.310897602631248,0.16451706185564433,1.7846742869442083,-0.7585455099974284,0.9380091683988856,-0.8551080909922161,-2.0210153983144115,-0.4953752647202107,-0.09133884296565029,0.10350993965456039,0.5107545474604809,-0.9573801955390168,-0.23728338845761016,0.04363677047865276,0.8654845813249954,-0.6188472320405726,-0.9489676416100348,0.658798872830255,-0.6136153625510856,1.253805173414273,0.9827108319959047
0.8320000000000001,-0.5971041041688792,-1.316453976647691,-0.02121349801758178,0.5453189614538237,0.2868189908274843,0.2146101296158472,1.8002437925690256,-0.746756005571061,1.0005821821869552,-0.8476204995909512,-2.0257367112811973,-0.5142859967637924,-0.17448843926230595,0.022889284103983415,0.5728007577083681,-0.8431578596783543,-0.2379452434326183,0.01587644954321106,0.8675669533031548,-0.6342593319543237,-0.9556531803972895,0.6216339707987928,-0.6308249112582593,1.2193838449885104,1.0744206632732702
0.834,-0.6107523925736995,-1.3417010780310403,-0.06298801170073103,0.6028816844734718,0.27647204281358334,0.20682854389144437,1.7287874541346895,-0.7129210589624503,0.9781211028981989,-0.9132938305442821,-1.9838166672079003,-0.5416902651428124,-0.1685803891515093,-0.0013080839238641118,0.5957610241220033,-0.7826365774011725,-0.19108139821344555,-0.0066568268657611375,0.8336769758306442,-0.6536635677585257,-0.9102130209422805,0.6533046538696069,-0.6441180975362154,1.1913170096712882,1.0773037352133121
0.836,-0.6334629941534096,-1.3969319300832193,-0.04825486982405518,0.6892460971501706,0.2206329001596234,0.1499364085964028,1.7158743870315365,-0.7778320587408847,0.9268760057788239,-0.9330530144718504,-1.909929222790292,-0.575921836897797,-0.18466097736677212,-0.01898768093678192,0.6722667589157958,-0.7658856117399406,-0.18006222208272604,-0.029525566396679807,0.8285321301035933,-0.6352430667868911,-1.0093287569084353,0.663893232831582,-0.6911222432955499,1.1370581191062314,1.061505325888376
0.838,-0.5292333515713594,-1.4161789080193057,-0.01473083921190859,0.6491711763113234,0.24569141334376124,0.062091624357298494,1.8307190633682264,-0.7671087840816976,0.9379236808269275,-0.9436957665098753,-1.9366592340213828,-0.5629463006019665,-0.13968797331135407,-0.01460102094836624,0.7198045384190735,-0.7411854174966621,-0.20526265634441065,-0.04178317830689605,0.8404247330492264,-0.6508201190557079,-0.9411580160408741,0.6876919002356545,-0.7869440532121688,1.1484351624085969,1.039190246373333
0.84,-0.48506189771252967,-1.3709413437680087,-0.01582414193377842,0.6117225326912918,0.2476864161822355,0.033784275986214925,1.8039431601576106,-0.7407667536117989,0.9333426761930517,-0.9367050226058656,-1.955139307677994,-0.5636704081801265,-0.1653180119983752,0.031939944332514465,0.7152494736294327,-0.7004916899634581,-0.2063736416011674,-0.07118610928212842,0.7025448904884035,-0.6350285615707926,-0.8745130651953571,0.6852095413075515,-0.7551174832158205,1.0824700437897852,1.0009585687489952
0.842,-0.3852994129902778,-1.3554298298363503,-0.033539993456703304,0.6164228442880159,0.22903386429501044,0.057024125038098866,1.774969200262393,-0.772293057127463,0.9166113604215078,-0.9232670705083055,-1.9680179032504688,-0.5418468897596015,-0.17113843575064844,0.07676268346350115,0.7704253593177759,-0.6506265514940106,-0.23697290462411724,-0.10098311365656851,0.7339972785424821,-0.7249402406954242,-0.8636996268534265,0.7003056575287024,-0.7457702690820481,1.1218326186582506,1.0061994569556811
0.844,-0.341341682310497,-1.4107279156832515,0.02817681910529623,0.6950658872585126,0.26400677269302025,0.08665430565458734,1.7511366995784439,-0.7090128465945669,0.8939488063579469,-0.9103366402614207,-2.0104976389782228,-0.5619788741746509,-0.23271790643828735,0.14442336783878312,0.89988015899403,-0.6948559691197294,-0.18781753007370755,-0.10001470191490745,0.7483020661639336,-0.6941476916484544,-0.9264075074010645,0.675694605399174,-0.8132834629589148,1.0839308829002738,0.998587353921234
0.846,-0.34624495006992845,-1.4079531516398698,0.01784993529015635,0.6278459753837433,0.2299727147403069,0.08031426255740207,1.746502682477844,-0.7660309475915185,0.9380718578907103,-0.8982587558580325,-1.9919116704568844,-0.5620756229047433,-0.07585817186335317,0.15932362809725767,0.8750225555392777,-0.664442006961451,-0.21525851150782466,-0.11475077300140284,0.7831402992856156,-0.7687275216908479,-0.9776159688105188,0.6970901799775129,-0.7397246634683942,1.0942059316129837,1.0110857407014853
0.848,-0.2922431110330116,-1.3548075304778164,-0.0003873637540842585,0.5942688159892204,0.2193505965866826,0.1100674344728582,1.7566109888557966,-0.7764718131377805,0.9377356643625401,-0.888416876872337,-2.0214647924343567,-0.6356204414948015,-0.02784660437800747,0.1136851255876323,0.795573672522286,-0.5487846239795225,-0.2349826369206033,-0.196995984125726,0.7949069364820054,-0.7657665112121977,-0.9631870561135208,0.7569210167438699,-0.7570675606447138,1.0733085620190341,1.0067631571173052
0.85,-0.2473972468482604,-1.368137147210622,0.057526783469433046,0.5600065314793514,0.15148766100668606,0.12158887062996833,1.7578054184003606,-0.8200005465518434,0.7977688291168534,-0.9003661172466143,-2.092253054344048,-0.6493032316867936,-0.07470562114447821,0.11770421257697825,0.8637228597790281,-0.5673725555186275,-0.2833506494512525,-0.23755295446136085,0.7452525184238613,-0.7317732244332502,-0.9448629317240055,0.7387167495514813,-0.7965098382237151,1.0681786974180654,1.0293718163451866
0.852,-0.2844735376095304,-1.3145135082987287,0.05666335541193283,0.5820839110207957,0.151746332550983,0.045992160106489086,1.8074260025420863,-0.8101250922789712,0.753179269382626,-0.9300160421758589,-2.0697862936577103,-0.6704268364375406,-0.11384209009638438,0.08361136885127564,0.8596388375342546,-0.5916222053290718,-0.28084552139583735,-0.24443202113687768,0.7197642278337737,-0.6654761088926557,-0.9538048199170772,0.7215509137114633,-0.7752440510809329,1.063588602415479,1.0056393542253268
0.854,-0.18064207101147778,-1.3939961129640368,0.0780289571713262,0.5128497051883821,0.16819989974631613,0.12322390418026508,1.7583220246388005,-0.8255459114090072,0.7576861166465084,-0.9725399241246896,-2.1219331406182085,-0.6189430431128735,-0.08607570092588546,0.08359691610440603,0.8821736759438765,-0.5803101704193371,-0.29298119410066953,-0.30167241844221687,0.6724863888666567,-0.6823564841116028,-0.9900199042805113,0.6815902552050842,-0.7481872802989387,0.9864367826670274,0.9854509112828944
0.856,-0.21095937768271408,-1.3975522408934173,0.19692210801009113,0.5914423755815603,0.14301335999394926,0.15728626268934315,1.6492779841954253,-0.8261293148541564,0.690281841282904,-0.9688781587075718,-2.1282014753437304,-0.6491478316769298,-0.1094336238569749,0.10382471951840726,0.8563665575206862,-0.5532154947978306,-0.3028045722676765,-0.3175068400015449,0.7390371212867871,-0.591173920547168,-1.0253971630169507,0.6980718730062175,-0.7437096999846722,1.034109710341644,1.0164863216598126
0.858,-0.17258000718477595,-1.3424928540833245,0.2065751760538394,0.5761194482541467,0.1425488580787564,0.20822940684570704,1.648927486251486,-0.8242881114598261,0.649112559399774,-0.9700809323342933,-2.1082031395923875,-0.6264160115046573,-0.13981275374555044,0.18311421513293713,0.8496017742503226,-0.5224924093241557,-0.2761527029766639,-0.4487318057613956,0.7271372915899912,-0.5507294481419933,-1.0844204073159116,0.600303761309823,-0.7469639923686664,1.0471778671369134,0.968951207729121
0.86,-0.19623870348003244,-1.317195565083379,0.28169935067634516,0.5136157668292323,0.11130174650723143,0.216321526106256,1.6675371064857207,-0.8226715337978955,0.7235949325764436,-0.966766558130469,-2.0801658391715137,-0.5803850381548263,-0.05190946199333092,0.17804862906958704,0.835224186377189,-0.5334213038316101,-0.2962193989946804,-0.4665000362278185,0.7640780647992493,-0.6066292617306867,-1.048205516525888,0.6093420579399275,-0.7531323958425926,1.0685641147342753,0.9497061209603307
0.862,-0.19211870058785957,-1.3322271673430568,0.28530989309748067,0.5318258017597937,0.1282736606477737,0.21761602706164218,1.570524868434743,-0.8077035831406226,0.7621680819908209,-0.9205700153946605,-2.054196455602565,-0.572096603445556,-0.0772110663910611,0.18853692629830232,0.8701539814258107,-0.5095753946452519,-0.31970127981752633,-0.48869713443693136,0.7734052952664855,-0.6188733344365129,-1.037546336558753,0.7127128993327343,-0.7291563756898795,1.044985734024727,0.9841589089212809
0.864,-0.2100058487011334,-1.345855414076738,0.2960971164820478,0.46588491029305645,0.1991509556160378,0.23085106621982115,1.6068657188624116,-0.7706371591345068,0.808811890611349,-0.8927290639320132,-2.2010320074014715,-0.5253413058652853,-0.0646410036704739,0.14550223491946293,0.880198323400806,-0.5485706601074081,-0.28261268130311223,-0.39310596776210976,0.7859891053829029,-0.5786724319842093,-1.046338638874474,0.6179682132051696,-0.7488970868501368,1.020590601567115,0.9784817487253716
0.866,-0.2571592990162511,-1.3423137593251808,0.3818988703898816,0.47947525164826893,0.24839712017605034,0.23975427855061646,1.6749518967450305,-0.7463422629606469,0.8403228583593065,-0.9376054684211084,-2.2685154048972827,-0.5818355363030024,-0.02442031785931799,0.08227604288662588,0.8439593497939271,-0.5456348644117278,-0.2447335178250067,-0.38266915307158694,0.8003772883237597,-0.5979450938924531,-1.076649154295486,0.5721623540327592,-0.6922679800199585,0.9322534960903512,1.0057636424161485
0.868,-0.2506181327913351,-1.2892180157697228,0.40040630387393483,0.5165915954454691,0.22995545732985517,0.1458459350467049,1.6635405699890915,-0.7711031548552113,0.8181099863580218,-0.9582066042173588,-2.2889199016888306,-0.5509677198081673,0.018463593997535242,0.10149432729376287,0.9105478046177239,-0.5303927839188223,-0.2074207297714655,-0.401539665233483,0.8357346626498392,-0.6847713037905157,-1.1101807409079734,0.4875196939006478,-0.701855906864527,0.9689410068587181,0.9829151250835289
0.87,-0.18238458731098472,-1.232720644243801,0.3656968261282857,0.47748678319982485,0.244040336503687,0.12569610788965255,1.6298417707522246,-0.7233908795612937,0.8126849212157852,-0.9683274853576903,-2.3280532774791043,-0.5417730177619008,0.037902396565455986,0.12093224794085944,0.9058280827485542,-0.5445502378263073,-0.26223212336292906,-0.4126623226398152,0.8548505047363142,-0.6643504048832828,-1.0375789416822758,0.45938979067858093,-0.6940745082980823,0.9558139666642003,0.9652212092643644
0.872,-0.18840950014862154,-1.2712576032898386,0.4217794719488125,0.5632716428264358,0.18559566669240438,0.11942609255317695,1.7150952500437566,-0.7575222305541627,0.8174858261461843,-1.0163470050070502,-2.3404089069494205,-0.5480579985328449,0.09377115380825035,0.10331885393353588,0.9147174816191092,-0.47895949197389653,-0.25373394354262163,-0.389489367418086,0.8766827225167408,-0.6339352357965169,-1.0849645905587368,0.48105959278671706,-0.6729899910052711,0.9060671593903665,0.9486212801630486
0.874,-0.1656603490914243,-1.3258173197628036,0.3581255251512753,0.6004838729106898,0.18092104048015004,0.09934573898239056,1.7043939614170447,-0.7040520498222534,0.8144540314071561,-1.0161454892647115,-2.3797073702062543,-0.5724366826988706,0.1597707778646112,0.09017884423526804,0.9050709458617558,-0.5247315882817287,-0.25454000682751127,-0.42155056073063374,0.9130749802409989,-0.7148744472959404,-1.03728523124112,0.409961042697728,-0.6993803094846494,0.9647942971424749,0.9650820440001654
0.876,-0.11610219157524398,-1.3776045283242213,0.32297529193072394,0.6757212556681956,0.19123667055229093,0.13092779072617947,1.7484162464429263,-0.6696195212600233,0.810386319520633,-1.080199524583422,-2.3596898690533985,-0.5566699673257449,0.20408426853389497,0.055521392470941205,0.8743592555215679,-0.5400825348862425,-0.3185099961484389,-0.4429700787325348,0.9158242335766698,-0.7537175976227386,-1.0396594833438741,0.43921209051090426,-0.701988206318659,1.0429348652138384,0.8723358941569164
0.878,-0.1550735450218131,-1.3293271841355396,0.32970676280008554,0.672779161434858,0.09564052168192147,0.08339150953900167,1.7985167075561777,-0.6354018980877048,0.8635091979127651,-1.1472860905275113,-2.396767939647832,-0.5240967715974043,0.23684531613593626,0.0646923700689383,0.976889193726297,-0.5725586292500763,-0.339839143516364,-0.520264675305634,0.9762630370346262,-0.7799013277264056,-1.009785826071693,0.3975427426258964,-0.7414579409121074,1.107751942468756,0.8434376654059779
0.88,-0.1614267198180958,-1.2680546256528378,0.3422432085411248,0.690827481348281,0.041263402060915694,0.09528452369266537,1.7669329694473395,-0.6437048680404572,0.8172292472986951,-1.1847055581643642,-2.441869493450527,-0.48915995699515036,0.30063420467011504,0.06911951810754643,0.9986081390771512,-0.597720316623259,-0.3114630584116704,-0.46975625377342756,0.8508234423984545,-0.7560218136228661,-0.9641359265389841,0.4082825419395037,-0.7611419124393662,1.0784842539019661,0.8596992430528709
0.882,-0.17655710527967253,-1.305901613687455,0.3574471338768735,0.676093690093356,0.021900033263332636,0.14120321272257225,1.7595968312763517,-0.6266384519924333,0.8087162421773729,-1.2174562785055492,-2.4390642156319675,-0.610761766197961,0.31850591005824996,-0.017576148496909055,0.9774953764913874,-0.6088856267005496,-0.3136300796369279,-0.47577321841650116,0.855798656937176,-0.7484605343980582,-0.9916501866004538,0.4140058503611413,-0.7730967053343961,1.0321953837168822,0.8332307808144936
0.884,-0.1326267052804898,-1.3139799626184878,0.26280341366694826,0.7183244759669744,-0.027811556675734966,0.13410824124038273,1.8266878754068447,-0.592615016093243,0.8689330528900692,-1.2489098911832448,-2.3630516487655218,-0.6453003437126523,0.24807782148808777,-0.0018402676244847448,0.996585038716917,-0.6447224561238246,-0.3046348617615363,-0.4631045105259464,0.8452729306929799,-0.738388463599065,-1.0547803573288335,0.49692354279723316,-0.7906214619702101,1.0827915354559354,0.8418774355276366
0.886,-0.16887130279438517,-1.2347568365404304,0.28070517485811514,0.671397076525384,0.04404379514488348,0.09785981653125134,1.8302682001516921,-0.5853700141406135,0.8196704443741066,-1.2606160129853134,-2.427432747991197,-0.7060539663643233,0.23275851733999636,0.04686245692445791,0.9554669817222057,-0.686770962211039,-0.36182868924342004,-0.4344475224687724,0.8480747657465344,-0.7352757734980672,-1.1053077657164059,0.4480805948194871,-0.7986553452852174,1.0568487427500115,0.7760320525357853
0.888,-0.12431478957475256,-1.1674015802291386,0.2107566853645962,0.6985779749158868,-0.050272135893954614,0.1026304824140769,1.8429168260694164,-0.5759203266595413,0.8239180781265716,-1.2738034490912125,-2.4717305633739817,-0.6420389477783344,0.17506649525922321,0.006485959464763796,0.9409071667034653,-0.6138895180986633,-0.3043376402953255,-0.46029879957945474,0.7995661878993434,-0.7618848685447226,-1.1776584693706815,0.46948242320651695,-0.8375130417229083,1.041981184258965,0.8215879512556864
0.89,-0.08191439487676419,-1.1202811781405877,0.20972767531251696,0.6916242019280923,-0.12731489933734166,0.1090438191842905,1.7844947747403743,-0.5626999948235945,0.830349728891904,-1.260966721376255,-2.414229422276459,-0.6575734312458923,0.24066304370142602,0.0613834729808221,0.9549886852109327,-0.5897517888117754,-0.2548949736371451,-0.44454480487024356,0.8327969162691894,-0.6956143871464247,-1.2698567963617395,0.4039832570173938,-0.8684862369349827,1.0579808635556813,0.7448795310161103
0.892,-0.05612324092951197,-1.0233514024402184,0.23478750241180446,0.7467758581075402,-0.14731922224293653,0.1588699710865667,1.8088891997869467,-0.5872490848087742,0.7802765666888791,-1.272106427016697,-2.390362268883811,-0.664419049226276,0.21065849419022514,0.002858772319934734,0.9860722946304281,-0.6229860361912701,-0.2200272438686593,-0.48978821489167185,0.8028496967808133,-0.6510137054203143,-1.2593798564233534,0.43240442112110156,-0.8472624949153111,1.0347469900752682,0.7203092469051422
0.894,-0.1585653887231952,-1.0433006107707794,0.29137576260644904,0.7208187602175162,-0.09796067465597047,0.1490727172569638,1.7726340681900805,-0.6951666367226007,0.8084269295186043,-1.3167870394301269,-2.4180721523594446,-0.6417971601348991,0.21804816784141962,-0.1266690424782235,1.021939861595829,-0.5653368271604293,-0.30664041139543713,-0.46147182274598547,0.777446226380583,-0.6368041830680982,-1.2946779957501022,0.438895698840645,-0.8471578159832347,1.0961334936483862,0.7153593043920362
0.896,-0.17520095153608697,-1.0510026132448824,0.2960306815320764,0.7432516762086797,-0.04675201937042962,0.12231242755965933,1.6869982453839347,-0.7042494544456599,0.849982251525745,-1.3577762219549496,-2.388456342158141,-0.6325172081020942,0.2110955176937134,-0.14120389444653766,0.9490839461832976,-0.5448563361091463,-0.2457240390626019,-0.5347928230130933,0.7850077436603523,-0.6363521709100239,-1.3036833139621051,0.44416496989588233,-0.8326594794501962,1.0646954233132813,0.7600141213713992
0.898,-0.24831927056297962,-1.1070179973784642,0.28221853882023634,0.7564928527236193,-0.08114747406247855,0.12592441847108082,1.7376596759120801,-0.7170385243814912,0.8678302665191965,-1.3165783720013173,-2.4856728190397663,-0.6618391144414425,0.21023895262746362,-0.1377353856507068,0.9531247857585387,-0.6027414970154724,-0.23007766653098158,-0.5156842905857094,0.7275521700220057,-0.683827826749916,-1.2893908958102358,0.46882147508822575,-0.7826095845162718,1.024809748982837,0.7590430880704166
0.9,-0.19693091234499302,-1.15998120034726,0.18942192556510737,0.7310473327508635,-0.11512573738845223,0.16132981696443094,1.7083155961759786,-0.6525253248530929,0.7611860890230705,-1.2126381886603936,-2.5188146708239096,-0.7099814622419521,0.20085912017617624,-0.13819275964253597,0.9367390759400055,-0.6100816163387663,-0.2074514155379168,-0.5306149527400135,0.7894921387334871,-0.7319717687413405,-1.3231023486850417,0.5486941016208673,-0.7449033388359847,1.0639052750332654,0.7528500328445378
0.902,-0.2206348075362459,-1.1363083453211709,0.2089624994680624,0.6770471869090002,-0.13858045809327246,0.15374586862919093,1.7471104318709636,-0.5605182952358618,0.8016966835617533,-1.2338822653289971,-2.6253890745457404,-0.762491916991137,0.21108807807287783,-0.2049333017563058,0.9137570238785243,-0.674407899861485,-0.24138127214498978,-0.5169853710458007,0.767997773350556,-0.7311938411615867,-1.3088802396001704,0.5748262522801104,-0.7926680247656245,1.0773755429639746,0.8147368478065562
0.904,-0.20526812169873188,-1.125590785985185,0.17164557631412658,0.6815479610190756,-0.0674219618442819,0.18093549060232367,1.773259479257096,-0.534367525546102,0.7980709120233778,-1.2454729773067592,-2.570292603405351,-0.736164999107661,0.13676691761942011,-0.19108317187053203,0.9253717203390299,-0.6679157335323499,-0.2655333891559514,-0.49397290029005575,0.7331698064294674,-0.7828833605510248,-1.3953792396138174,0.5665043782463385,-0.7060812513242605,0.9093758500795195,0.8104284800232467
0.906,-0.18220740341161415,-1.0636238167284653,0.15369900263770328,0.6475925011943385,-0.03153510891683011,0.2482507187565134,1.7799087440105257,-0.5626871133971141,0.8461467531804943,-1.2305071351034387,-2.65414391183114,-0.7053717111740584,0.17208660672447043,-0.12925359977353204,0.8871561848791403,-0.6857976188172854,-0.27348867435951035,-0.5202497259028058,0.7178967609743965,-0.7839267145996588,-1.3709478512773507,0.6360289886520818,-0.7019940594596646,0.8839363080141521,0.7855098840048887
0.908,-0.20770724791706888,-1.031009158630875,0.123269043248432,0.6142918182224478,0.005431836126716362,0.19127702044582734,1.7967795383870004,-0.5968082115730825,0.7520780971015492,-1.301559978117103,-2.5957188428703812,-0.6671776474552987,0.18527501289945114,-0.16474352112896348,0.9676911869942241,-0.7113153776864443,-0.29352436608945237,-0.5625282104788345,0.774921953566556,-0.8529329290875227,-1.4381705570543395,0.6359515637562101,-0.7124680718530588,0.8814136531258728,0.6779964236476508
0.91,-0.20487279523238408,-1.0126738582178123,0.1392528396957361,0.6070042830087924,-0.05635435238829003,0.2010242983098133,1.8084928183299525,-0.6454440480808302,0.7665509966383454,-1.3354624923469194,-2.6529123200429643,-0.6733733898849058,0.17024446567854035,-0.17429265252529988,1.0138623331045682,-0.673182603919744,-0.33420723283789794,-0.4682002772018671,0.7780019586592367,-0.9003944153928138,-1.3889554510163629,0.6705963129918677,-0.5948093236084293,0.8760640916756716,0.656696683307685
0.912,-0.15687286789658153,-1.0163301372483828,0.16394591745690706,0.570090436629312,-0.08724770652961189,0.2888454778483221,1.900421527619457,-0.5876824158024275,0.7782057650111209,-1.2962051583375096,-2.7027855453449448,-0.7323584832744938,0.1286675741284941,-0.11810423629492348,1.0182216648339713,-0.5944247139168076,-0.3561666684301686,-0.5307294954099532,0.862518754579316,-0.9447793044150972,-1.39074534471847,0.606900035349709,-0.6093437572342499,0.9232547076178822,0.7219799385886881
0.914,-0.10646274687885357,-1.0457489307980594,0.20126439774605284,0.5369547388231638,-0.17845009415864038,0.2883464241635166,1.9222655369487953,-0.5913423421748467,0.8175043424211754,-1.2459281439289493,-2.6914206846389646,-0.7573856952915207,0.14903752679008217,-0.09607231648702257,0.9559266314320831,-0.6270330316078749,-0.3350271688225396,-0.5399920105122545,0.9343045793782033,-0.9810989724522259,-1.4013698029911923,0.6337463107467368,-0.48422361035515316,0.9151649555890314,0.7191328076997048
0.916,-0.11103745437613774,-1.1659181593296315,0.05509146491589201,0.45877619801320346,-0.13098376610430104,0.26356569858407236,1.943237734441263,-0.6089829508469043,0.8336190525038601,-1.206660143025041,-2.6261689824438808,-0.7291644368476731,0.14263600292533882,-0.12027630908821994,0.9942748061738136,-0.7017705339520831,-0.35036446729342724,-0.47786517443251514,0.9216592110324855,-1.00087267946562,-1.372947973082145,0.6780887434326902,-0.49574527518377143,0.8832057444542419,0.7517934595142091
0.918,-0.12966751562242923,-1.1487271522985916,0.08384208836622964,0.508514977223701,-0.13076336171415168,0.26571391299450414,1.9447757818259506,-0.6139591737038668,0.8320813319917686,-1.2550242902053068,-2.577913371409075,-0.6275813163233855,0.18581322783599533,-0.1469566140396007,0.9808666222887489,-0.7221675245060823,-0.342441714691814,-0.44699794726549164,0.8677757158100863,-1.0328468815067806,-1.2604744558233092,0.6725417618998614,-0.5262396668292811,0.8207454936928814,0.79805894875635
0.92,-0.11366566649471635,-1.128779356009655,0.03879253514396858,0.5102674193880908,-0.16568883902875026,0.2530917547092556,1.9412668754131965,-0.5708603123029021,0.8005750023395707,-1.3370482441637463,-2.6814123650363135,-0.5755279991736033,0.22248701483060315,-0.13978099379769207,0.9623483532394597,-0.7306712228462007,-0.31206720049054865,-0.3926243502418689,0.8777821558834609,-1.1015576314817221,-1.2314576699535424,0.7355439708689919,-0.4976794931363962,0.8762156794568827,0.7911738110750107
0.922,-0.11402094889952127,-1.1395021150092701,-0.020737282706630618,0.5847559986796871,-0.1643037409964254,0.2695263022267316,1.8958359609697335,-0.5762834436597345,0.8178509488401102,-1.3914205628272072,-2.6531303128030554,-0.5302498818174746,0.15660982143447183,-0.10409528252800931,0.9920181786638542,-0.7123674162147131,-0.2567436375828806,-0.44059498684879184,0.8788041946842644,-1.1389820258300127,-1.2335855388180113,0.7420151211639383,-0.47773688145955445,0.7725558933907718,0.7673666744503891
0.924,-0.14646506307840287,-1.1292498130420108,-0.0034447405166607645,0.576265190579916,-0.12783185908467257,0.30680988534720216,1.795425351322361,-0.5453022430685445,0.7702983018053837,-1.353890624254438,-2.661904507574015,-0.49318596640722934,0.15183029837833295,-0.1341287617165047,0.9830376267453226,-0.650915059894017,-0.2510490572715141,-0.43331185580757486,0.9120095121380986,-1.1099336575622376,-1.2305348664811777,0.7352541681022692,-0.5444443300935353,0.7773999494098703,0.6653667215680412
0.926,-0.1729356892500991,-1.1099939308060218,-0.15195469206984563,0.5822949232190424,-0.13454319524884756,0.25161774166167616,1.8133600266603778,-0.5357950640513421,0.728810318783033,-1.27848430307538,-2.7431214085954085,-0.5654672958861487,0.11294492432486286,-0.15114738801244668,0.9866871956686095,-0.6714123711462785,-0.25850874391073164,-0.49209955296055496,0.9417225915245256,-1.1252050511322518,-1.2757569602615166,0.682834855771676,-0.6043586972940825,0.8306846372563393,0.6276151942117607
0.928,-0.14153055070495904,-1.070016323307415,-0.11239368013076056,0.597475217335954,-0.15562977948295711,0.29701317171129654,1.8678072142606847,-0.48071254966230964,0.7673352559942672,-1.3097056370257338,-2.6425170900123143,-0.6445954347299696,0.11204263450529844,-0.09807982213577746,0.9023603033390835,-0.671622063982522,-0.1618019885622055,-0.4104938786613938,0.9294400493069485,-1.0781128519726217,-1.2794344274087532,0.6066384632464102,-0.5967840438140424,0.8846485735834476,0.6747914398591727
0.93,-0.10292833866418871,-1.0032100139197344,-0.17786108092549632,0.6421926597266878,-0.1123475314001263,0.31488241832731423,1.9030735798101943,-0.4539091171248947,0.7713796940794,-1.3231460698608892,-2.6566974509088785,-0.6770335036942822,0.171759836069238,-0.13979949501240646,0.8820830884166866,-0.7578419080841721,-0.1837903079549423,-0.38451430370571454,0.9728585606068066,-1.0217896087043807,-1.2792771293808336,0.6232034018710141,-0.6011816865704053,0.8360784060104222,0.695151932220295
0.932,-0.05093949457718436,-0.9390009512786159,-0.1798489143265571,0.6078236065099221,-0.08639365409310773,0.25731348832292555,1.8853151073298886,-0.4423384327854922,0.7839065588509917,-1.3183929410751722,-2.6289593941750917,-0.753837211881627,0.10339415598721013,-0.19514039904811853,0.9265131514734735,-0.6248699712557693,-0.14728857595675632,-0.37340178296766824,0.941387550964182,-1.0243039590162413,-1.2649792704610074,0.6168767786413245,-0.5415371910557867,0.8692360098086559,0.7057506689370088
0.934,-0.07522527491838392,-0.9978839730990954,-0.17192245729591737,0.7287736531966154,-0.06098381327390219,0.27030395103732263,1.8894793349956323,-0.3955389954096911,0.7798223976524642,-1.271250361689006,-2.5949132309002607,-0.8596854555123312,0.0784833616853169,-0.2252072347591426,0.9185690307248452,-0.6439341972538121,-0.1078578074469583,-0.37618159471178725,0.9569293257049377,-1.05284065816863,-1.2109854576735317,0.685051921375168,-0.5971100787434652,0.816221148310525,0.7950021127568119
0.936,-0.0804837756831461,-0.9935016633389415,-0.1614815943944517,0.8056632704699704,-0.0935786675375341,0.3285182585867509,1.8422378476249586,-0.4256193821606192,0.7951834575656012,-1.311226538019871,-2.6033830775456743,-0.8310892207546519,0.09589553494343445,-0.29354604847276045,0.8439389200742737,-0.626797304486215,-0.10376692964907881,-0.3009816314823769,0.893183576003048,-1.063359452927814,-1.19625186661163,0.7664943700685403,-0.6431518407683262,0.8257559011388714,0.9093138055726082
0.9380000000000001,-0.12768659537317292,-0.9665541318779858,-0.11991917350071998,0.7821810999267037,-0.08758537788397332,0.38046852774661266,1.8139146562580355,-0.39922317920912354,0.7655540537818217,-1.2503402725020596,-2.5706226690562124,-0.813917171458661,0.13118522640170643,-0.24267917670493078,0.8591163749620978,-0.6567733141449587,-0.08677400086106912,-0.31231926120893405,0.9031424195668297,-1.0274515982457546,-1.2118694052440306,0.819280843240027,-0.6705588393148157,0.7674234419548227,0.9335044881037851
0.9400000000000001,-0.1570119028882384,-0.9420802711592219,-0.020694572556926735,0.7791681246719888,-0.026759322578822055,0.37509109581772265,1.8640755750549298,-0.4450391339369386,0.7658049213331412,-1.2493391214801008,-2.579759940984018,-0.8188389386535436,0.13242207729581085,-0.2847420440315008,0.9166637209263573,-0.7172755541692517,-0.13000086530554092,-0.33167398160577033,0.9486266596668838,-1.0375356415167536,-1.1770356242435702,0.7876728816355101,-0.6590124944243251,0.7426755015725258,0.9548675057820124
0.9420000000000001,-0.2136725649912952,-0.8964257012782082,-0.07233287003553623,0.8154179224297307,-0.08972712181210585,0.38923746319547337,1.9675849193583241,-0.45265810231462994,0.7074556606280445,-1.2851612437064464,-2.588754062445264,-0.8423771882819581,0.13023610936206634,-0.2839961272314733,0.8586140648466585,-0.7652816831052686,-0.1284506789925727,-0.26798201900683244,0.9757321813285474,-1.0635778276266588,-1.1530633460264732,0.8130359451281682,-0.702073414827034,0.7199403430909063,0.9935640596402487
0.9440000000000001,-0.26275098400487246,-0.8807448170302501,-0.08476392264709426,0.7693162032870893,-0.06695897765640144,0.34897237488019167,1.9128465037751716,-0.5073615761365249,0.6979840992103623,-1.3123891978446667,-2.514340991314131,-0.9616635652854997,0.1622328462117166,-0.3346665613651345,0.8737955457544474,-0.6876530417519942,-0.12244514826393825,-0.26474043962196003,1.0489411450353192,-0.9820313519858866,-1.1681570756102415,0.8591844727507465,-0.7733545536220244,0.6417808302893117,1.0196855514278342
0.9460000000000001,-0.2190879112583618,-0.8282144607642863,-0.09079912740035714,0.8018941522437499,-0.12315099130300447,0.32023625552019047,1.9657419997575427,-0.5414412984697564,0.7218746659094529,-1.3165030644257651,-2.5397929770188292,-1.0326860982904993,0.14458678313476914,-0.2667297654178083,0.8506916428644932,-0.6722550653623961,-0.11646716645277867,-0.3445886588452107,1.1298910086217262,-0.9759852297951211,-1.187787272446874,0.8666629416734912,-0.7293838026311683,0.6549696826346693,1.0229152083855448
0.9480000000000001,-0.2680992641962125,-0.8599868427769817,-0.10586830838497592,0.8605096045510919,-0.14713231864776585,0.31772573341956645,1.9510940785999862,-0.5734409364405086,0.7642278934601537,-1.2782565971566893,-2.587219910486673,-1.0179161385092197,0.17186764600402069,-0.2529450029455058,0.7411645057139791,-0.6551459204380298,-0.06290392526647197,-0.292693424062365,1.1329142286749283,-0.9923527140232322,-1.1143797818960877,0.8925670266552901,-0.70611111959915,0.6697949669493952,1.054549285622157
0.9500000000000001,-0.22727127490058152,-0.8968178265730677,-0.04565034603224579,0.9477259822830186,-0.11438954391373551,0.3940567680760303,1.9361327634216499,-0.573628075808077,0.8033425454512078,-1.2823154450719974,-2.5590287085001657,-1.0594872838984555,0.20056029579781817,-0.22719402571484254,0.7632101212642207,-0.6147511610355891,-0.04155572382481368,-0.32536281322881855,1.074229158777925,-1.00600340270501,-1.0352410025820855,0.848508026050945,-0.7423241536223167,0.5974898378103344,1.0220701680701458
0.9520000000000001,-0.18295149503251537,-0.8119145270928783,-0.04083724330051924,0.9573196690375101,-0.13057871442841634,0.37892620671288835,1.955585898409729,-0.6251767882179247,0.7941066117469939,-1.3453532144160847,-2.537297577878498,-1.0950846650206438,0.227243434122894,-0.17946036015553377,0.750642711184755,-0.5807018515633223,-0.03775558256951199,-0.26983854155799036,1.137023558128282,-0.9494481047629492,-1.1003803058919865,0.7619264437644284,-0.6988086220402305,0.5684150503431226,1.0098668669030364
0.9540000000000001,-0.14018521460570163,-0.7939267431471849,-0.10445893552769162,0.9392629654866619,-0.07390788404983478,0.4346474939208572,1.9906633155281397,-0.7014648796886462,0.8039705766088292,-1.4742318428104562,-2.5072911704720897,-1.038614968770772,0.2654118493725713,-0.22678372052162976,0.8211502621760962,-0.5587244646655781,-0.0670206443307757,-0.29297861858872704,1.1154837794751642,-0.9706815447884002,-1.1639473664548747,0.799263796379718,-0.6968972368343193,0.5840829747339911,0.9696712585903573
0.9560000000000001,-0.24875458474418882,-0.799542014474887,-0.13750503161495617,0.9425871511944427,-0.10753017162684282,0.41137375886800714,1.9843910299722765,-0.7487277932367853,0.8324824805569719,-1.448259668019626,-2.5281135853082852,-1.1000813639100546,0.23856441459788566,-0.16685403455535835,0.8800009465508514,-0.5376185965537914,0.004601181120951217,-0.22362764864825707,1.0911513018988026,-0.8898694501888113,-1.1344911134749205,0.7900760318976061,-0.7059181258895973,0.5247489180042941,0.9119536239495443
0.9580000000000001,-0.28702211923710824,-0.827732329423162,-0.16247852259700782,0.9494843965978655,-0.0826929622622345,0.4432375194388743,1.950813883640294,-0.7667424518894482,0.8399105747585798,-1.403449207020005,-2.505721400272864,-1.130984949926837,0.25281050420000833,-0.17875800403812483,0.8964673320841602,-0.5588065412268618,0.08641390761823427,-0.22670852216929535,1.0459931049571698,-0.8552724758586557,-1.1770863386469321,0.7433872111459903,-0.7174340909549218,0.48514899302394476,0.9358171706313461
0.96,-0.3603335491097155,-0.9251883313426391,-0.1916083814872995,0.9042202953470917,-0.10831022125115282,0.5031954997148843,1.9828310578152417,-0.7346355933139712,0.8747759265244539,-1.3436069317809678,-2.524390049169183,-1.0926141962623783,0.2167824304216695,-0.18833886101369152,0.8898003646894977,-0.5908878512760284,0.09218573071941918,-0.20994995140972533,1.031644696924471,-0.8961008303780197,-1.2199526017659894,0.716985118122874,-0.7880986581230109,0.5098185964935958,0.9892901702416305
0.962,-0.35759424701590214,-0.930794650260361,-0.2386548021230831,0.806166139929362,-0.036218959233953116,0.5462650896125201,1.9647109026131953,-0.7221053080449216,0.8728270905574284,-1.3845567077806913,-2.526071670219642,-1.0678430435339066,0.20188984694937556,-0.2432988971678724,0.9169078481437484,-0.6041141410669569,0.07515836364239142,-0.20225233575163626,1.0598744691536648,-0.8996681793965576,-1.2633343190432376,0.7347342750960475,-0.7548886250040986,0.4596536173038602,1.026282610766856
0.964,-0.3263749014171259,-0.9165553003961402,-0.16540237866324464,0.8125145435728592,-0.0721502218863472,0.5006403105299015,1.9738120973480764,-0.7363283768991703,0.8668385083628133,-1.447262193716825,-2.531694356826943,-1.0884879231970428,0.19255401334310537,-0.19197785919882543,0.9763602431150851,-0.6121830857421862,0.04630008342985875,-0.11736333297960656,1.05212392207711,-0.904403106825796,-1.2453367287755082,0.7839228406400468,-0.7624306173834748,0.4480473483638004,0.9735318814615442
0.966,-0.2984161334222351,-0.9951060246586404,-0.2143448481809615,0.7982923128264615,-0.060764315940624536,0.5036673410959258,1.9974096124775782,-0.7461714945433128,0.842207892339237,-1.486258957344262,-2.5628727665983377,-1.0413587474561492,0.25936491689412183,-0.16797660850274462,0.9936789363031541,-0.5896813807422576,-0.03087900326105937,-0.020088757473625166,0.987894422153139,-0.9126077751883789,-1.2422708482195368,0.748946883869056,-0.8112478318583081,0.4582675745073465,0.9445305260656294
0.968,-0.26032219639682463,-0.9913864516916099,-0.2578082749376301,0.856539426238459,-0.10955396678921811,0.49531449463469374,2.011414872557569,-0.7471797247061731,0.9158273409682842,-1.5164348552224842,-2.5592651349273354,-1.0420329673067097,0.287026754877758,-0.17410307361667973,0.9385188521817749,-0.6539769470032654,-0.0799200828560321,-0.021107992791704135,1.0825408592753243,-0.9056440935335311,-1.1993567212516054,0.7751155091955507,-0.8343951358758575,0.5187314139112896,0.9277236140229225
0.97,-0.2628092818454655,-1.0521582177972257,-0.27148154571743494,0.834896247365487,-0.03634237158448475,0.5233446011607004,1.9647570602124258,-0.757241004062193,0.9346593717699155,-1.532876535091341,-2.4834205485848218,-1.0202755371563526,0.29092207937475295,-0.21036332066910057,0.8799264812608563,-0.6755915294602965,0.023195335245945414,-0.07783139975786493,1.1018855849182292,-0.9011918602605473,-1.2041489033068744,0.7246001212109077,-0.8618799160562426,0.554706397176393,0.8491153221340495
0.972,-0.2276364425597364,-1.0842384164125227,-0.29341663516230526,0.8216189498784559,-0.0520653431908335,0.5952991769731469,2.0058812448522003,-0.6963622111629169,0.9571209551876666,-1.5695917040722545,-2.4864252604185633,-1.086977503030451,0.3048990031593073,-0.18727792479369723,0.8718997837474031,-0.7075426542237737,0.04773342770236224,-0.13258829122169719,1.0521235659149935,-0.8766423383200604,-1.1638801594302615,0.7235094095910738,-0.9240757675254112,0.5971068125354696,0.7867794577862656
0.974,-0.24014747946465245,-1.0568741141426237,-0.3771708046581699,0.8487567208556156,-0.012784453521937314,0.5655621366061343,2.052986107112367,-0.7304703259381038,1.0073937719891597,-1.539450940455304,-2.4571607109778735,-1.058448481907064,0.26251997497322266,-0.20253768388173118,0.8871270744890941,-0.686634684422629,0.10446252798637323,-0.18714982450730636,1.0020271363609987,-0.922146737109138,-1.2170497934375524,0.78574307548436,-0.9143616108856051,0.7120388857722169,0.7641010654543318
0.976,-0.2502196308566431,-1.0660739341931087,-0.424059838392102,0.8451329816529746,0.0647171742712108,0.5842457527124356,2.05346825440881,-0.7825875897992953,0.9381051814761773,-1.5663138561282577,-2.5309147279625512,-1.1221964357374137,0.24585934211392718,-0.10472851426828063,0.8117306381754998,-0.6548469349368071,0.09294988951805248,-0.2175012176301301,1.0195977350348768,-0.931533388432728,-1.1042489279152612,0.6519650717471498,-0.9136572741355337,0.6679480937037068,0.8034690616165026
0.978,-0.1800481669387134,-1.005287534913511,-0.4821711484136577,0.904529717137087,-0.011704977970400113,0.6114132380893962,2.1178116662016517,-0.7115544149936078,0.9404080809374132,-1.5042819309333222,-2.469670273370085,-1.2355913346145804,0.3125374395297582,-0.08595313907547829,0.7813415615853727,-0.6363943069756686,0.07708183135950708,-0.2556934532883067,1.0458607275427185,-0.9136639646107702,-1.0833255606642351,0.6814924356848924,-0.9386291720554976,0.6467535388836206,0.797297056293455
0.98,-0.1917519786659814,-0.9758521307682063,-0.4626772790124803,0.8660668707529955,0.005135937053220151,0.6426359242261243,2.1649411820089584,-0.7567365167857403,0.9218918693690459,-1.5342576650185868,-2.489257827883531,-1.1999230949483675,0.2977746811560626,-0.1112426946229198,0.8731716772960305,-0.5988082218633172,0.019641494244392384,-0.309701621072357,1.0918286731300033,-0.863459130620547,-1.0858585200514475,0.7840628380109639,-0.8806203896522192,0.6443394604144868,0.8113052790131978
0.982,-0.17395992715673336,-1.0399619773007918,-0.5053324630874539,0.8402647819302783,0.02101858389713259,0.6338612811448191,2.1657401718858362,-0.697461481114243,0.8679559970670341,-1.580881921190904,-2.492732449636014,-1.1934965370441568,0.2946677556481336,-0.19621594036227558,0.9558306830926048,-0.5212746451196794,0.041445815855476804,-0.3235869004634818,1.1181020548720175,-0.8601432130633837,-1.0350739072093917,0.7617081238425587,-0.9380923169292661,0.6340776839590206,0.8627628522549646
0.984,-0.16711355831677513,-1.0448503136346758,-0.556352723233083,0.8225724315068285,0.003977199958640355,0.6403285003700853,2.190497360457242,-0.7003637894162699,0.877745259206077,-1.6004556381915296,-2.5079740204402765,-1.1671372127498307,0.29204585948386175,-0.23292101852317776,1.0568771055903021,-0.4837757275616813,0.035245481252237844,-0.3256841171833056,1.1585384077124974,-0.9321886290501631,-0.9643021691040885,0.7374449474942598,-0.9272562098530412,0.6759088225755013,0.8315649785635861
0.986,-0.18125237750020545,-1.0021670198644956,-0.5306426598908118,0.7748882285891142,-0.021271380362131918,0.7167604274943619,2.159255998573627,-0.6298608156760788,0.8623108342108434,-1.5510209790892417,-2.5273093943322587,-1.1346243597220023,0.27864034508600377,-0.23127760630027405,1.061985838758967,-0.5136801646761338,0.012437843573772592,-0.27625184024925653,1.146234167663805,-0.8720137721052775,-0.9591047732613742,0.6496266696897042,-0.9488274146770279,0.7404510038377248,0.835139282974173
0.988,-0.07660693447424043,-0.9360435671911368,-0.5128896539235425,0.8094157052127172,-0.04770992743486166,0.6356969612303233,2.1732781826268193,-0.6244767800515463,0.8684742778404805,-1.5076213200548054,-2.5700397016046272,-1.193836442759625,0.31891835363186416,-0.2623002126577413,1.0403331135670397,-0.4565932961684269,0.041412304833566005,-0.23655004962066334,1.202521559907507,-0.874554944539748,-0.9815782801496699,0.6234938234488059,-0.9683104778353472,0.6570121708051605,0.8554160514799468
0.99,-0.09714866580304607,-0.9526488656904831,-0.5238901375723868,0.829973931288138,0.01649637536190718,0.5652335276061451,2.2472735627272735,-0.623404971982684,0.9005094483613726,-1.4386481910176778,-2.497193375436456,-1.1554459058145126,0.32311105320936384,-0.17139150214612747,1.0585069262684101,-0.46018461500709607,0.05139905499387924,-0.26760355689672854,1.159097791072377,-0.8801080077558457,-1.0056482871824162,0.6493005872513172,-0.9380923326178843,0.642947950404515,0.7393850963289544
0.992,-0.1486694569634699,-1.0707148063188627,-0.5461554250368686,0.8309677990737977,0.007490731457115134,0.5341465366729451,2.2689032493111867,-0.605125498898345,0.8804153495944772,-1.415995853180305,-2.495406175063667,-1.0800907314544665,0.37079256331604094,-0.10350897112860186,0.9907260788103065,-0.44567832218613845,0.10153121253754088,-0.2529840576045499,1.2035259759957715,-0.8799489982022436,-0.9279892157085543,0.6589370566245079,-0.8460920126513384,0.7581395118815564,0.7418840636894868
0.994,-0.11693841265991278,-1.0395532303771662,-0.5227809255175524,0.9653529029314618,0.031920443249313535,0.5554446316199739,2.3197518866435476,-0.6484647560664245,0.8216227214169141,-1.4330257884665365,-2.562743116675901,-1.1380902966852215,0.4448919069211056,-0.13525296531929085,0.958325952536558,-0.5130986898345481,0.1515479281930529,-0.2918835783098769,1.1913682452091736,-0.9533811955274234,-0.9679289192003686,0.6963382812032541,-0.9163402258365665,0.7596601044637417,0.7095845248232088
0.996,-0.11667587100449475,-0.9888582204997088,-0.5065171001495496,0.9920563418544532,0.01367507568264429,0.6185884970647358,2.3111613130528967,-0.6102436974515753,0.8374436481034762,-1.4227155678373578,-2.575790933778116,-1.1125049788803596,0.4503653062599311,-0.14284096596969617,1.0624304448473645,-0.48762236005639836,0.1661707572272126,-0.3552671686399965,1.1101984365788764,-0.9544459863283014,-0.9862644370388671,0.584695630498254,-0.9036086254447887,0.7768754810602121,0.7025647639970068
0.998,-0.13775016163620443,-0.9440406565328271,-0.5641737018364782,1.0041774712735376,-0.011316445973834112,0.6456081901205488,2.2440729384316227,-0.5759192409471845,0.8423136469537736,-1.5034803674123567,-2.652862712920797,-1.1461925605744314,0.44777939329937827,-0.1368772750727909,1.10867733107853,-0.5227034775433115,0.1804230365056871,-0.2998898154973639,1.1322531679388843,-0.8660123160903719,-1.035184875452917,0.6654174949205761,-0.9398473175395746,0.7751945936670285,0.6582256280503785
1.0,-0.11410773554910039,-0.9155046538830824,-0.6365285433288372,0.9835064035189236,-0.02844697395800253,0.6403495205600022,2.2403333632930327,-0.5718422489478786,0.8361228496697679,-1.454968182419363,-2.737976114463691,-1.1651559019563569,0.4912069127166081,-0.200212437783989,1.11564916643715,-0.5177651868987648,0.1982139321292525,-0.30770818532239275,1.1161801162692464,-0.9032494271370618,-1.0443249699330406,0.6929404154507518,-1.0324146959229377,0.784977045913701,0.7242194473760839
