t,path_0,path_1,path_2,path_3,path_4,path_5,path_6,path_7,path_8,path_9,path_10,path_11,path_12,path_13,path_14,path_15,path_16,path_17,path_18,path_19,path_20,path_21,path_22,path_23,path_24
0.0,0.0,0.0,0.0,0.0,0.0,0.0,0.0,0.0,0.0,0.0,0.0,0.0,0.0,0.0,0.0,0.0,0.0,0.0,0.0,0.0,0.0,0.0,0.0,0.0,0.0
0.002,-0.044721359549995794,0.044721359549995794,0.044721359549995794,-0.044721359549995794,-0.044721359549995794,0.044721359549995794,-0.044721359549995794,0.044721359549995794,-0.044721359549995794,-0.044721359549995794,0.044721359549995794,0.044721359549995794,0.044721359549995794,0.044721359549995794,0.044721359549995794,0.044721359549995794,0.044721359549995794,-0.044721359549995794,0.044721359549995794,-0.044721359549995794,0.044721359549995794,-0.044721359549995794,-0.044721359549995794,0.044721359549995794,0.044721359549995794
0.004,0.0,0.0,0.0,-0.08944271909999159,0.0,0.0,-0.08944271909999159,0.0,0.0,0.0,0.0,0.0,0.0,0.08944271909999159,0.08944271909999159,0.0,0.0,0.0,0.08944271909999159,-0.08944271909999159,0.0,0.0,0.0,0.08944271909999159,0.0
0.006,-0.044721359549995794,0.044721359549995794,-0.044721359549995794,-0.13416407864998736,0.044721359549995794,0.044721359549995794,-0.13416407864998736,0.044721359549995794,-0.044721359549995794,-0.044721359549995794,-0.044721359549995794,0.044721359549995794,0.044721359549995794,0.044721359549995794,0.044721359549995794,-0.044721359549995794,-0.044721359549995794,-0.044721359549995794,0.044721359549995794,-0.044721359549995794,-0.044721359549995794,-0.044721359549995794,0.044721359549995794,0.044721359549995794,-0.044721359549995794
0.008,0.0,0.08944271909999159,0.0,-0.08944271909999159,0.0,0.0,-0.17888543819998318,0.08944271909999159,-0.08944271909999159,-0.08944271909999159,-0.08944271909999159,0.08944271909999159,0.08944271909999159,0.08944271909999159,0.08944271909999159,-0.08944271909999159,-0.08944271909999159,-0.08944271909999159,0.08944271909999159,0.0,-0.08944271909999159,-0.08944271909999159,0.0,0.08944271909999159,-0.08944271909999159
0.01,0.044721359549995794,0.13416407864998736,-0.044721359549995794,-0.13416407864998736,0.044721359549995794,0.044721359549995794,-0.22360679774997896,0.044721359549995794,-0.13416407864998736,-0.044721359549995794,-0.044721359549995794,0.044721359549995794,0.044721359549995794,0.044721359549995794,0.13416407864998736,-0.13416407864998736,-0.13416407864998736,-0.13416407864998736,0.044721359549995794,0.044721359549995794,-0.13416407864998736,-0.13416407864998736,0.044721359549995794,0.044721359549995794,-0.13416407864998736
0.012,0.0,0.08944271909999159,0.0,-0.08944271909999159,0.0,0.08944271909999159,-0.17888543819998318,0.0,-0.08944271909999159,-0.08944271909999159,0.0,0.0,0.08944271909999159,0.08944271909999159,0.17888543819998318,-0.08944271909999159,-0.08944271909999159,-0.08944271909999159,0.08944271909999159,0.0,-0.17888543819998318,-0.17888543819998318,0.08944271909999159,0.08944271909999159,-0.17888543819998318
0.014,0.044721359549995794,0.044721359549995794,-0.044721359549995794,-0.13416407864998736,0.044721359549995794,0.13416407864998736,-0.13416407864998736,-0.044721359549995794,-0.044721359549995794,-0.13416407864998736,-0.044721359549995794,-0.044721359549995794,0.13416407864998736,0.13416407864998736,0.22360679774997896,-0.044721359549995794,-0.13416407864998736,-0.044721359549995794,0.044721359549995794,0.044721359549995794,-0.22360679774997896,-0.13416407864998736,0.13416407864998736,0.13416407864998736,-0.13416407864998736
0.016,0.0,0.08944271909999159,-0.08944271909999159,-0.08944271909999159,0.08944271909999159,0.17888543819998318,-0.17888543819998318,0.0,-0.08944271909999159,-0.08944271909999159,0.0,-0.08944271909999159,0.17888543819998318,0.17888543819998318,0.17888543819998318,-0.08944271909999159,-0.17888543819998318,-0.08944271909999159,0.08944271909999159,0.08944271909999159,-0.17888543819998318,-0.17888543819998318,0.17888543819998318,0.17888543819998318,-0.08944271909999159
0.018,0.044721359549995794,0.13416407864998736,-0.13416407864998736,-0.044721359549995794,0.13416407864998736,0.13416407864998736,-0.22360679774997896,-0.044721359549995794,-0.044721359549995794,-0.044721359549995794,-0.044721359549995794,-0.044721359549995794,0.13416407864998736,0.22360679774997896,0.13416407864998736,-0.044721359549995794,-0.22360679774997896,-0.044721359549995794,0.044721359549995794,0.13416407864998736,-0.22360679774997896,-0.13416407864998736,0.22360679774997896,0.22360679774997896,-0.13416407864998736
0.02,0.08944271909999159,0.17888543819998318,-0.17888543819998318,-0.08944271909999159,0.08944271909999159,0.08944271909999159,-0.2683281572999747,-0.08944271909999159,0.0,-0.08944271909999159,0.0,0.0,0.17888543819998318,0.17888543819998318,0.17888543819998318,0.0,-0.17888543819998318,0.0,0.08944271909999159,0.08944271909999159,-0.17888543819998318,-0.17888543819998318,0.2683281572999747,0.2683281572999747,-0.17888543819998318
0.022,0.044721359549995794,0.22360679774997896,-0.22360679774997896,-0.044721359549995794,0.13416407864998736,0.044721359549995794,-0.31304951684997057,-0.13416407864998736,0.044721359549995794,-0.13416407864998736,-0.044721359549995794,-0.044721359549995794,0.13416407864998736,0.13416407864998736,0.13416407864998736,0.044721359549995794,-0.22360679774997896,-0.044721359549995794,0.13416407864998736,0.044721359549995794,-0.22360679774997896,-0.13416407864998736,0.22360679774997896,0.31304951684997057,-0.22360679774997896
0.024,0.0,0.2683281572999747,-0.17888543819998318,-0.08944271909999159,0.17888543819998318,0.08944271909999159,-0.35777087639996635,-0.08944271909999159,0.08944271909999159,-0.08944271909999159,-0.08944271909999159,-0.08944271909999159,0.08944271909999159,0.17888543819998318,0.17888543819998318,0.08944271909999159,-0.17888543819998318,-0.08944271909999159,0.08944271909999159,0.08944271909999159,-0.17888543819998318,-0.08944271909999159,0.2683281572999747,0.35777087639996635,-0.17888543819998318
0.026,0.044721359549995794,0.31304951684997057,-0.13416407864998736,-0.13416407864998736,0.22360679774997896,0.044721359549995794,-0.40249223594996214,-0.044721359549995794,0.044721359549995794,-0.13416407864998736,-0.13416407864998736,-0.13416407864998736,0.13416407864998736,0.13416407864998736,0.13416407864998736,0.13416407864998736,-0.22360679774997896,-0.044721359549995794,0.044721359549995794,0.044721359549995794,-0.13416407864998736,-0.044721359549995794,0.22360679774997896,0.31304951684997057,-0.13416407864998736
0.028,0.0,0.2683281572999747,-0.17888543819998318,-0.08944271909999159,0.2683281572999747,0.08944271909999159,-0.4472135954999579,-0.08944271909999159,0.08944271909999159,-0.17888543819998318,-0.08944271909999159,-0.08944271909999159,0.08944271909999159,0.17888543819998318,0.08944271909999159,0.08944271909999159,-0.2683281572999747,0.0,0.08944271909999159,0.0,-0.08944271909999159,-0.08944271909999159,0.2683281572999747,0.35777087639996635,-0.08944271909999159
0.03,-0.044721359549995794,0.31304951684997057,-0.13416407864998736,-0.044721359549995794,0.22360679774997896,0.13416407864998736,-0.40249223594996214,-0.13416407864998736,0.044721359549995794,-0.22360679774997896,-0.044721359549995794,-0.044721359549995794,0.044721359549995794,0.22360679774997896,0.13416407864998736,0.13416407864998736,-0.22360679774997896,0.044721359549995794,0.044721359549995794,0.044721359549995794,-0.13416407864998736,-0.044721359549995794,0.22360679774997896,0.31304951684997057,-0.044721359549995794
0.032,-0.08944271909999159,0.2683281572999747,-0.08944271909999159,-0.08944271909999159,0.17888543819998318,0.08944271909999159,-0.35777087639996635,-0.08944271909999159,0.08944271909999159,-0.2683281572999747,0.0,-0.08944271909999159,0.08944271909999159,0.17888543819998318,0.08944271909999159,0.17888543819998318,-0.17888543819998318,0.0,0.0,0.0,-0.08944271909999159,-0.08944271909999159,0.17888543819998318,0.2683281572999747,-0.08944271909999159
0.034,-0.044721359549995794,0.31304951684997057,-0.044721359549995794,-0.13416407864998736,0.22360679774997896,0.044721359549995794,-0.31304951684997057,-0.13416407864998736,0.13416407864998736,-0.31304951684997057,0.044721359549995794,-0.044721359549995794,0.13416407864998736,0.22360679774997896,0.044721359549995794,0.13416407864998736,-0.13416407864998736,0.044721359549995794,0.044721359549995794,0.044721359549995794,-0.044721359549995794,-0.13416407864998736,0.13416407864998736,0.22360679774997896,-0.044721359549995794
0.036,-0.08944271909999159,0.35777087639996635,-0.08944271909999159,-0.17888543819998318,0.17888543819998318,0.0,-0.35777087639996635,-0.08944271909999159,0.17888543819998318,-0.2683281572999747,0.0,-0.08944271909999159,0.17888543819998318,0.2683281572999747,0.08944271909999159,0.08944271909999159,-0.17888543819998318,0.08944271909999159,0.0,0.0,-0.08944271909999159,-0.17888543819998318,0.17888543819998318,0.17888543819998318,0.0
0.038,-0.044721359549995794,0.31304951684997057,-0.13416407864998736,-0.13416407864998736,0.22360679774997896,0.044721359549995794,-0.31304951684997057,-0.13416407864998736,0.22360679774997896,-0.22360679774997896,0.044721359549995794,-0.044721359549995794,0.22360679774997896,0.31304951684997057,0.044721359549995794,0.044721359549995794,-0.22360679774997896,0.044721359549995794,0.044721359549995794,-0.044721359549995794,-0.13416407864998736,-0.13416407864998736,0.13416407864998736,0.22360679774997896,-0.044721359549995794
0.04,-0.08944271909999159,0.2683281572999747,-0.08944271909999159,-0.08944271909999159,0.2683281572999747,0.08944271909999159,-0.2683281572999747,-0.17888543819998318,0.17888543819998318,-0.17888543819998318,0.08944271909999159,0.0,0.2683281572999747,0.35777087639996635,0.08944271909999159,0.08944271909999159,-0.17888543819998318,0.0,0.08944271909999159,0.0,-0.08944271909999159,-0.17888543819998318,0.08944271909999159,0.2683281572999747,-0.08944271909999159
0.042,-0.044721359549995794,0.31304951684997057,-0.13416407864998736,-0.044721359549995794,0.31304951684997057,0.044721359549995794,-0.31304951684997057,-0.22360679774997896,0.22360679774997896,-0.13416407864998736,0.13416407864998736,-0.044721359549995794,0.22360679774997896,0.40249223594996214,0.044721359549995794,0.13416407864998736,-0.22360679774997896,0.044721359549995794,0.044721359549995794,-0.044721359549995794,-0.13416407864998736,-0.22360679774997896,0.13416407864998736,0.31304951684997057,-0.044721359549995794
0.044,-0.08944271909999159,0.2683281572999747,-0.08944271909999159,0.0,0.35777087639996635,0.08944271909999159,-0.35777087639996635,-0.17888543819998318,0.2683281572999747,-0.08944271909999159,0.08944271909999159,-0.08944271909999159,0.17888543819998318,0.35777087639996635,0.08944271909999159,0.17888543819998318,-0.2683281572999747,0.08944271909999159,0.08944271909999159,0.0,-0.08944271909999159,-0.17888543819998318,0.08944271909999159,0.35777087639996635,-0.08944271909999159
0.046,-0.13416407864998736,0.22360679774997896,-0.13416407864998736,-0.044721359549995794,0.31304951684997057,0.044721359549995794,-0.40249223594996214,-0.22360679774997896,0.22360679774997896,-0.044721359549995794,0.13416407864998736,-0.044721359549995794,0.22360679774997896,0.40249223594996214,0.13416407864998736,0.22360679774997896,-0.31304951684997057,0.044721359549995794,0.13416407864998736,0.044721359549995794,-0.044721359549995794,-0.22360679774997896,0.044721359549995794,0.31304951684997057,-0.044721359549995794
0.048,-0.08944271909999159,0.2683281572999747,-0.08944271909999159,-0.08944271909999159,0.2683281572999747,0.0,-0.4472135954999579,-0.2683281572999747,0.2683281572999747,-0.08944271909999159,0.08944271909999159,0.0,0.2683281572999747,0.4472135954999579,0.08944271909999159,0.17888543819998318,-0.2683281572999747,0.08944271909999159,0.08944271909999159,0.08944271909999159,0.0,-0.2683281572999747,0.0,0.2683281572999747,0.0
0.05,-0.13416407864998736,0.31304951684997057,-0.13416407864998736,-0.044721359549995794,0.31304951684997057,-0.044721359549995794,-0.4919349550499537,-0.31304951684997057,0.22360679774997896,-0.13416407864998736,0.13416407864998736,-0.044721359549995794,0.31304951684997057,0.40249223594996214,0.044721359549995794,0.22360679774997896,-0.22360679774997896,0.044721359549995794,0.13416407864998736,0.13416407864998736,-0.044721359549995794,-0.22360679774997896,-0.044721359549995794,0.22360679774997896,0.044721359549995794
0.052,-0.17888543819998318,0.35777087639996635,-0.08944271909999159,0.0,0.2683281572999747,0.0,-0.5366563145999494,-0.35777087639996635,0.17888543819998318,-0.08944271909999159,0.08944271909999159,0.0,0.35777087639996635,0.35777087639996635,0.08944271909999159,0.2683281572999747,-0.2683281572999747,0.08944271909999159,0.08944271909999159,0.17888543819998318,-0.08944271909999159,-0.2683281572999747,-0.08944271909999159,0.17888543819998318,0.0
0.054,-0.22360679774997896,0.31304951684997057,-0.044721359549995794,0.044721359549995794,0.31304951684997057,-0.044721359549995794,-0.4919349550499537,-0.31304951684997057,0.13416407864998736,-0.044721359549995794,0.044721359549995794,-0.044721359549995794,0.40249223594996214,0.40249223594996214,0.13416407864998736,0.22360679774997896,-0.31304951684997057,0.13416407864998736,0.13416407864998736,0.22360679774997896,-0.044721359549995794,-0.22360679774997896,-0.044721359549995794,0.13416407864998736,-0.044721359549995794
0.056,-0.17888543819998318,0.35777087639996635,-0.08944271909999159,0.0,0.2683281572999747,-0.08944271909999159,-0.5366563145999494,-0.35777087639996635,0.17888543819998318,-0.08944271909999159,0.08944271909999159,-0.08944271909999159,0.4472135954999579,0.35777087639996635,0.17888543819998318,0.17888543819998318,-0.2683281572999747,0.17888543819998318,0.17888543819998318,0.2683281572999747,0.0,-0.17888543819998318,-0.08944271909999159,0.08944271909999159,0.0
0.058,-0.22360679774997896,0.40249223594996214,-0.044721359549995794,0.044721359549995794,0.31304951684997057,-0.044721359549995794,-0.5813776741499453,-0.40249223594996214,0.13416407864998736,-0.044721359549995794,0.044721359549995794,-0.044721359549995794,0.40249223594996214,0.40249223594996214,0.13416407864998736,0.13416407864998736,-0.22360679774997896,0.22360679774997896,0.13416407864998736,0.22360679774997896,0.044721359549995794,-0.22360679774997896,-0.044721359549995794,0.13416407864998736,-0.044721359549995794
0.06,-0.17888543819998318,0.4472135954999579,-0.08944271909999159,0.08944271909999159,0.2683281572999747,-0.08944271909999159,-0.6260990336999411,-0.4472135954999579,0.17888543819998318,0.0,0.0,0.0,0.4472135954999579,0.4472135954999579,0.08944271909999159,0.17888543819998318,-0.2683281572999747,0.2683281572999747,0.08944271909999159,0.2683281572999747,0.08944271909999159,-0.17888543819998318,-0.08944271909999159,0.08944271909999159,0.0
0.062,-0.22360679774997896,0.40249223594996214,-0.044721359549995794,0.044721359549995794,0.22360679774997896,-0.044721359549995794,-0.6708203932499369,-0.4919349550499537,0.13416407864998736,-0.044721359549995794,0.044721359549995794,-0.044721359549995794,0.4919349550499537,0.40249223594996214,0.044721359549995794,0.22360679774997896,-0.22360679774997896,0.22360679774997896,0.13416407864998736,0.31304951684997057,0.13416407864998736,-0.13416407864998736,-0.044721359549995794,0.044721359549995794,0.044721359549995794
0.064,-0.2683281572999747,0.4472135954999579,0.0,0.08944271909999159,0.17888543819998318,0.0,-0.6260990336999411,-0.4472135954999579,0.08944271909999159,0.0,0.08944271909999159,0.0,0.5366563145999494,0.4472135954999579,0.08944271909999159,0.2683281572999747,-0.2683281572999747,0.2683281572999747,0.17888543819998318,0.2683281572999747,0.08944271909999159,-0.08944271909999159,0.0,0.0,0.08944271909999159
0.066,-0.22360679774997896,0.40249223594996214,-0.044721359549995794,0.044721359549995794,0.22360679774997896,-0.044721359549995794,-0.5813776741499453,-0.40249223594996214,0.044721359549995794,0.044721359549995794,0.044721359549995794,-0.044721359549995794,0.4919349550499537,0.4919349550499537,0.044721359549995794,0.31304951684997057,-0.22360679774997896,0.22360679774997896,0.13416407864998736,0.31304951684997057,0.13416407864998736,-0.044721359549995794,-0.044721359549995794,-0.044721359549995794,0.13416407864998736
0.068,-0.17888543819998318,0.35777087639996635,-0.08944271909999159,0.0,0.2683281572999747,0.0,-0.6260990336999411,-0.4472135954999579,0.0,0.08944271909999159,0.0,-0.08944271909999159,0.5366563145999494,0.5366563145999494,0.08944271909999159,0.2683281572999747,-0.17888543819998318,0.17888543819998318,0.08944271909999159,0.35777087639996635,0.17888543819998318,0.0,0.0,-0.08944271909999159,0.17888543819998318
0.07,-0.13416407864998736,0.40249223594996214,-0.044721359549995794,0.044721359549995794,0.31304951684997057,-0.044721359549995794,-0.6708203932499369,-0.40249223594996214,-0.044721359549995794,0.044721359549995794,0.044721359549995794,-0.044721359549995794,0.5813776741499453,0.4919349550499537,0.13416407864998736,0.22360679774997896,-0.22360679774997896,0.13416407864998736,0.13416407864998736,0.31304951684997057,0.22360679774997896,-0.044721359549995794,0.044721359549995794,-0.13416407864998736,0.13416407864998736
0.072,-0.08944271909999159,0.35777087639996635,-0.08944271909999159,0.0,0.2683281572999747,-0.08944271909999159,-0.6260990336999411,-0.35777087639996635,0.0,0.0,0.08944271909999159,0.0,0.6260990336999411,0.5366563145999494,0.17888543819998318,0.17888543819998318,-0.2683281572999747,0.17888543819998318,0.08944271909999159,0.2683281572999747,0.17888543819998318,-0.08944271909999159,0.08944271909999159,-0.17888543819998318,0.17888543819998318
0.074,-0.044721359549995794,0.40249223594996214,-0.13416407864998736,-0.044721359549995794,0.22360679774997896,-0.13416407864998736,-0.6708203932499369,-0.40249223594996214,-0.044721359549995794,-0.044721359549995794,0.044721359549995794,0.044721359549995794,0.5813776741499453,0.5813776741499453,0.13416407864998736,0.22360679774997896,-0.22360679774997896,0.13416407864998736,0.13416407864998736,0.31304951684997057,0.13416407864998736,-0.044721359549995794,0.13416407864998736,-0.22360679774997896,0.13416407864998736
0.076,0.0,0.35777087639996635,-0.08944271909999159,0.0,0.2683281572999747,-0.08944271909999159,-0.7155417527999327,-0.4472135954999579,0.0,-0.08944271909999159,0.08944271909999159,0.0,0.6260990336999411,0.6260990336999411,0.08944271909999159,0.2683281572999747,-0.17888543819998318,0.17888543819998318,0.08944271909999159,0.35777087639996635,0.08944271909999159,-0.08944271909999159,0.17888543819998318,-0.2683281572999747,0.08944271909999159
0.078,-0.044721359549995794,0.31304951684997057,-0.13416407864998736,0.044721359549995794,0.22360679774997896,-0.13416407864998736,-0.6708203932499369,-0.40249223594996214,-0.044721359549995794,-0.044721359549995794,0.13416407864998736,0.044721359549995794,0.5813776741499453,0.6708203932499369,0.044721359549995794,0.31304951684997057,-0.13416407864998736,0.13416407864998736,0.044721359549995794,0.31304951684997057,0.13416407864998736,-0.044721359549995794,0.13416407864998736,-0.31304951684997057,0.044721359549995794
0.08,0.0,0.35777087639996635,-0.08944271909999159,0.08944271909999159,0.17888543819998318,-0.17888543819998318,-0.6260990336999411,-0.4472135954999579,0.0,0.0,0.08944271909999159,0.0,0.5366563145999494,0.7155417527999327,0.0,0.2683281572999747,-0.08944271909999159,0.17888543819998318,0.0,0.2683281572999747,0.08944271909999159,-0.08944271909999159,0.17888543819998318,-0.2683281572999747,0.0
0.082,-0.044721359549995794,0.31304951684997057,-0.13416407864998736,0.044721359549995794,0.13416407864998736,-0.22360679774997896,-0.5813776741499453,-0.4919349550499537,-0.044721359549995794,0.044721359549995794,0.044721359549995794,0.044721359549995794,0.4919349550499537,0.6708203932499369,-0.044721359549995794,0.31304951684997057,-0.044721359549995794,0.22360679774997896,-0.044721359549995794,0.22360679774997896,0.13416407864998736,-0.13416407864998736,0.13416407864998736,-0.22360679774997896,-0.044721359549995794
0.084,-0.08944271909999159,0.35777087639996635,-0.17888543819998318,0.0,0.08944271909999159,-0.17888543819998318,-0.6260990336999411,-0.5366563145999494,-0.08944271909999159,0.0,0.0,0.0,0.5366563145999494,0.7155417527999327,-0.08944271909999159,0.35777087639996635,-0.08944271909999159,0.17888543819998318,-0.08944271909999159,0.2683281572999747,0.17888543819998318,-0.08944271909999159,0.17888543819998318,-0.2683281572999747,-0.08944271909999159
0.086,-0.13416407864998736,0.31304951684997057,-0.22360679774997896,-0.044721359549995794,0.044721359549995794,-0.22360679774997896,-0.6708203932499369,-0.4919349550499537,-0.13416407864998736,0.044721359549995794,0.044721359549995794,-0.044721359549995794,0.4919349550499537,0.7602631123499285,-0.13416407864998736,0.40249223594996214,-0.044721359549995794,0.13416407864998736,-0.044721359549995794,0.22360679774997896,0.13416407864998736,-0.13416407864998736,0.13416407864998736,-0.22360679774997896,-0.13416407864998736
0.088,-0.17888543819998318,0.2683281572999747,-0.17888543819998318,0.0,0.08944271909999159,-0.17888543819998318,-0.7155417527999327,-0.4472135954999579,-0.08944271909999159,0.0,0.08944271909999159,-0.08944271909999159,0.5366563145999494,0.7155417527999327,-0.17888543819998318,0.4472135954999579,0.0,0.08944271909999159,-0.08944271909999159,0.2683281572999747,0.08944271909999159,-0.17888543819998318,0.08944271909999159,-0.17888543819998318,-0.17888543819998318
0.09,-0.22360679774997896,0.22360679774997896,-0.22360679774997896,0.044721359549995794,0.044721359549995794,-0.13416407864998736,-0.7602631123499285,-0.4919349550499537,-0.044721359549995794,0.044721359549995794,0.13416407864998736,-0.044721359549995794,0.5813776741499453,0.6708203932499369,-0.13416407864998736,0.40249223594996214,-0.044721359549995794,0.13416407864998736,-0.13416407864998736,0.31304951684997057,0.044721359549995794,-0.13416407864998736,0.044721359549995794,-0.22360679774997896,-0.22360679774997896
0.092,-0.2683281572999747,0.2683281572999747,-0.2683281572999747,0.08944271909999159,0.0,-0.17888543819998318,-0.8049844718999243,-0.5366563145999494,0.0,0.0,0.08944271909999159,-0.08944271909999159,0.5366563145999494,0.7155417527999327,-0.17888543819998318,0.35777087639996635,-0.08944271909999159,0.17888543819998318,-0.08944271909999159,0.2683281572999747,0.08944271909999159,-0.08944271909999159,0.08944271909999159,-0.17888543819998318,-0.2683281572999747
0.094,-0.22360679774997896,0.31304951684997057,-0.31304951684997057,0.13416407864998736,0.044721359549995794,-0.22360679774997896,-0.8497058314499201,-0.4919349550499537,-0.044721359549995794,0.044721359549995794,0.044721359549995794,-0.13416407864998736,0.4919349550499537,0.7602631123499285,-0.13416407864998736,0.40249223594996214,-0.044721359549995794,0.13416407864998736,-0.044721359549995794,0.22360679774997896,0.13416407864998736,-0.13416407864998736,0.044721359549995794,-0.13416407864998736,-0.22360679774997896
0.096,-0.2683281572999747,0.2683281572999747,-0.2683281572999747,0.17888543819998318,0.0,-0.2683281572999747,-0.8944271909999159,-0.4472135954999579,-0.08944271909999159,0.08944271909999159,0.0,-0.17888543819998318,0.4472135954999579,0.7155417527999327,-0.17888543819998318,0.4472135954999579,0.0,0.17888543819998318,-0.08944271909999159,0.2683281572999747,0.17888543819998318,-0.08944271909999159,0.08944271909999159,-0.17888543819998318,-0.2683281572999747
0.098,-0.22360679774997896,0.31304951684997057,-0.31304951684997057,0.22360679774997896,-0.044721359549995794,-0.31304951684997057,-0.9391485505499116,-0.40249223594996214,-0.13416407864998736,0.13416407864998736,0.044721359549995794,-0.22360679774997896,0.4919349550499537,0.6708203932499369,-0.13416407864998736,0.40249223594996214,-0.044721359549995794,0.22360679774997896,-0.13416407864998736,0.22360679774997896,0.13416407864998736,-0.044721359549995794,0.044721359549995794,-0.22360679774997896,-0.22360679774997896
0.1,-0.17888543819998318,0.2683281572999747,-0.35777087639996635,0.17888543819998318,0.0,-0.2683281572999747,-0.8944271909999159,-0.35777087639996635,-0.17888543819998318,0.08944271909999159,0.08944271909999159,-0.2683281572999747,0.5366563145999494,0.7155417527999327,-0.08944271909999159,0.4472135954999579,-0.08944271909999159,0.2683281572999747,-0.08944271909999159,0.2683281572999747,0.08944271909999159,-0.08944271909999159,0.08944271909999159,-0.2683281572999747,-0.17888543819998318
0.102,-0.13416407864998736,0.31304951684997057,-0.31304951684997057,0.13416407864998736,-0.044721359549995794,-0.22360679774997896,-0.8497058314499201,-0.40249223594996214,-0.22360679774997896,0.13416407864998736,0.13416407864998736,-0.31304951684997057,0.4919349550499537,0.6708203932499369,-0.044721359549995794,0.40249223594996214,-0.044721359549995794,0.31304951684997057,-0.13416407864998736,0.22360679774997896,0.13416407864998736,-0.044721359549995794,0.044721359549995794,-0.22360679774997896,-0.22360679774997896
0.104,-0.08944271909999159,0.35777087639996635,-0.2683281572999747,0.17888543819998318,0.0,-0.17888543819998318,-0.8049844718999243,-0.35777087639996635,-0.17888543819998318,0.08944271909999159,0.17888543819998318,-0.35777087639996635,0.5366563145999494,0.7155417527999327,0.0,0.35777087639996635,-0.08944271909999159,0.2683281572999747,-0.17888543819998318,0.17888543819998318,0.17888543819998318,0.0,0.0,-0.17888543819998318,-0.17888543819998318
0.106,-0.044721359549995794,0.31304951684997057,-0.31304951684997057,0.22360679774997896,0.044721359549995794,-0.22360679774997896,-0.8497058314499201,-0.40249223594996214,-0.22360679774997896,0.13416407864998736,0.22360679774997896,-0.31304951684997057,0.4919349550499537,0.6708203932499369,-0.044721359549995794,0.40249223594996214,-0.044721359549995794,0.31304951684997057,-0.22360679774997896,0.13416407864998736,0.13416407864998736,0.044721359549995794,0.044721359549995794,-0.13416407864998736,-0.22360679774997896
0.108,0.0,0.2683281572999747,-0.35777087639996635,0.17888543819998318,0.0,-0.2683281572999747,-0.8049844718999243,-0.35777087639996635,-0.17888543819998318,0.17888543819998318,0.17888543819998318,-0.35777087639996635,0.4472135954999579,0.7155417527999327,-0.08944271909999159,0.4472135954999579,-0.08944271909999159,0.2683281572999747,-0.2683281572999747,0.17888543819998318,0.08944271909999159,0.08944271909999159,0.08944271909999159,-0.08944271909999159,-0.17888543819998318
0.11,-0.044721359549995794,0.22360679774997896,-0.40249223594996214,0.13416407864998736,0.044721359549995794,-0.31304951684997057,-0.8497058314499201,-0.40249223594996214,-0.22360679774997896,0.13416407864998736,0.13416407864998736,-0.31304951684997057,0.4919349550499537,0.6708203932499369,-0.13416407864998736,0.4919349550499537,-0.13416407864998736,0.22360679774997896,-0.22360679774997896,0.13416407864998736,0.13416407864998736,0.044721359549995794,0.13416407864998736,-0.044721359549995794,-0.22360679774997896
0.112,0.0,0.17888543819998318,-0.4472135954999579,0.08944271909999159,0.08944271909999159,-0.2683281572999747,-0.8049844718999243,-0.35777087639996635,-0.17888543819998318,0.17888543819998318,0.17888543819998318,-0.2683281572999747,0.4472135954999579,0.7155417527999327,-0.08944271909999159,0.5366563145999494,-0.08944271909999159,0.17888543819998318,-0.2683281572999747,0.08944271909999159,0.08944271909999159,0.08944271909999159,0.17888543819998318,0.0,-0.2683281572999747
0.114,0.044721359549995794,0.13416407864998736,-0.4919349550499537,0.13416407864998736,0.044721359549995794,-0.22360679774997896,-0.7602631123499285,-0.31304951684997057,-0.22360679774997896,0.13416407864998736,0.13416407864998736,-0.31304951684997057,0.40249223594996214,0.6708203932499369,-0.044721359549995794,0.5813776741499453,-0.044721359549995794,0.22360679774997896,-0.22360679774997896,0.044721359549995794,0.044721359549995794,0.13416407864998736,0.22360679774997896,-0.044721359549995794,-0.22360679774997896
0.116,0.08944271909999159,0.17888543819998318,-0.4472135954999579,0.17888543819998318,0.0,-0.2683281572999747,-0.8049844718999243,-0.35777087639996635,-0.2683281572999747,0.08944271909999159,0.08944271909999159,-0.35777087639996635,0.4472135954999579,0.7155417527999327,-0.08944271909999159,0.5366563145999494,-0.08944271909999159,0.17888543819998318,-0.2683281572999747,0.0,0.0,0.08944271909999159,0.17888543819998318,-0.08944271909999159,-0.2683281572999747
0.118,0.044721359549995794,0.13416407864998736,-0.4919349550499537,0.22360679774997896,0.044721359549995794,-0.31304951684997057,-0.8497058314499201,-0.40249223594996214,-0.31304951684997057,0.13416407864998736,0.13416407864998736,-0.31304951684997057,0.40249223594996214,0.6708203932499369,-0.13416407864998736,0.4919349550499537,-0.044721359549995794,0.22360679774997896,-0.22360679774997896,-0.044721359549995794,0.044721359549995794,0.13416407864998736,0.22360679774997896,-0.13416407864998736,-0.22360679774997896
0.12,0.08944271909999159,0.08944271909999159,-0.5366563145999494,0.2683281572999747,0.0,-0.35777087639996635,-0.8944271909999159,-0.4472135954999579,-0.2683281572999747,0.08944271909999159,0.08944271909999159,-0.2683281572999747,0.35777087639996635,0.7155417527999327,-0.17888543819998318,0.4472135954999579,-0.08944271909999159,0.17888543819998318,-0.2683281572999747,0.0,0.08944271909999159,0.08944271909999159,0.17888543819998318,-0.17888543819998318,-0.2683281572999747
0.122,0.044721359549995794,0.13416407864998736,-0.5813776741499453,0.31304951684997057,-0.044721359549995794,-0.31304951684997057,-0.9391485505499116,-0.40249223594996214,-0.31304951684997057,0.13416407864998736,0.044721359549995794,-0.22360679774997896,0.31304951684997057,0.6708203932499369,-0.22360679774997896,0.4919349550499537,-0.044721359549995794,0.22360679774997896,-0.22360679774997896,0.044721359549995794,0.044721359549995794,0.044721359549995794,0.22360679774997896,-0.13416407864998736,-0.31304951684997057
0.124,0.08944271909999159,0.08944271909999159,-0.5366563145999494,0.35777087639996635,-0.08944271909999159,-0.2683281572999747,-0.8944271909999159,-0.4472135954999579,-0.35777087639996635,0.17888543819998318,0.0,-0.2683281572999747,0.35777087639996635,0.7155417527999327,-0.17888543819998318,0.5366563145999494,-0.08944271909999159,0.2683281572999747,-0.2683281572999747,0.0,0.0,0.0,0.2683281572999747,-0.08944271909999159,-0.2683281572999747
0.126,0.044721359549995794,0.13416407864998736,-0.5813776741499453,0.40249223594996214,-0.044721359549995794,-0.31304951684997057,-0.9391485505499116,-0.4919349550499537,-0.31304951684997057,0.13416407864998736,0.044721359549995794,-0.31304951684997057,0.40249223594996214,0.6708203932499369,-0.22360679774997896,0.4919349550499537,-0.13416407864998736,0.31304951684997057,-0.22360679774997896,-0.044721359549995794,0.044721359549995794,0.044721359549995794,0.22360679774997896,-0.13416407864998736,-0.22360679774997896
0.128,0.08944271909999159,0.08944271909999159,-0.5366563145999494,0.35777087639996635,0.0,-0.35777087639996635,-0.8944271909999159,-0.4472135954999579,-0.2683281572999747,0.17888543819998318,0.0,-0.2683281572999747,0.35777087639996635,0.7155417527999327,-0.17888543819998318,0.4472135954999579,-0.08944271909999159,0.35777087639996635,-0.2683281572999747,0.0,0.0,0.0,0.17888543819998318,-0.17888543819998318,-0.2683281572999747
0.13,0.13416407864998736,0.13416407864998736,-0.4919349550499537,0.40249223594996214,0.044721359549995794,-0.31304951684997057,-0.9391485505499116,-0.4919349550499537,-0.31304951684997057,0.13416407864998736,0.044721359549995794,-0.22360679774997896,0.31304951684997057,0.6708203932499369,-0.22360679774997896,0.4919349550499537,-0.13416407864998736,0.40249223594996214,-0.31304951684997057,0.044721359549995794,0.044721359549995794,0.044721359549995794,0.13416407864998736,-0.22360679774997896,-0.22360679774997896
0.132,0.08944271909999159,0.08944271909999159,-0.4472135954999579,0.4472135954999579,0.0,-0.35777087639996635,-0.8944271909999159,-0.5366563145999494,-0.2683281572999747,0.17888543819998318,0.08944271909999159,-0.17888543819998318,0.35777087639996635,0.6260990336999411,-0.2683281572999747,0.4472135954999579,-0.17888543819998318,0.35777087639996635,-0.2683281572999747,0.08944271909999159,0.0,0.08944271909999159,0.08944271909999159,-0.17888543819998318,-0.17888543819998318
0.134,0.044721359549995794,0.13416407864998736,-0.4919349550499537,0.40249223594996214,-0.044721359549995794,-0.31304951684997057,-0.9391485505499116,-0.5813776741499453,-0.31304951684997057,0.13416407864998736,0.044721359549995794,-0.13416407864998736,0.40249223594996214,0.5813776741499453,-0.31304951684997057,0.40249223594996214,-0.22360679774997896,0.31304951684997057,-0.22360679774997896,0.044721359549995794,0.044721359549995794,0.13416407864998736,0.044721359549995794,-0.22360679774997896,-0.13416407864998736
0.136,0.08944271909999159,0.08944271909999159,-0.4472135954999579,0.4472135954999579,-0.08944271909999159,-0.35777087639996635,-0.8944271909999159,-0.5366563145999494,-0.2683281572999747,0.17888543819998318,0.0,-0.17888543819998318,0.4472135954999579,0.5366563145999494,-0.2683281572999747,0.4472135954999579,-0.17888543819998318,0.2683281572999747,-0.17888543819998318,0.0,0.08944271909999159,0.08944271909999159,0.0,-0.17888543819998318,-0.08944271909999159
0.138,0.13416407864998736,0.044721359549995794,-0.4919349550499537,0.40249223594996214,-0.13416407864998736,-0.31304951684997057,-0.8497058314499201,-0.4919349550499537,-0.31304951684997057,0.13416407864998736,0.044721359549995794,-0.13416407864998736,0.4919349550499537,0.5813776741499453,-0.31304951684997057,0.40249223594996214,-0.13416407864998736,0.22360679774997896,-0.22360679774997896,-0.044721359549995794,0.13416407864998736,0.044721359549995794,-0.044721359549995794,-0.22360679774997896,-0.13416407864998736
0.14,0.08944271909999159,0.0,-0.4472135954999579,0.35777087639996635,-0.17888543819998318,-0.2683281572999747,-0.8049844718999243,-0.5366563145999494,-0.2683281572999747,0.08944271909999159,0.08944271909999159,-0.08944271909999159,0.5366563145999494,0.6260990336999411,-0.2683281572999747,0.35777087639996635,-0.17888543819998318,0.17888543819998318,-0.17888543819998318,0.0,0.08944271909999159,0.0,0.0,-0.2683281572999747,-0.17888543819998318
0.142,0.044721359549995794,-0.044721359549995794,-0.40249223594996214,0.31304951684997057,-0.22360679774997896,-0.22360679774997896,-0.7602631123499285,-0.5813776741499453,-0.22360679774997896,0.044721359549995794,0.13416407864998736,-0.13416407864998736,0.4919349550499537,0.6708203932499369,-0.31304951684997057,0.31304951684997057,-0.22360679774997896,0.13416407864998736,-0.22360679774997896,0.044721359549995794,0.13416407864998736,-0.044721359549995794,-0.044721359549995794,-0.22360679774997896,-0.13416407864998736
0.144,0.0,-0.08944271909999159,-0.4472135954999579,0.35777087639996635,-0.2683281572999747,-0.17888543819998318,-0.7155417527999327,-0.5366563145999494,-0.2683281572999747,0.08944271909999159,0.17888543819998318,-0.08944271909999159,0.4472135954999579,0.7155417527999327,-0.35777087639996635,0.35777087639996635,-0.17888543819998318,0.17888543819998318,-0.2683281572999747,0.08944271909999159,0.17888543819998318,-0.08944271909999159,0.0,-0.2683281572999747,-0.17888543819998318
0.146,-0.044721359549995794,-0.044721359549995794,-0.40249223594996214,0.31304951684997057,-0.31304951684997057,-0.13416407864998736,-0.6708203932499369,-0.5813776741499453,-0.31304951684997057,0.044721359549995794,0.13416407864998736,-0.13416407864998736,0.4919349550499537,0.7602631123499285,-0.31304951684997057,0.31304951684997057,-0.22360679774997896,0.22360679774997896,-0.31304951684997057,0.044721359549995794,0.22360679774997896,-0.13416407864998736,0.044721359549995794,-0.22360679774997896,-0.13416407864998736
0.148,-0.08944271909999159,-0.08944271909999159,-0.4472135954999579,0.35777087639996635,-0.35777087639996635,-0.08944271909999159,-0.6260990336999411,-0.5366563145999494,-0.35777087639996635,0.08944271909999159,0.08944271909999159,-0.08944271909999159,0.4472135954999579,0.8049844718999243,-0.2683281572999747,0.35777087639996635,-0.17888543819998318,0.17888543819998318,-0.2683281572999747,0.08944271909999159,0.2683281572999747,-0.08944271909999159,0.0,-0.17888543819998318,-0.08944271909999159
0.15,-0.13416407864998736,-0.13416407864998736,-0.40249223594996214,0.40249223594996214,-0.31304951684997057,-0.13416407864998736,-0.6708203932499369,-0.4919349550499537,-0.31304951684997057,0.13416407864998736,0.044721359549995794,-0.044721359549995794,0.40249223594996214,0.7602631123499285,-0.22360679774997896,0.31304951684997057,-0.13416407864998736,0.22360679774997896,-0.31304951684997057,0.13416407864998736,0.22360679774997896,-0.044721359549995794,0.044721359549995794,-0.22360679774997896,-0.13416407864998736
0.152,-0.17888543819998318,-0.08944271909999159,-0.4472135954999579,0.35777087639996635,-0.2683281572999747,-0.08944271909999159,-0.6260990336999411,-0.4472135954999579,-0.35777087639996635,0.17888543819998318,0.0,-0.08944271909999159,0.4472135954999579,0.8049844718999243,-0.2683281572999747,0.2683281572999747,-0.17888543819998318,0.17888543819998318,-0.2683281572999747,0.08944271909999159,0.2683281572999747,0.0,0.08944271909999159,-0.2683281572999747,-0.17888543819998318
0.154,-0.22360679774997896,-0.13416407864998736,-0.4919349550499537,0.31304951684997057,-0.22360679774997896,-0.13416407864998736,-0.5813776741499453,-0.40249223594996214,-0.40249223594996214,0.22360679774997896,0.044721359549995794,-0.13416407864998736,0.40249223594996214,0.8497058314499201,-0.31304951684997057,0.31304951684997057,-0.22360679774997896,0.13416407864998736,-0.22360679774997896,0.044721359549995794,0.22360679774997896,-0.044721359549995794,0.044721359549995794,-0.31304951684997057,-0.13416407864998736
0.156,-0.2683281572999747,-0.08944271909999159,-0.4472135954999579,0.2683281572999747,-0.17888543819998318,-0.17888543819998318,-0.5366563145999494,-0.4472135954999579,-0.35777087639996635,0.2683281572999747,0.0,-0.17888543819998318,0.35777087639996635,0.8944271909999159,-0.2683281572999747,0.35777087639996635,-0.2683281572999747,0.17888543819998318,-0.17888543819998318,0.0,0.17888543819998318,0.0,0.0,-0.2683281572999747,-0.08944271909999159
0.158,-0.22360679774997896,-0.13416407864998736,-0.4919349550499537,0.31304951684997057,-0.13416407864998736,-0.22360679774997896,-0.5813776741499453,-0.4919349550499537,-0.40249223594996214,0.22360679774997896,0.044721359549995794,-0.22360679774997896,0.31304951684997057,0.8497058314499201,-0.22360679774997896,0.31304951684997057,-0.22360679774997896,0.13416407864998736,-0.22360679774997896,0.044721359549995794,0.22360679774997896,-0.044721359549995794,-0.044721359549995794,-0.22360679774997896,-0.044721359549995794
0.16,-0.17888543819998318,-0.08944271909999159,-0.5366563145999494,0.2683281572999747,-0.08944271909999159,-0.17888543819998318,-0.5366563145999494,-0.4472135954999579,-0.4472135954999579,0.17888543819998318,0.0,-0.17888543819998318,0.35777087639996635,0.8944271909999159,-0.17888543819998318,0.2683281572999747,-0.17888543819998318,0.08944271909999159,-0.2683281572999747,0.0,0.17888543819998318,0.0,-0.08944271909999159,-0.17888543819998318,0.0
0.162,-0.13416407864998736,-0.044721359549995794,-0.5813776741499453,0.22360679774997896,-0.044721359549995794,-0.13416407864998736,-0.5813776741499453,-0.40249223594996214,-0.4919349550499537,0.13416407864998736,-0.044721359549995794,-0.13416407864998736,0.40249223594996214,0.8497058314499201,-0.13416407864998736,0.31304951684997057,-0.22360679774997896,0.044721359549995794,-0.22360679774997896,-0.044721359549995794,0.13416407864998736,-0.044721359549995794,-0.13416407864998736,-0.13416407864998736,0.044721359549995794
0.164,-0.08944271909999159,-0.08944271909999159,-0.5366563145999494,0.2683281572999747,0.0,-0.17888543819998318,-0.5366563145999494,-0.4472135954999579,-0.5366563145999494,0.17888543819998318,0.0,-0.17888543819998318,0.4472135954999579,0.8944271909999159,-0.08944271909999159,0.2683281572999747,-0.17888543819998318,0.08944271909999159,-0.2683281572999747,-0.08944271909999159,0.08944271909999159,0.0,-0.08944271909999159,-0.17888543819998318,0.08944271909999159
0.166,-0.044721359549995794,-0.13416407864998736,-0.5813776741499453,0.22360679774997896,0.044721359549995794,-0.13416407864998736,-0.5813776741499453,-0.4919349550499537,-0.5813776741499453,0.13416407864998736,0.044721359549995794,-0.13416407864998736,0.40249223594996214,0.8497058314499201,-0.13416407864998736,0.22360679774997896,-0.22360679774997896,0.13416407864998736,-0.22360679774997896,-0.044721359549995794,0.13416407864998736,-0.044721359549995794,-0.13416407864998736,-0.13416407864998736,0.13416407864998736
0.168,0.0,-0.17888543819998318,-0.5366563145999494,0.17888543819998318,0.08944271909999159,-0.17888543819998318,-0.5366563145999494,-0.4472135954999579,-0.5366563145999494,0.17888543819998318,0.08944271909999159,-0.17888543819998318,0.35777087639996635,0.8049844718999243,-0.17888543819998318,0.17888543819998318,-0.17888543819998318,0.08944271909999159,-0.2683281572999747,0.0,0.17888543819998318,0.0,-0.17888543819998318,-0.08944271909999159,0.17888543819998318
0.17,0.044721359549995794,-0.22360679774997896,-0.4919349550499537,0.13416407864998736,0.13416407864998736,-0.13416407864998736,-0.4919349550499537,-0.4919349550499537,-0.4919349550499537,0.22360679774997896,0.13416407864998736,-0.13416407864998736,0.40249223594996214,0.8497058314499201,-0.13416407864998736,0.22360679774997896,-0.22360679774997896,0.13416407864998736,-0.22360679774997896,-0.044721359549995794,0.13416407864998736,0.044721359549995794,-0.13416407864998736,-0.13416407864998736,0.13416407864998736
0.172,0.08944271909999159,-0.17888543819998318,-0.5366563145999494,0.17888543819998318,0.17888543819998318,-0.08944271909999159,-0.5366563145999494,-0.5366563145999494,-0.5366563145999494,0.2683281572999747,0.08944271909999159,-0.17888543819998318,0.4472135954999579,0.8944271909999159,-0.08944271909999159,0.2683281572999747,-0.2683281572999747,0.08944271909999159,-0.2683281572999747,-0.08944271909999159,0.17888543819998318,0.08944271909999159,-0.08944271909999159,-0.17888543819998318,0.17888543819998318
0.174,0.13416407864998736,-0.13416407864998736,-0.4919349550499537,0.13416407864998736,0.22360679774997896,-0.13416407864998736,-0.5813776741499453,-0.5813776741499453,-0.5813776741499453,0.22360679774997896,0.044721359549995794,-0.13416407864998736,0.4919349550499537,0.8497058314499201,-0.13416407864998736,0.22360679774997896,-0.31304951684997057,0.13416407864998736,-0.31304951684997057,-0.044721359549995794,0.22360679774997896,0.044721359549995794,-0.13416407864998736,-0.22360679774997896,0.22360679774997896
0.176,0.17888543819998318,-0.08944271909999159,-0.4472135954999579,0.17888543819998318,0.2683281572999747,-0.08944271909999159,-0.5366563145999494,-0.6260990336999411,-0.6260990336999411,0.17888543819998318,0.08944271909999159,-0.08944271909999159,0.5366563145999494,0.8049844718999243,-0.17888543819998318,0.2683281572999747,-0.2683281572999747,0.17888543819998318,-0.2683281572999747,0.0,0.2683281572999747,0.0,-0.08944271909999159,-0.17888543819998318,0.17888543819998318
0.178,0.22360679774997896,-0.044721359549995794,-0.4919349550499537,0.22360679774997896,0.22360679774997896,-0.044721359549995794,-0.4919349550499537,-0.6708203932499369,-0.5813776741499453,0.13416407864998736,0.13416407864998736,-0.044721359549995794,0.4919349550499537,0.7602631123499285,-0.13416407864998736,0.22360679774997896,-0.22360679774997896,0.13416407864998736,-0.31304951684997057,0.044721359549995794,0.31304951684997057,0.044721359549995794,-0.044721359549995794,-0.13416407864998736,0.13416407864998736
0.18,0.17888543819998318,-0.08944271909999159,-0.4472135954999579,0.17888543819998318,0.2683281572999747,0.0,-0.4472135954999579,-0.6260990336999411,-0.5366563145999494,0.08944271909999159,0.08944271909999159,0.0,0.5366563145999494,0.7155417527999327,-0.17888543819998318,0.17888543819998318,-0.2683281572999747,0.08944271909999159,-0.35777087639996635,0.08944271909999159,0.2683281572999747,0.0,0.0,-0.08944271909999159,0.17888543819998318
0.182,0.13416407864998736,-0.044721359549995794,-0.4919349550499537,0.13416407864998736,0.22360679774997896,0.044721359549995794,-0.40249223594996214,-0.6708203932499369,-0.4919349550499537,0.13416407864998736,0.044721359549995794,-0.044721359549995794,0.5813776741499453,0.7602631123499285,-0.13416407864998736,0.22360679774997896,-0.22360679774997896,0.044721359549995794,-0.40249223594996214,0.13416407864998736,0.31304951684997057,-0.044721359549995794,-0.044721359549995794,-0.13416407864998736,0.22360679774997896
0.184,0.08944271909999159,-0.08944271909999159,-0.5366563145999494,0.08944271909999159,0.2683281572999747,0.08944271909999159,-0.4472135954999579,-0.7155417527999327,-0.5366563145999494,0.08944271909999159,0.08944271909999159,0.0,0.5366563145999494,0.8049844718999243,-0.08944271909999159,0.2683281572999747,-0.2683281572999747,0.08944271909999159,-0.4472135954999579,0.08944271909999159,0.2683281572999747,-0.08944271909999159,-0.08944271909999159,-0.17888543819998318,0.2683281572999747
0.186,0.13416407864998736,-0.044721359549995794,-0.4919349550499537,0.13416407864998736,0.22360679774997896,0.044721359549995794,-0.40249223594996214,-0.7602631123499285,-0.5813776741499453,0.044721359549995794,0.044721359549995794,0.044721359549995794,0.5813776741499453,0.8497058314499201,-0.044721359549995794,0.31304951684997057,-0.31304951684997057,0.13416407864998736,-0.4919349550499537,0.044721359549995794,0.31304951684997057,-0.044721359549995794,-0.044721359549995794,-0.22360679774997896,0.31304951684997057
0.188,0.08944271909999159,-0.08944271909999159,-0.4472135954999579,0.17888543819998318,0.17888543819998318,0.0,-0.4472135954999579,-0.8049844718999243,-0.5366563145999494,0.0,0.08944271909999159,0.0,0.6260990336999411,0.8049844718999243,0.0,0.2683281572999747,-0.35777087639996635,0.08944271909999159,-0.4472135954999579,0.08944271909999159,0.2683281572999747,0.0,0.0,-0.2683281572999747,0.2683281572999747
0.19,0.13416407864998736,-0.13416407864998736,-0.4919349550499537,0.22360679774997896,0.13416407864998736,0.044721359549995794,-0.4919349550499537,-0.8497058314499201,-0.4919349550499537,-0.044721359549995794,0.13416407864998736,-0.044721359549995794,0.5813776741499453,0.7602631123499285,-0.044721359549995794,0.22360679774997896,-0.40249223594996214,0.13416407864998736,-0.4919349550499537,0.044721359549995794,0.31304951684997057,-0.044721359549995794,0.044721359549995794,-0.22360679774997896,0.22360679774997896
0.192,0.08944271909999159,-0.17888543819998318,-0.4472135954999579,0.2683281572999747,0.08944271909999159,0.08944271909999159,-0.5366563145999494,-0.8049844718999243,-0.4472135954999579,-0.08944271909999159,0.17888543819998318,0.0,0.5366563145999494,0.7155417527999327,0.0,0.2683281572999747,-0.35777087639996635,0.08944271909999159,-0.4472135954999579,0.0,0.2683281572999747,-0.08944271909999159,0.08944271909999159,-0.2683281572999747,0.2683281572999747
0.194,0.044721359549995794,-0.22360679774997896,-0.40249223594996214,0.22360679774997896,0.13416407864998736,0.13416407864998736,-0.5813776741499453,-0.7602631123499285,-0.40249223594996214,-0.044721359549995794,0.13416407864998736,-0.044721359549995794,0.4919349550499537,0.6708203932499369,-0.044721359549995794,0.22360679774997896,-0.40249223594996214,0.044721359549995794,-0.4919349550499537,-0.044721359549995794,0.31304951684997057,-0.13416407864998736,0.044721359549995794,-0.31304951684997057,0.22360679774997896
0.196,0.0,-0.17888543819998318,-0.4472135954999579,0.2683281572999747,0.17888543819998318,0.08944271909999159,-0.6260990336999411,-0.7155417527999327,-0.35777087639996635,0.0,0.08944271909999159,0.0,0.4472135954999579,0.7155417527999327,0.0,0.2683281572999747,-0.35777087639996635,0.0,-0.5366563145999494,0.0,0.2683281572999747,-0.08944271909999159,0.0,-0.2683281572999747,0.17888543819998318
0.198,-0.044721359549995794,-0.13416407864998736,-0.40249223594996214,0.31304951684997057,0.22360679774997896,0.13416407864998736,-0.6708203932499369,-0.7602631123499285,-0.40249223594996214,0.044721359549995794,0.044721359549995794,0.044721359549995794,0.40249223594996214,0.6708203932499369,0.044721359549995794,0.31304951684997057,-0.40249223594996214,-0.044721359549995794,-0.5813776741499453,0.044721359549995794,0.31304951684997057,-0.044721359549995794,-0.044721359549995794,-0.31304951684997057,0.13416407864998736
0.2,0.0,-0.08944271909999159,-0.35777087639996635,0.2683281572999747,0.17888543819998318,0.17888543819998318,-0.7155417527999327,-0.7155417527999327,-0.4472135954999579,0.0,0.0,0.08944271909999159,0.35777087639996635,0.7155417527999327,0.0,0.35777087639996635,-0.35777087639996635,0.0,-0.5366563145999494,0.0,0.2683281572999747,0.0,-0.08944271909999159,-0.35777087639996635,0.08944271909999159
0.202,0.044721359549995794,-0.044721359549995794,-0.31304951684997057,0.31304951684997057,0.22360679774997896,0.22360679774997896,-0.6708203932499369,-0.7602631123499285,-0.40249223594996214,0.044721359549995794,-0.044721359549995794,0.13416407864998736,0.31304951684997057,0.7602631123499285,-0.044721359549995794,0.40249223594996214,-0.31304951684997057,-0.044721359549995794,-0.5813776741499453,0.044721359549995794,0.31304951684997057,-0.044721359549995794,-0.13416407864998736,-0.31304951684997057,0.13416407864998736
0.204,0.0,0.0,-0.2683281572999747,0.35777087639996635,0.2683281572999747,0.17888543819998318,-0.6260990336999411,-0.7155417527999327,-0.35777087639996635,0.0,0.0,0.08944271909999159,0.2683281572999747,0.7155417527999327,0.0,0.35777087639996635,-0.2683281572999747,0.0,-0.6260990336999411,0.08944271909999159,0.35777087639996635,-0.08944271909999159,-0.17888543819998318,-0.2683281572999747,0.17888543819998318
0.206,-0.044721359549995794,-0.044721359549995794,-0.31304951684997057,0.31304951684997057,0.22360679774997896,0.22360679774997896,-0.6708203932499369,-0.7602631123499285,-0.31304951684997057,0.044721359549995794,0.044721359549995794,0.044721359549995794,0.22360679774997896,0.6708203932499369,-0.044721359549995794,0.31304951684997057,-0.22360679774997896,0.044721359549995794,-0.5813776741499453,0.044721359549995794,0.40249223594996214,-0.044721359549995794,-0.13416407864998736,-0.22360679774997896,0.13416407864998736
0.208,-0.08944271909999159,0.0,-0.2683281572999747,0.35777087639996635,0.2683281572999747,0.2683281572999747,-0.7155417527999327,-0.7155417527999327,-0.2683281572999747,0.0,0.0,0.08944271909999159,0.2683281572999747,0.7155417527999327,-0.08944271909999159,0.2683281572999747,-0.17888543819998318,0.0,-0.6260990336999411,0.08944271909999159,0.4472135954999579,0.0,-0.17888543819998318,-0.17888543819998318,0.17888543819998318
0.21,-0.13416407864998736,0.044721359549995794,-0.31304951684997057,0.40249223594996214,0.31304951684997057,0.22360679774997896,-0.6708203932499369,-0.7602631123499285,-0.22360679774997896,-0.044721359549995794,0.044721359549995794,0.13416407864998736,0.31304951684997057,0.7602631123499285,-0.13416407864998736,0.22360679774997896,-0.13416407864998736,0.044721359549995794,-0.6708203932499369,0.13416407864998736,0.4919349550499537,0.044721359549995794,-0.22360679774997896,-0.22360679774997896,0.13416407864998736
0.212,-0.08944271909999159,0.08944271909999159,-0.35777087639996635,0.4472135954999579,0.2683281572999747,0.2683281572999747,-0.7155417527999327,-0.7155417527999327,-0.2683281572999747,0.0,0.0,0.08944271909999159,0.35777087639996635,0.7155417527999327,-0.17888543819998318,0.17888543819998318,-0.08944271909999159,0.0,-0.6260990336999411,0.08944271909999159,0.4472135954999579,0.08944271909999159,-0.2683281572999747,-0.17888543819998318,0.08944271909999159
0.214,-0.044721359549995794,0.13416407864998736,-0.40249223594996214,0.4919349550499537,0.31304951684997057,0.22360679774997896,-0.6708203932499369,-0.6708203932499369,-0.31304951684997057,-0.044721359549995794,-0.044721359549995794,0.13416407864998736,0.40249223594996214,0.7602631123499285,-0.22360679774997896,0.13416407864998736,-0.044721359549995794,-0.044721359549995794,-0.5813776741499453,0.044721359549995794,0.4919349550499537,0.13416407864998736,-0.22360679774997896,-0.22360679774997896,0.044721359549995794
0.216,-0.08944271909999159,0.17888543819998318,-0.35777087639996635,0.4472135954999579,0.2683281572999747,0.17888543819998318,-0.6260990336999411,-0.6260990336999411,-0.2683281572999747,-0.08944271909999159,0.0,0.08944271909999159,0.4472135954999579,0.8049844718999243,-0.17888543819998318,0.17888543819998318,0.0,-0.08944271909999159,-0.6260990336999411,0.0,0.4472135954999579,0.08944271909999159,-0.2683281572999747,-0.2683281572999747,0.08944271909999159
0.218,-0.13416407864998736,0.22360679774997896,-0.31304951684997057,0.4919349550499537,0.22360679774997896,0.13416407864998736,-0.6708203932499369,-0.5813776741499453,-0.22360679774997896,-0.044721359549995794,0.044721359549995794,0.13416407864998736,0.40249223594996214,0.8497058314499201,-0.13416407864998736,0.13416407864998736,0.044721359549995794,-0.13416407864998736,-0.5813776741499453,0.044721359549995794,0.40249223594996214,0.044721359549995794,-0.31304951684997057,-0.22360679774997896,0.044721359549995794
0.22,-0.17888543819998318,0.2683281572999747,-0.2683281572999747,0.4472135954999579,0.17888543819998318,0.08944271909999159,-0.6260990336999411,-0.5366563145999494,-0.17888543819998318,-0.08944271909999159,0.0,0.17888543819998318,0.4472135954999579,0.8049844718999243,-0.17888543819998318,0.08944271909999159,0.08944271909999159,-0.17888543819998318,-0.5366563145999494,0.08944271909999159,0.35777087639996635,0.08944271909999159,-0.2683281572999747,-0.2683281572999747,0.0
0.222,-0.22360679774997896,0.31304951684997057,-0.31304951684997057,0.4919349550499537,0.13416407864998736,0.13416407864998736,-0.6708203932499369,-0.5813776741499453,-0.22360679774997896,-0.044721359549995794,-0.044721359549995794,0.13416407864998736,0.4919349550499537,0.7602631123499285,-0.13416407864998736,0.13416407864998736,0.13416407864998736,-0.22360679774997896,-0.4919349550499537,0.044721359549995794,0.31304951684997057,0.13416407864998736,-0.31304951684997057,-0.22360679774997896,-0.044721359549995794
0.224,-0.17888543819998318,0.2683281572999747,-0.2683281572999747,0.5366563145999494,0.17888543819998318,0.08944271909999159,-0.7155417527999327,-0.6260990336999411,-0.2683281572999747,0.0,0.0,0.17888543819998318,0.4472135954999579,0.8049844718999243,-0.08944271909999159,0.17888543819998318,0.08944271909999159,-0.2683281572999747,-0.4472135954999579,0.08944271909999159,0.35777087639996635,0.08944271909999159,-0.35777087639996635,-0.17888543819998318,-0.08944271909999159
0.226,-0.13416407864998736,0.22360679774997896,-0.22360679774997896,0.5813776741499453,0.22360679774997896,0.044721359549995794,-0.7602631123499285,-0.5813776741499453,-0.22360679774997896,0.044721359549995794,0.044721359549995794,0.22360679774997896,0.4919349550499537,0.7602631123499285,-0.13416407864998736,0.13416407864998736,0.13416407864998736,-0.22360679774997896,-0.40249223594996214,0.13416407864998736,0.40249223594996214,0.044721359549995794,-0.40249223594996214,-0.13416407864998736,-0.044721359549995794
0.228,-0.17888543819998318,0.2683281572999747,-0.17888543819998318,0.5366563145999494,0.2683281572999747,0.08944271909999159,-0.8049844718999243,-0.6260990336999411,-0.17888543819998318,0.08944271909999159,0.08944271909999159,0.2683281572999747,0.4472135954999579,0.8049844718999243,-0.08944271909999159,0.08944271909999159,0.17888543819998318,-0.2683281572999747,-0.4472135954999579,0.17888543819998318,0.4472135954999579,0.08944271909999159,-0.4472135954999579,-0.08944271909999159,-0.08944271909999159
0.23,-0.22360679774997896,0.22360679774997896,-0.13416407864998736,0.5813776741499453,0.22360679774997896,0.13416407864998736,-0.8497058314499201,-0.6708203932499369,-0.22360679774997896,0.044721359549995794,0.044721359549995794,0.22360679774997896,0.40249223594996214,0.7602631123499285,-0.13416407864998736,0.044721359549995794,0.22360679774997896,-0.22360679774997896,-0.40249223594996214,0.13416407864998736,0.40249223594996214,0.13416407864998736,-0.40249223594996214,-0.044721359549995794,-0.13416407864998736
0.232,-0.2683281572999747,0.17888543819998318,-0.17888543819998318,0.6260990336999411,0.2683281572999747,0.08944271909999159,-0.8944271909999159,-0.6260990336999411,-0.17888543819998318,0.08944271909999159,0.0,0.2683281572999747,0.35777087639996635,0.7155417527999327,-0.08944271909999159,0.0,0.17888543819998318,-0.2683281572999747,-0.4472135954999579,0.17888543819998318,0.35777087639996635,0.08944271909999159,-0.35777087639996635,-0.08944271909999159,-0.08944271909999159
0.234,-0.22360679774997896,0.13416407864998736,-0.13416407864998736,0.6708203932499369,0.22360679774997896,0.13416407864998736,-0.9391485505499116,-0.5813776741499453,-0.22360679774997896,0.044721359549995794,-0.044721359549995794,0.31304951684997057,0.40249223594996214,0.6708203932499369,-0.13416407864998736,-0.044721359549995794,0.22360679774997896,-0.31304951684997057,-0.40249223594996214,0.22360679774997896,0.31304951684997057,0.13416407864998736,-0.40249223594996214,-0.13416407864998736,-0.044721359549995794
0.236,-0.17888543819998318,0.08944271909999159,-0.17888543819998318,0.7155417527999327,0.17888543819998318,0.17888543819998318,-0.9838699100999074,-0.6260990336999411,-0.17888543819998318,0.08944271909999159,0.0,0.2683281572999747,0.35777087639996635,0.6260990336999411,-0.17888543819998318,0.0,0.2683281572999747,-0.35777087639996635,-0.35777087639996635,0.17888543819998318,0.35777087639996635,0.08944271909999159,-0.35777087639996635,-0.08944271909999159,0.0
0.238,-0.22360679774997896,0.13416407864998736,-0.13416407864998736,0.7602631123499285,0.13416407864998736,0.13416407864998736,-1.028591269649903,-0.6708203932499369,-0.22360679774997896,0.044721359549995794,0.044721359549995794,0.22360679774997896,0.31304951684997057,0.6708203932499369,-0.22360679774997896,0.044721359549995794,0.31304951684997057,-0.40249223594996214,-0.40249223594996214,0.22360679774997896,0.31304951684997057,0.044721359549995794,-0.31304951684997057,-0.13416407864998736,0.044721359549995794
0.24,-0.2683281572999747,0.17888543819998318,-0.08944271909999159,0.7155417527999327,0.08944271909999159,0.17888543819998318,-1.073312629199899,-0.6260990336999411,-0.2683281572999747,0.0,0.0,0.17888543819998318,0.2683281572999747,0.6260990336999411,-0.2683281572999747,0.08944271909999159,0.35777087639996635,-0.4472135954999579,-0.4472135954999579,0.2683281572999747,0.35777087639996635,0.08944271909999159,-0.2683281572999747,-0.08944271909999159,0.08944271909999159
0.242,-0.31304951684997057,0.22360679774997896,-0.13416407864998736,0.7602631123499285,0.044721359549995794,0.22360679774997896,-1.028591269649903,-0.6708203932499369,-0.31304951684997057,-0.044721359549995794,-0.044721359549995794,0.22360679774997896,0.22360679774997896,0.6708203932499369,-0.31304951684997057,0.13416407864998736,0.31304951684997057,-0.4919349550499537,-0.40249223594996214,0.31304951684997057,0.40249223594996214,0.13416407864998736,-0.31304951684997057,-0.13416407864998736,0.044721359549995794
0.244,-0.2683281572999747,0.17888543819998318,-0.08944271909999159,0.7155417527999327,0.08944271909999159,0.17888543819998318,-0.9838699100999074,-0.7155417527999327,-0.35777087639996635,0.0,-0.08944271909999159,0.17888543819998318,0.2683281572999747,0.6260990336999411,-0.2683281572999747,0.08944271909999159,0.2683281572999747,-0.5366563145999494,-0.4472135954999579,0.35777087639996635,0.35777087639996635,0.08944271909999159,-0.35777087639996635,-0.08944271909999159,0.08944271909999159
0.246,-0.22360679774997896,0.13416407864998736,-0.13416407864998736,0.6708203932499369,0.13416407864998736,0.13416407864998736,-1.028591269649903,-0.6708203932499369,-0.40249223594996214,-0.044721359549995794,-0.13416407864998736,0.13416407864998736,0.31304951684997057,0.5813776741499453,-0.31304951684997057,0.13416407864998736,0.22360679774997896,-0.5813776741499453,-0.4919349550499537,0.31304951684997057,0.31304951684997057,0.044721359549995794,-0.40249223594996214,-0.13416407864998736,0.044721359549995794
0.248,-0.2683281572999747,0.08944271909999159,-0.17888543819998318,0.6260990336999411,0.08944271909999159,0.08944271909999159,-1.073312629199899,-0.6260990336999411,-0.4472135954999579,0.0,-0.17888543819998318,0.17888543819998318,0.35777087639996635,0.6260990336999411,-0.2683281572999747,0.17888543819998318,0.17888543819998318,-0.6260990336999411,-0.5366563145999494,0.35777087639996635,0.35777087639996635,0.08944271909999159,-0.35777087639996635,-0.08944271909999159,0.08944271909999159
0.25,-0.22360679774997896,0.044721359549995794,-0.13416407864998736,0.6708203932499369,0.044721359549995794,0.13416407864998736,-1.118033988749895,-0.5813776741499453,-0.40249223594996214,0.044721359549995794,-0.22360679774997896,0.22360679774997896,0.40249223594996214,0.6708203932499369,-0.31304951684997057,0.13416407864998736,0.13416407864998736,-0.5813776741499453,-0.4919349550499537,0.40249223594996214,0.31304951684997057,0.044721359549995794,-0.40249223594996214,-0.044721359549995794,0.13416407864998736
0.252,-0.17888543819998318,0.0,-0.08944271909999159,0.7155417527999327,0.0,0.08944271909999159,-1.1627553482998907,-0.5366563145999494,-0.35777087639996635,0.08944271909999159,-0.2683281572999747,0.2683281572999747,0.4472135954999579,0.6260990336999411,-0.2683281572999747,0.08944271909999159,0.17888543819998318,-0.5366563145999494,-0.4472135954999579,0.4472135954999579,0.2683281572999747,0.08944271909999159,-0.4472135954999579,0.0,0.17888543819998318
0.254,-0.13416407864998736,-0.044721359549995794,-0.044721359549995794,0.7602631123499285,-0.044721359549995794,0.044721359549995794,-1.118033988749895,-0.4919349550499537,-0.31304951684997057,0.13416407864998736,-0.31304951684997057,0.22360679774997896,0.40249223594996214,0.6708203932499369,-0.22360679774997896,0.044721359549995794,0.13416407864998736,-0.5813776741499453,-0.40249223594996214,0.4919349550499537,0.22360679774997896,0.13416407864998736,-0.4919349550499537,0.044721359549995794,0.22360679774997896
0.256,-0.17888543819998318,0.0,0.0,0.7155417527999327,0.0,0.08944271909999159,-1.073312629199899,-0.5366563145999494,-0.2683281572999747,0.08944271909999159,-0.35777087639996635,0.17888543819998318,0.35777087639996635,0.7155417527999327,-0.17888543819998318,0.08944271909999159,0.17888543819998318,-0.5366563145999494,-0.35777087639996635,0.5366563145999494,0.2683281572999747,0.08944271909999159,-0.4472135954999579,0.0,0.2683281572999747
0.258,-0.22360679774997896,0.044721359549995794,0.044721359549995794,0.7602631123499285,0.044721359549995794,0.13416407864998736,-1.028591269649903,-0.4919349550499537,-0.31304951684997057,0.044721359549995794,-0.31304951684997057,0.22360679774997896,0.40249223594996214,0.6708203932499369,-0.13416407864998736,0.13416407864998736,0.22360679774997896,-0.5813776741499453,-0.31304951684997057,0.5813776741499453,0.31304951684997057,0.13416407864998736,-0.40249223594996214,0.044721359549995794,0.31304951684997057
0.26,-0.17888543819998318,0.08944271909999159,0.0,0.7155417527999327,0.08944271909999159,0.08944271909999159,-0.9838699100999074,-0.4472135954999579,-0.2683281572999747,0.08944271909999159,-0.35777087639996635,0.17888543819998318,0.4472135954999579,0.6260990336999411,-0.17888543819998318,0.08944271909999159,0.2683281572999747,-0.6260990336999411,-0.35777087639996635,0.5366563145999494,0.2683281572999747,0.17888543819998318,-0.35777087639996635,0.08944271909999159,0.35777087639996635
0.262,-0.22360679774997896,0.044721359549995794,0.044721359549995794,0.6708203932499369,0.044721359549995794,0.044721359549995794,-0.9391485505499116,-0.4919349550499537,-0.31304951684997057,0.13416407864998736,-0.31304951684997057,0.13416407864998736,0.4919349550499537,0.6708203932499369,-0.13416407864998736,0.13416407864998736,0.31304951684997057,-0.6708203932499369,-0.40249223594996214,0.5813776741499453,0.22360679774997896,0.13416407864998736,-0.31304951684997057,0.044721359549995794,0.31304951684997057
0.264,-0.17888543819998318,0.0,0.0,0.6260990336999411,0.0,0.0,-0.8944271909999159,-0.4472135954999579,-0.35777087639996635,0.08944271909999159,-0.2683281572999747,0.08944271909999159,0.5366563145999494,0.7155417527999327,-0.17888543819998318,0.08944271909999159,0.2683281572999747,-0.7155417527999327,-0.4472135954999579,0.6260990336999411,0.2683281572999747,0.17888543819998318,-0.35777087639996635,0.08944271909999159,0.2683281572999747
0.266,-0.13416407864998736,-0.044721359549995794,-0.044721359549995794,0.5813776741499453,-0.044721359549995794,0.044721359549995794,-0.8497058314499201,-0.40249223594996214,-0.40249223594996214,0.044721359549995794,-0.31304951684997057,0.044721359549995794,0.4919349550499537,0.6708203932499369,-0.13416407864998736,0.044721359549995794,0.22360679774997896,-0.7602631123499285,-0.4919349550499537,0.5813776741499453,0.22360679774997896,0.22360679774997896,-0.40249223594996214,0.13416407864998736,0.22360679774997896
0.268,-0.17888543819998318,0.0,0.0,0.6260990336999411,-0.08944271909999159,0.0,-0.8049844718999243,-0.35777087639996635,-0.4472135954999579,0.0,-0.2683281572999747,0.08944271909999159,0.5366563145999494,0.6260990336999411,-0.08944271909999159,0.08944271909999159,0.2683281572999747,-0.8049844718999243,-0.5366563145999494,0.5366563145999494,0.2683281572999747,0.17888543819998318,-0.4472135954999579,0.08944271909999159,0.17888543819998318
0.27,-0.22360679774997896,0.044721359549995794,-0.044721359549995794,0.5813776741499453,-0.13416407864998736,0.044721359549995794,-0.8497058314499201,-0.40249223594996214,-0.4919349550499537,-0.044721359549995794,-0.22360679774997896,0.13416407864998736,0.4919349550499537,0.5813776741499453,-0.13416407864998736,0.044721359549995794,0.31304951684997057,-0.7602631123499285,-0.5813776741499453,0.5813776741499453,0.22360679774997896,0.13416407864998736,-0.4919349550499537,0.044721359549995794,0.22360679774997896
0.272,-0.17888543819998318,0.08944271909999159,0.0,0.5366563145999494,-0.08944271909999159,0.0,-0.8944271909999159,-0.4472135954999579,-0.4472135954999579,0.0,-0.17888543819998318,0.17888543819998318,0.5366563145999494,0.5366563145999494,-0.08944271909999159,0.0,0.35777087639996635,-0.8049844718999243,-0.6260990336999411,0.5366563145999494,0.17888543819998318,0.08944271909999159,-0.4472135954999579,0.08944271909999159,0.17888543819998318
0.274,-0.22360679774997896,0.044721359549995794,0.044721359549995794,0.4919349550499537,-0.044721359549995794,0.044721359549995794,-0.8497058314499201,-0.4919349550499537,-0.4919349550499537,-0.044721359549995794,-0.22360679774997896,0.13416407864998736,0.4919349550499537,0.4919349550499537,-0.13416407864998736,-0.044721359549995794,0.40249223594996214,-0.7602631123499285,-0.6708203932499369,0.4919349550499537,0.22360679774997896,0.13416407864998736,-0.4919349550499537,0.13416407864998736,0.13416407864998736
0.276,-0.2683281572999747,0.08944271909999159,0.0,0.5366563145999494,0.0,0.08944271909999159,-0.8944271909999159,-0.5366563145999494,-0.5366563145999494,0.0,-0.17888543819998318,0.17888543819998318,0.5366563145999494,0.5366563145999494,-0.08944271909999159,0.0,0.4472135954999579,-0.8049844718999243,-0.6260990336999411,0.5366563145999494,0.2683281572999747,0.08944271909999159,-0.4472135954999579,0.17888543819998318,0.08944271909999159
0.278,-0.31304951684997057,0.13416407864998736,0.044721359549995794,0.4919349550499537,0.044721359549995794,0.13416407864998736,-0.8497058314499201,-0.4919349550499537,-0.4919349550499537,0.044721359549995794,-0.13416407864998736,0.22360679774997896,0.4919349550499537,0.5813776741499453,-0.13416407864998736,0.044721359549995794,0.4919349550499537,-0.8497058314499201,-0.5813776741499453,0.4919349550499537,0.22360679774997896,0.13416407864998736,-0.40249223594996214,0.13416407864998736,0.13416407864998736
0.28,-0.2683281572999747,0.08944271909999159,0.08944271909999159,0.5366563145999494,0.08944271909999159,0.08944271909999159,-0.8049844718999243,-0.5366563145999494,-0.4472135954999579,0.08944271909999159,-0.17888543819998318,0.2683281572999747,0.5366563145999494,0.5366563145999494,-0.17888543819998318,0.08944271909999159,0.5366563145999494,-0.8944271909999159,-0.5366563145999494,0.5366563145999494,0.2683281572999747,0.08944271909999159,-0.4472135954999579,0.08944271909999159,0.17888543819998318
0.282,-0.22360679774997896,0.13416407864998736,0.044721359549995794,0.5813776741499453,0.13416407864998736,0.044721359549995794,-0.8497058314499201,-0.4919349550499537,-0.4919349550499537,0.13416407864998736,-0.13416407864998736,0.31304951684997057,0.4919349550499537,0.4919349550499537,-0.22360679774997896,0.13416407864998736,0.4919349550499537,-0.9391485505499116,-0.4919349550499537,0.5813776741499453,0.22360679774997896,0.044721359549995794,-0.4919349550499537,0.13416407864998736,0.22360679774997896
0.284,-0.17888543819998318,0.08944271909999159,0.0,0.6260990336999411,0.08944271909999159,0.0,-0.8049844718999243,-0.4472135954999579,-0.5366563145999494,0.17888543819998318,-0.08944271909999159,0.2683281572999747,0.5366563145999494,0.5366563145999494,-0.17888543819998318,0.17888543819998318,0.4472135954999579,-0.9838699100999074,-0.5366563145999494,0.5366563145999494,0.2683281572999747,0.08944271909999159,-0.4472135954999579,0.08944271909999159,0.17888543819998318
0.286,-0.22360679774997896,0.13416407864998736,-0.044721359549995794,0.5813776741499453,0.044721359549995794,-0.044721359549995794,-0.7602631123499285,-0.4919349550499537,-0.5813776741499453,0.13416407864998736,-0.13416407864998736,0.31304951684997057,0.5813776741499453,0.4919349550499537,-0.22360679774997896,0.13416407864998736,0.4919349550499537,-1.028591269649903,-0.4919349550499537,0.4919349550499537,0.22360679774997896,0.044721359549995794,-0.40249223594996214,0.13416407864998736,0.22360679774997896
0.288,-0.2683281572999747,0.08944271909999159,-0.08944271909999159,0.5366563145999494,0.08944271909999159,0.0,-0.8049844718999243,-0.5366563145999494,-0.6260990336999411,0.08944271909999159,-0.17888543819998318,0.2683281572999747,0.6260990336999411,0.4472135954999579,-0.17888543819998318,0.08944271909999159,0.4472135954999579,-1.073312629199899,-0.5366563145999494,0.5366563145999494,0.17888543819998318,0.0,-0.35777087639996635,0.17888543819998318,0.17888543819998318
0.29,-0.22360679774997896,0.044721359549995794,-0.044721359549995794,0.5813776741499453,0.13416407864998736,0.044721359549995794,-0.7602631123499285,-0.5813776741499453,-0.5813776741499453,0.13416407864998736,-0.13416407864998736,0.22360679774997896,0.6708203932499369,0.4919349550499537,-0.22360679774997896,0.044721359549995794,0.4919349550499537,-1.028591269649903,-0.4919349550499537,0.4919349550499537,0.22360679774997896,-0.044721359549995794,-0.31304951684997057,0.13416407864998736,0.22360679774997896
0.292,-0.17888543819998318,0.0,0.0,0.6260990336999411,0.17888543819998318,0.0,-0.7155417527999327,-0.6260990336999411,-0.5366563145999494,0.17888543819998318,-0.17888543819998318,0.2683281572999747,0.7155417527999327,0.5366563145999494,-0.2683281572999747,0.0,0.5366563145999494,-0.9838699100999074,-0.5366563145999494,0.5366563145999494,0.2683281572999747,-0.08944271909999159,-0.35777087639996635,0.08944271909999159,0.2683281572999747
0.294,-0.13416407864998736,-0.044721359549995794,-0.044721359549995794,0.5813776741499453,0.13416407864998736,-0.044721359549995794,-0.6708203932499369,-0.6708203932499369,-0.5813776741499453,0.13416407864998736,-0.13416407864998736,0.31304951684997057,0.7602631123499285,0.4919349550499537,-0.22360679774997896,0.044721359549995794,0.5813776741499453,-1.028591269649903,-0.4919349550499537,0.5813776741499453,0.22360679774997896,-0.044721359549995794,-0.31304951684997057,0.13416407864998736,0.22360679774997896
0.296,-0.17888543819998318,0.0,0.0,0.6260990336999411,0.17888543819998318,-0.08944271909999159,-0.6260990336999411,-0.7155417527999327,-0.5366563145999494,0.17888543819998318,-0.08944271909999159,0.2683281572999747,0.8049844718999243,0.4472135954999579,-0.2683281572999747,0.08944271909999159,0.6260990336999411,-1.073312629199899,-0.5366563145999494,0.5366563145999494,0.2683281572999747,0.0,-0.35777087639996635,0.08944271909999159,0.17888543819998318
0.298,-0.22360679774997896,-0.044721359549995794,0.044721359549995794,0.5813776741499453,0.13416407864998736,-0.044721359549995794,-0.5813776741499453,-0.6708203932499369,-0.4919349550499537,0.22360679774997896,-0.044721359549995794,0.31304951684997057,0.7602631123499285,0.40249223594996214,-0.22360679774997896,0.13416407864998736,0.6708203932499369,-1.028591269649903,-0.4919349550499537,0.4919349550499537,0.22360679774997896,-0.044721359549995794,-0.40249223594996214,0.13416407864998736,0.22360679774997896
0.3,-0.17888543819998318,0.0,0.08944271909999159,0.5366563145999494,0.17888543819998318,-0.08944271909999159,-0.6260990336999411,-0.7155417527999327,-0.5366563145999494,0.17888543819998318,-0.08944271909999159,0.2683281572999747,0.8049844718999243,0.35777087639996635,-0.17888543819998318,0.17888543819998318,0.7155417527999327,-0.9838699100999074,-0.4472135954999579,0.4472135954999579,0.2683281572999747,-0.08944271909999159,-0.4472135954999579,0.17888543819998318,0.17888543819998318
0.302,-0.22360679774997896,0.044721359549995794,0.13416407864998736,0.5813776741499453,0.22360679774997896,-0.044721359549995794,-0.6708203932499369,-0.6708203932499369,-0.4919349550499537,0.22360679774997896,-0.13416407864998736,0.22360679774997896,0.8497058314499201,0.31304951684997057,-0.22360679774997896,0.13416407864998736,0.7602631123499285,-1.028591269649903,-0.40249223594996214,0.40249223594996214,0.31304951684997057,-0.044721359549995794,-0.40249223594996214,0.22360679774997896,0.22360679774997896
0.304,-0.17888543819998318,0.08944271909999159,0.17888543819998318,0.6260990336999411,0.17888543819998318,-0.08944271909999159,-0.6260990336999411,-0.6260990336999411,-0.5366563145999494,0.17888543819998318,-0.08944271909999159,0.17888543819998318,0.8049844718999243,0.2683281572999747,-0.2683281572999747,0.17888543819998318,0.8049844718999243,-1.073312629199899,-0.4472135954999579,0.35777087639996635,0.2683281572999747,-0.08944271909999159,-0.35777087639996635,0.2683281572999747,0.17888543819998318
0.306,-0.13416407864998736,0.13416407864998736,0.22360679774997896,0.5813776741499453,0.22360679774997896,-0.044721359549995794,-0.6708203932499369,-0.6708203932499369,-0.5813776741499453,0.22360679774997896,-0.044721359549995794,0.22360679774997896,0.7602631123499285,0.22360679774997896,-0.31304951684997057,0.22360679774997896,0.8497058314499201,-1.028591269649903,-0.4919349550499537,0.31304951684997057,0.22360679774997896,-0.044721359549995794,-0.40249223594996214,0.31304951684997057,0.22360679774997896
0.308,-0.08944271909999159,0.17888543819998318,0.17888543819998318,0.6260990336999411,0.2683281572999747,-0.08944271909999159,-0.7155417527999327,-0.6260990336999411,-0.6260990336999411,0.17888543819998318,-0.08944271909999159,0.17888543819998318,0.8049844718999243,0.17888543819998318,-0.2683281572999747,0.17888543819998318,0.8944271909999159,-0.9838699100999074,-0.4472135954999579,0.2683281572999747,0.17888543819998318,0.0,-0.35777087639996635,0.35777087639996635,0.17888543819998318
0.31,-0.13416407864998736,0.13416407864998736,0.13416407864998736,0.6708203932499369,0.22360679774997896,-0.044721359549995794,-0.6708203932499369,-0.5813776741499453,-0.5813776741499453,0.13416407864998736,-0.13416407864998736,0.13416407864998736,0.8497058314499201,0.22360679774997896,-0.31304951684997057,0.13416407864998736,0.9391485505499116,-1.028591269649903,-0.4919349550499537,0.31304951684997057,0.13416407864998736,-0.044721359549995794,-0.31304951684997057,0.31304951684997057,0.13416407864998736
0.312,-0.08944271909999159,0.17888543819998318,0.08944271909999159,0.6260990336999411,0.2683281572999747,0.0,-0.7155417527999327,-0.5366563145999494,-0.6260990336999411,0.08944271909999159,-0.17888543819998318,0.17888543819998318,0.8049844718999243,0.17888543819998318,-0.2683281572999747,0.17888543819998318,0.9838699100999074,-1.073312629199899,-0.4472135954999579,0.35777087639996635,0.08944271909999159,-0.08944271909999159,-0.2683281572999747,0.35777087639996635,0.08944271909999159
0.314,-0.13416407864998736,0.22360679774997896,0.044721359549995794,0.6708203932499369,0.31304951684997057,-0.044721359549995794,-0.7602631123499285,-0.5813776741499453,-0.6708203932499369,0.13416407864998736,-0.22360679774997896,0.22360679774997896,0.7602631123499285,0.13416407864998736,-0.22360679774997896,0.13416407864998736,0.9391485505499116,-1.118033988749895,-0.4919349550499537,0.40249223594996214,0.13416407864998736,-0.13416407864998736,-0.31304951684997057,0.40249223594996214,0.044721359549995794
0.316,-0.17888543819998318,0.17888543819998318,0.0,0.6260990336999411,0.35777087639996635,-0.08944271909999159,-0.8049844718999243,-0.6260990336999411,-0.7155417527999327,0.17888543819998318,-0.17888543819998318,0.2683281572999747,0.7155417527999327,0.08944271909999159,-0.2683281572999747,0.08944271909999159,0.9838699100999074,-1.073312629199899,-0.4472135954999579,0.35777087639996635,0.08944271909999159,-0.17888543819998318,-0.2683281572999747,0.35777087639996635,0.08944271909999159
0.318,-0.22360679774997896,0.22360679774997896,-0.044721359549995794,0.5813776741499453,0.40249223594996214,-0.044721359549995794,-0.8497058314499201,-0.6708203932499369,-0.6708203932499369,0.22360679774997896,-0.22360679774997896,0.31304951684997057,0.7602631123499285,0.13416407864998736,-0.22360679774997896,0.044721359549995794,0.9391485505499116,-1.118033988749895,-0.40249223594996214,0.31304951684997057,0.044721359549995794,-0.13416407864998736,-0.22360679774997896,0.40249223594996214,0.044721359549995794
0.32,-0.17888543819998318,0.17888543819998318,0.0,0.6260990336999411,0.35777087639996635,-0.08944271909999159,-0.8944271909999159,-0.7155417527999327,-0.6260990336999411,0.2683281572999747,-0.2683281572999747,0.2683281572999747,0.8049844718999243,0.08944271909999159,-0.2683281572999747,0.0,0.9838699100999074,-1.073312629199899,-0.35777087639996635,0.35777087639996635,0.08944271909999159,-0.08944271909999159,-0.17888543819998318,0.4472135954999579,0.0
0.322,-0.22360679774997896,0.22360679774997896,0.044721359549995794,0.6708203932499369,0.40249223594996214,-0.13416407864998736,-0.8497058314499201,-0.7602631123499285,-0.6708203932499369,0.22360679774997896,-0.31304951684997057,0.31304951684997057,0.8497058314499201,0.044721359549995794,-0.22360679774997896,0.044721359549995794,1.028591269649903,-1.028591269649903,-0.40249223594996214,0.40249223594996214,0.044721359549995794,-0.044721359549995794,-0.22360679774997896,0.4919349550499537,0.044721359549995794
0.324,-0.2683281572999747,0.17888543819998318,0.08944271909999159,0.6260990336999411,0.35777087639996635,-0.17888543819998318,-0.8049844718999243,-0.8049844718999243,-0.6260990336999411,0.17888543819998318,-0.2683281572999747,0.35777087639996635,0.8944271909999159,0.0,-0.17888543819998318,0.08944271909999159,0.9838699100999074,-0.9838699100999074,-0.35777087639996635,0.4472135954999579,0.08944271909999159,-0.08944271909999159,-0.17888543819998318,0.5366563145999494,0.0
0.326,-0.31304951684997057,0.13416407864998736,0.044721359549995794,0.5813776741499453,0.40249223594996214,-0.22360679774997896,-0.8497058314499201,-0.8497058314499201,-0.6708203932499369,0.13416407864998736,-0.22360679774997896,0.31304951684997057,0.9391485505499116,-0.044721359549995794,-0.22360679774997896,0.13416407864998736,1.028591269649903,-1.028591269649903,-0.40249223594996214,0.4919349550499537,0.13416407864998736,-0.044721359549995794,-0.13416407864998736,0.5813776741499453,0.044721359549995794
0.328,-0.35777087639996635,0.08944271909999159,0.08944271909999159,0.6260990336999411,0.4472135954999579,-0.2683281572999747,-0.8049844718999243,-0.8944271909999159,-0.7155417527999327,0.17888543819998318,-0.2683281572999747,0.2683281572999747,0.9838699100999074,0.0,-0.2683281572999747,0.17888543819998318,1.073312629199899,-0.9838699100999074,-0.4472135954999579,0.4472135954999579,0.08944271909999159,-0.08944271909999159,-0.08944271909999159,0.5366563145999494,0.08944271909999159
0.33,-0.31304951684997057,0.044721359549995794,0.13416407864998736,0.6708203932499369,0.4919349550499537,-0.22360679774997896,-0.7602631123499285,-0.8497058314499201,-0.7602631123499285,0.13416407864998736,-0.31304951684997057,0.31304951684997057,1.028591269649903,0.044721359549995794,-0.22360679774997896,0.13416407864998736,1.118033988749895,-1.028591269649903,-0.40249223594996214,0.4919349550499537,0.13416407864998736,-0.13416407864998736,-0.13416407864998736,0.4919349550499537,0.13416407864998736
0.332,-0.35777087639996635,0.0,0.17888543819998318,0.6260990336999411,0.4472135954999579,-0.17888543819998318,-0.7155417527999327,-0.8944271909999159,-0.7155417527999327,0.08944271909999159,-0.35777087639996635,0.2683281572999747,1.073312629199899,0.0,-0.2683281572999747,0.17888543819998318,1.073312629199899,-0.9838699100999074,-0.4472135954999579,0.4472135954999579,0.08944271909999159,-0.08944271909999159,-0.17888543819998318,0.4472135954999579,0.17888543819998318
0.334,-0.40249223594996214,0.044721359549995794,0.22360679774997896,0.6708203932499369,0.40249223594996214,-0.13416407864998736,-0.7602631123499285,-0.8497058314499201,-0.6708203932499369,0.13416407864998736,-0.31304951684997057,0.22360679774997896,1.028591269649903,0.044721359549995794,-0.31304951684997057,0.13416407864998736,1.028591269649903,-0.9391485505499116,-0.4919349550499537,0.4919349550499537,0.13416407864998736,-0.13416407864998736,-0.22360679774997896,0.40249223594996214,0.22360679774997896
0.336,-0.35777087639996635,0.08944271909999159,0.17888543819998318,0.6260990336999411,0.4472135954999579,-0.08944271909999159,-0.8049844718999243,-0.8049844718999243,-0.6260990336999411,0.08944271909999159,-0.35777087639996635,0.17888543819998318,1.073312629199899,0.0,-0.2683281572999747,0.08944271909999159,0.9838699100999074,-0.8944271909999159,-0.5366563145999494,0.5366563145999494,0.17888543819998318,-0.17888543819998318,-0.2683281572999747,0.4472135954999579,0.17888543819998318
0.338,-0.40249223594996214,0.13416407864998736,0.22360679774997896,0.5813776741499453,0.40249223594996214,-0.044721359549995794,-0.8497058314499201,-0.8497058314499201,-0.6708203932499369,0.044721359549995794,-0.40249223594996214,0.22360679774997896,1.118033988749895,0.044721359549995794,-0.22360679774997896,0.13416407864998736,0.9391485505499116,-0.8497058314499201,-0.4919349550499537,0.4919349550499537,0.22360679774997896,-0.13416407864998736,-0.31304951684997057,0.40249223594996214,0.22360679774997896
0.34,-0.35777087639996635,0.08944271909999159,0.2683281572999747,0.5366563145999494,0.35777087639996635,-0.08944271909999159,-0.8944271909999159,-0.8944271909999159,-0.7155417527999327,0.08944271909999159,-0.35777087639996635,0.17888543819998318,1.073312629199899,0.0,-0.2683281572999747,0.17888543819998318,0.9838699100999074,-0.8049844718999243,-0.4472135954999579,0.5366563145999494,0.2683281572999747,-0.08944271909999159,-0.35777087639996635,0.4472135954999579,0.17888543819998318
0.342,-0.31304951684997057,0.044721359549995794,0.31304951684997057,0.5813776741499453,0.31304951684997057,-0.13416407864998736,-0.9391485505499116,-0.8497058314499201,-0.6708203932499369,0.13416407864998736,-0.31304951684997057,0.13416407864998736,1.118033988749895,-0.044721359549995794,-0.22360679774997896,0.13416407864998736,0.9391485505499116,-0.7602631123499285,-0.40249223594996214,0.4919349550499537,0.31304951684997057,-0.044721359549995794,-0.40249223594996214,0.4919349550499537,0.22360679774997896
0.344,-0.35777087639996635,0.08944271909999159,0.2683281572999747,0.5366563145999494,0.35777087639996635,-0.08944271909999159,-0.9838699100999074,-0.8049844718999243,-0.6260990336999411,0.08944271909999159,-0.2683281572999747,0.17888543819998318,1.073312629199899,-0.08944271909999159,-0.17888543819998318,0.08944271909999159,0.8944271909999159,-0.8049844718999243,-0.35777087639996635,0.4472135954999579,0.2683281572999747,-0.08944271909999159,-0.4472135954999579,0.5366563145999494,0.17888543819998318
0.346,-0.31304951684997057,0.044721359549995794,0.22360679774997896,0.4919349550499537,0.40249223594996214,-0.044721359549995794,-0.9391485505499116,-0.8497058314499201,-0.6708203932499369,0.044721359549995794,-0.22360679774997896,0.13416407864998736,1.028591269649903,-0.044721359549995794,-0.22360679774997896,0.044721359549995794,0.9391485505499116,-0.8497058314499201,-0.40249223594996214,0.4919349550499537,0.22360679774997896,-0.13416407864998736,-0.40249223594996214,0.4919349550499537,0.13416407864998736
0.348,-0.2683281572999747,0.0,0.2683281572999747,0.4472135954999579,0.35777087639996635,0.0,-0.9838699100999074,-0.8049844718999243,-0.6260990336999411,0.08944271909999159,-0.2683281572999747,0.17888543819998318,0.9838699100999074,-0.08944271909999159,-0.2683281572999747,0.0,0.8944271909999159,-0.8944271909999159,-0.4472135954999579,0.5366563145999494,0.2683281572999747,-0.08944271909999159,-0.35777087639996635,0.5366563145999494,0.17888543819998318
0.35,-0.22360679774997896,-0.044721359549995794,0.31304951684997057,0.40249223594996214,0.31304951684997057,0.044721359549995794,-0.9391485505499116,-0.8497058314499201,-0.6708203932499369,0.044721359549995794,-0.31304951684997057,0.13416407864998736,0.9391485505499116,-0.044721359549995794,-0.22360679774997896,0.044721359549995794,0.9391485505499116,-0.9391485505499116,-0.4919349550499537,0.4919349550499537,0.22360679774997896,-0.044721359549995794,-0.31304951684997057,0.5813776741499453,0.13416407864998736
0.352,-0.2683281572999747,-0.08944271909999159,0.35777087639996635,0.4472135954999579,0.2683281572999747,0.0,-0.9838699100999074,-0.8049844718999243,-0.7155417527999327,0.08944271909999159,-0.2683281572999747,0.17888543819998318,0.8944271909999159,-0.08944271909999159,-0.2683281572999747,0.08944271909999159,0.8944271909999159,-0.9838699100999074,-0.5366563145999494,0.5366563145999494,0.2683281572999747,0.0,-0.35777087639996635,0.5366563145999494,0.08944271909999159
0.354,-0.31304951684997057,-0.044721359549995794,0.40249223594996214,0.40249223594996214,0.31304951684997057,-0.044721359549995794,-1.028591269649903,-0.8497058314499201,-0.6708203932499369,0.13416407864998736,-0.22360679774997896,0.22360679774997896,0.9391485505499116,-0.13416407864998736,-0.31304951684997057,0.044721359549995794,0.8497058314499201,-0.9391485505499116,-0.5813776741499453,0.4919349550499537,0.22360679774997896,-0.044721359549995794,-0.31304951684997057,0.4919349550499537,0.13416407864998736
0.356,-0.2683281572999747,0.0,0.35777087639996635,0.35777087639996635,0.2683281572999747,0.0,-0.9838699100999074,-0.8049844718999243,-0.7155417527999327,0.17888543819998318,-0.17888543819998318,0.17888543819998318,0.9838699100999074,-0.17888543819998318,-0.2683281572999747,0.0,0.8049844718999243,-0.9838699100999074,-0.5366563145999494,0.4472135954999579,0.2683281572999747,0.0,-0.35777087639996635,0.4472135954999579,0.08944271909999159
0.358,-0.22360679774997896,0.044721359549995794,0.31304951684997057,0.40249223594996214,0.31304951684997057,0.044721359549995794,-0.9391485505499116,-0.8497058314499201,-0.6708203932499369,0.22360679774997896,-0.13416407864998736,0.22360679774997896,1.028591269649903,-0.13416407864998736,-0.22360679774997896,-0.044721359549995794,0.7602631123499285,-1.028591269649903,-0.5813776741499453,0.4919349550499537,0.31304951684997057,-0.044721359549995794,-0.40249223594996214,0.40249223594996214,0.044721359549995794
0.36,-0.17888543819998318,0.0,0.2683281572999747,0.4472135954999579,0.2683281572999747,0.0,-0.8944271909999159,-0.8944271909999159,-0.7155417527999327,0.2683281572999747,-0.08944271909999159,0.17888543819998318,0.9838699100999074,-0.08944271909999159,-0.2683281572999747,-0.08944271909999159,0.8049844718999243,-0.9838699100999074,-0.5366563145999494,0.5366563145999494,0.2683281572999747,-0.08944271909999159,-0.4472135954999579,0.35777087639996635,0.08944271909999159
0.362,-0.13416407864998736,-0.044721359549995794,0.31304951684997057,0.4919349550499537,0.22360679774997896,0.044721359549995794,-0.9391485505499116,-0.8497058314499201,-0.7602631123499285,0.31304951684997057,-0.044721359549995794,0.22360679774997896,0.9391485505499116,-0.044721359549995794,-0.31304951684997057,-0.044721359549995794,0.8497058314499201,-0.9391485505499116,-0.5813776741499453,0.4919349550499537,0.31304951684997057,-0.13416407864998736,-0.4919349550499537,0.31304951684997057,0.044721359549995794
0.364,-0.08944271909999159,0.0,0.35777087639996635,0.5366563145999494,0.17888543819998318,0.0,-0.8944271909999159,-0.8049844718999243,-0.8049844718999243,0.2683281572999747,0.0,0.2683281572999747,0.9838699100999074,-0.08944271909999159,-0.2683281572999747,-0.08944271909999159,0.8049844718999243,-0.8944271909999159,-0.6260990336999411,0.4472135954999579,0.35777087639996635,-0.17888543819998318,-0.5366563145999494,0.2683281572999747,0.0
0.366,-0.13416407864998736,-0.044721359549995794,0.31304951684997057,0.4919349550499537,0.13416407864998736,-0.044721359549995794,-0.8497058314499201,-0.8497058314499201,-0.7602631123499285,0.31304951684997057,0.044721359549995794,0.22360679774997896,1.028591269649903,-0.044721359549995794,-0.22360679774997896,-0.13416407864998736,0.8497058314499201,-0.8497058314499201,-0.5813776741499453,0.4919349550499537,0.40249223594996214,-0.13416407864998736,-0.5813776741499453,0.31304951684997057,0.044721359549995794
0.368,-0.17888543819998318,-0.08944271909999159,0.2683281572999747,0.5366563145999494,0.08944271909999159,-0.08944271909999159,-0.8944271909999159,-0.8049844718999243,-0.8049844718999243,0.2683281572999747,0.0,0.17888543819998318,0.9838699100999074,-0.08944271909999159,-0.17888543819998318,-0.08944271909999159,0.8944271909999159,-0.8944271909999159,-0.6260990336999411,0.4472135954999579,0.35777087639996635,-0.08944271909999159,-0.6260990336999411,0.2683281572999747,0.08944271909999159
0.37,-0.13416407864998736,-0.13416407864998736,0.31304951684997057,0.5813776741499453,0.044721359549995794,-0.044721359549995794,-0.9391485505499116,-0.7602631123499285,-0.8497058314499201,0.31304951684997057,-0.044721359549995794,0.13416407864998736,1.028591269649903,-0.13416407864998736,-0.13416407864998736,-0.13416407864998736,0.8497058314499201,-0.9391485505499116,-0.5813776741499453,0.4919349550499537,0.40249223594996214,-0.044721359549995794,-0.6708203932499369,0.22360679774997896,0.13416407864998736
0.372,-0.08944271909999159,-0.17888543819998318,0.35777087639996635,0.5366563145999494,0.08944271909999159,0.0,-0.8944271909999159,-0.8049844718999243,-0.8944271909999159,0.2683281572999747,-0.08944271909999159,0.17888543819998318,0.9838699100999074,-0.17888543819998318,-0.08944271909999159,-0.17888543819998318,0.8049844718999243,-0.9838699100999074,-0.5366563145999494,0.4472135954999579,0.35777087639996635,-0.08944271909999159,-0.7155417527999327,0.17888543819998318,0.08944271909999159
0.374,-0.13416407864998736,-0.22360679774997896,0.40249223594996214,0.4919349550499537,0.13416407864998736,0.044721359549995794,-0.8497058314499201,-0.7602631123499285,-0.9391485505499116,0.22360679774997896,-0.044721359549995794,0.22360679774997896,0.9391485505499116,-0.13416407864998736,-0.13416407864998736,-0.13416407864998736,0.7602631123499285,-0.9391485505499116,-0.5813776741499453,0.40249223594996214,0.31304951684997057,-0.044721359549995794,-0.7602631123499285,0.13416407864998736,0.13416407864998736
0.376,-0.17888543819998318,-0.17888543819998318,0.4472135954999579,0.5366563145999494,0.17888543819998318,0.0,-0.8944271909999159,-0.8049844718999243,-0.9838699100999074,0.2683281572999747,-0.08944271909999159,0.2683281572999747,0.9838699100999074,-0.08944271909999159,-0.17888543819998318,-0.17888543819998318,0.7155417527999327,-0.8944271909999159,-0.6260990336999411,0.4472135954999579,0.35777087639996635,-0.08944271909999159,-0.7155417527999327,0.17888543819998318,0.17888543819998318
0.378,-0.22360679774997896,-0.13416407864998736,0.4919349550499537,0.5813776741499453,0.22360679774997896,-0.044721359549995794,-0.8497058314499201,-0.8497058314499201,-1.028591269649903,0.22360679774997896,-0.044721359549995794,0.31304951684997057,0.9391485505499116,-0.044721359549995794,-0.13416407864998736,-0.13416407864998736,0.7602631123499285,-0.8497058314499201,-0.5813776741499453,0.4919349550499537,0.31304951684997057,-0.13416407864998736,-0.6708203932499369,0.22360679774997896,0.22360679774997896
0.38,-0.2683281572999747,-0.08944271909999159,0.5366563145999494,0.5366563145999494,0.17888543819998318,-0.08944271909999159,-0.8944271909999159,-0.8049844718999243,-1.073312629199899,0.17888543819998318,0.0,0.2683281572999747,0.9838699100999074,0.0,-0.08944271909999159,-0.17888543819998318,0.8049844718999243,-0.8049844718999243,-0.5366563145999494,0.5366563145999494,0.35777087639996635,-0.17888543819998318,-0.7155417527999327,0.2683281572999747,0.17888543819998318
0.382,-0.31304951684997057,-0.13416407864998736,0.5813776741499453,0.5813776741499453,0.13416407864998736,-0.044721359549995794,-0.8497058314499201,-0.8497058314499201,-1.118033988749895,0.22360679774997896,-0.044721359549995794,0.31304951684997057,1.028591269649903,-0.044721359549995794,-0.13416407864998736,-0.13416407864998736,0.7602631123499285,-0.7602631123499285,-0.4919349550499537,0.4919349550499537,0.40249223594996214,-0.22360679774997896,-0.6708203932499369,0.31304951684997057,0.13416407864998736
0.384,-0.2683281572999747,-0.17888543819998318,0.6260990336999411,0.5366563145999494,0.08944271909999159,-0.08944271909999159,-0.8049844718999243,-0.8049844718999243,-1.1627553482998907,0.17888543819998318,0.0,0.35777087639996635,1.073312629199899,-0.08944271909999159,-0.08944271909999159,-0.17888543819998318,0.7155417527999327,-0.8049844718999243,-0.4472135954999579,0.5366563145999494,0.35777087639996635,-0.17888543819998318,-0.6260990336999411,0.35777087639996635,0.08944271909999159
0.386,-0.22360679774997896,-0.22360679774997896,0.5813776741499453,0.5813776741499453,0.044721359549995794,-0.044721359549995794,-0.8497058314499201,-0.8497058314499201,-1.2074767078498865,0.13416407864998736,-0.044721359549995794,0.40249223594996214,1.118033988749895,-0.044721359549995794,-0.13416407864998736,-0.22360679774997896,0.7602631123499285,-0.7602631123499285,-0.4919349550499537,0.4919349550499537,0.31304951684997057,-0.13416407864998736,-0.6708203932499369,0.40249223594996214,0.13416407864998736
0.388,-0.2683281572999747,-0.17888543819998318,0.6260990336999411,0.5366563145999494,0.0,-0.08944271909999159,-0.8944271909999159,-0.8944271909999159,-1.2521980673998823,0.17888543819998318,-0.08944271909999159,0.4472135954999579,1.1627553482998907,-0.08944271909999159,-0.17888543819998318,-0.17888543819998318,0.8049844718999243,-0.8049844718999243,-0.4472135954999579,0.4472135954999579,0.35777087639996635,-0.08944271909999159,-0.7155417527999327,0.35777087639996635,0.17888543819998318
0.39,-0.31304951684997057,-0.13416407864998736,0.5813776741499453,0.5813776741499453,0.044721359549995794,-0.044721359549995794,-0.9391485505499116,-0.9391485505499116,-1.296919426949878,0.13416407864998736,-0.044721359549995794,0.4919349550499537,1.2074767078498865,-0.044721359549995794,-0.13416407864998736,-0.13416407864998736,0.8497058314499201,-0.8497058314499201,-0.4919349550499537,0.4919349550499537,0.40249223594996214,-0.044721359549995794,-0.7602631123499285,0.31304951684997057,0.22360679774997896
0.392,-0.35777087639996635,-0.17888543819998318,0.6260990336999411,0.6260990336999411,0.0,-0.08944271909999159,-0.8944271909999159,-0.8944271909999159,-1.2521980673998823,0.17888543819998318,-0.08944271909999159,0.5366563145999494,1.1627553482998907,0.0,-0.08944271909999159,-0.17888543819998318,0.8944271909999159,-0.8944271909999159,-0.5366563145999494,0.5366563145999494,0.4472135954999579,-0.08944271909999159,-0.8049844718999243,0.2683281572999747,0.17888543819998318
0.394,-0.40249223594996214,-0.13416407864998736,0.6708203932499369,0.6708203932499369,-0.044721359549995794,-0.044721359549995794,-0.9391485505499116,-0.9391485505499116,-1.296919426949878,0.22360679774997896,-0.13416407864998736,0.5813776741499453,1.118033988749895,0.044721359549995794,-0.044721359549995794,-0.13416407864998736,0.9391485505499116,-0.9391485505499116,-0.4919349550499537,0.5813776741499453,0.40249223594996214,-0.044721359549995794,-0.7602631123499285,0.22360679774997896,0.22360679774997896
0.396,-0.4472135954999579,-0.08944271909999159,0.7155417527999327,0.6260990336999411,0.0,0.0,-0.9838699100999074,-0.8944271909999159,-1.2521980673998823,0.2683281572999747,-0.08944271909999159,0.6260990336999411,1.073312629199899,0.08944271909999159,-0.08944271909999159,-0.17888543819998318,0.8944271909999159,-0.8944271909999159,-0.5366563145999494,0.6260990336999411,0.35777087639996635,0.0,-0.8049844718999243,0.17888543819998318,0.2683281572999747
0.398,-0.40249223594996214,-0.044721359549995794,0.6708203932499369,0.6708203932499369,-0.044721359549995794,0.044721359549995794,-1.028591269649903,-0.9391485505499116,-1.2074767078498865,0.22360679774997896,-0.13416407864998736,0.5813776741499453,1.118033988749895,0.13416407864998736,-0.13416407864998736,-0.13416407864998736,0.8497058314499201,-0.8497058314499201,-0.4919349550499537,0.5813776741499453,0.31304951684997057,0.044721359549995794,-0.7602631123499285,0.22360679774997896,0.31304951684997057
0.4,-0.4472135954999579,0.0,0.6260990336999411,0.6260990336999411,0.0,0.0,-0.9838699100999074,-0.9838699100999074,-1.2521980673998823,0.17888543819998318,-0.08944271909999159,0.5366563145999494,1.073312629199899,0.08944271909999159,-0.17888543819998318,-0.08944271909999159,0.8049844718999243,-0.8049844718999243,-0.5366563145999494,0.6260990336999411,0.2683281572999747,0.0,-0.7155417527999327,0.17888543819998318,0.2683281572999747
0.402,-0.40249223594996214,-0.044721359549995794,0.6708203932499369,0.5813776741499453,-0.044721359549995794,0.044721359549995794,-0.9391485505499116,-0.9391485505499116,-1.2074767078498865,0.22360679774997896,-0.13416407864998736,0.4919349550499537,1.118033988749895,0.044721359549995794,-0.13416407864998736,-0.044721359549995794,0.7602631123499285,-0.8497058314499201,-0.5813776741499453,0.6708203932499369,0.22360679774997896,0.044721359549995794,-0.6708203932499369,0.13416407864998736,0.31304951684997057
0.404,-0.4472135954999579,0.0,0.7155417527999327,0.6260990336999411,-0.08944271909999159,0.0,-0.8944271909999159,-0.8944271909999159,-1.2521980673998823,0.17888543819998318,-0.17888543819998318,0.5366563145999494,1.1627553482998907,0.08944271909999159,-0.17888543819998318,0.0,0.7155417527999327,-0.8944271909999159,-0.6260990336999411,0.7155417527999327,0.17888543819998318,0.08944271909999159,-0.6260990336999411,0.17888543819998318,0.2683281572999747
0.406,-0.40249223594996214,-0.044721359549995794,0.6708203932499369,0.5813776741499453,-0.044721359549995794,-0.044721359549995794,-0.9391485505499116,-0.8497058314499201,-1.296919426949878,0.13416407864998736,-0.13416407864998736,0.5813776741499453,1.118033988749895,0.13416407864998736,-0.13416407864998736,0.044721359549995794,0.6708203932499369,-0.9391485505499116,-0.5813776741499453,0.7602631123499285,0.13416407864998736,0.044721359549995794,-0.5813776741499453,0.13416407864998736,0.22360679774997896
0.408,-0.4472135954999579,-0.08944271909999159,0.7155417527999327,0.6260990336999411,-0.08944271909999159,0.0,-0.9838699100999074,-0.8049844718999243,-1.2521980673998823,0.08944271909999159,-0.17888543819998318,0.5366563145999494,1.1627553482998907,0.17888543819998318,-0.08944271909999159,0.08944271909999159,0.7155417527999327,-0.8944271909999159,-0.5366563145999494,0.7155417527999327,0.08944271909999159,0.08944271909999159,-0.6260990336999411,0.17888543819998318,0.2683281572999747
0.41,-0.4919349550499537,-0.044721359549995794,0.6708203932499369,0.5813776741499453,-0.13416407864998736,0.044721359549995794,-1.028591269649903,-0.7602631123499285,-1.296919426949878,0.13416407864998736,-0.13416407864998736,0.4919349550499537,1.118033988749895,0.22360679774997896,-0.13416407864998736,0.13416407864998736,0.7602631123499285,-0.9391485505499116,-0.5813776741499453,0.6708203932499369,0.13416407864998736,0.044721359549995794,-0.5813776741499453,0.22360679774997896,0.31304951684997057
0.412,-0.4472135954999579,0.0,0.7155417527999327,0.6260990336999411,-0.17888543819998318,0.0,-0.9838699100999074,-0.8049844718999243,-1.3416407864998738,0.08944271909999159,-0.08944271909999159,0.4472135954999579,1.1627553482998907,0.17888543819998318,-0.08944271909999159,0.17888543819998318,0.8049844718999243,-0.8944271909999159,-0.5366563145999494,0.7155417527999327,0.17888543819998318,0.08944271909999159,-0.5366563145999494,0.17888543819998318,0.35777087639996635
0.414,-0.40249223594996214,-0.044721359549995794,0.7602631123499285,0.6708203932499369,-0.13416407864998736,0.044721359549995794,-0.9391485505499116,-0.8497058314499201,-1.296919426949878,0.13416407864998736,-0.13416407864998736,0.40249223594996214,1.118033988749895,0.22360679774997896,-0.13416407864998736,0.13416407864998736,0.8497058314499201,-0.9391485505499116,-0.5813776741499453,0.7602631123499285,0.13416407864998736,0.044721359549995794,-0.5813776741499453,0.13416407864998736,0.40249223594996214
0.416,-0.4472135954999579,0.0,0.7155417527999327,0.7155417527999327,-0.08944271909999159,0.08944271909999159,-0.9838699100999074,-0.8944271909999159,-1.3416407864998738,0.08944271909999159,-0.17888543819998318,0.4472135954999579,1.1627553482998907,0.17888543819998318,-0.17888543819998318,0.08944271909999159,0.8049844718999243,-0.8944271909999159,-0.6260990336999411,0.7155417527999327,0.08944271909999159,0.08944271909999159,-0.6260990336999411,0.08944271909999159,0.4472135954999579
0.418,-0.4919349550499537,-0.044721359549995794,0.7602631123499285,0.6708203932499369,-0.13416407864998736,0.044721359549995794,-1.028591269649903,-0.8497058314499201,-1.296919426949878,0.044721359549995794,-0.22360679774997896,0.4919349550499537,1.2074767078498865,0.22360679774997896,-0.13416407864998736,0.13416407864998736,0.8497058314499201,-0.9391485505499116,-0.6708203932499369,0.6708203932499369,0.13416407864998736,0.044721359549995794,-0.6708203932499369,0.044721359549995794,0.40249223594996214
0.42,-0.5366563145999494,0.0,0.8049844718999243,0.7155417527999327,-0.08944271909999159,0.08944271909999159,-1.073312629199899,-0.8944271909999159,-1.3416407864998738,0.08944271909999159,-0.17888543819998318,0.5366563145999494,1.1627553482998907,0.17888543819998318,-0.08944271909999159,0.17888543819998318,0.8944271909999159,-0.9838699100999074,-0.7155417527999327,0.6260990336999411,0.17888543819998318,0.08944271909999159,-0.7155417527999327,0.0,0.35777087639996635
0.422,-0.5813776741499453,-0.044721359549995794,0.7602631123499285,0.6708203932499369,-0.13416407864998736,0.13416407864998736,-1.118033988749895,-0.8497058314499201,-1.3863621460498696,0.13416407864998736,-0.13416407864998736,0.5813776741499453,1.118033988749895,0.22360679774997896,-0.13416407864998736,0.13416407864998736,0.8497058314499201,-0.9391485505499116,-0.7602631123499285,0.5813776741499453,0.22360679774997896,0.044721359549995794,-0.6708203932499369,-0.044721359549995794,0.31304951684997057
0.424,-0.6260990336999411,-0.08944271909999159,0.8049844718999243,0.6260990336999411,-0.08944271909999159,0.08944271909999159,-1.073312629199899,-0.8944271909999159,-1.3416407864998738,0.17888543819998318,-0.17888543819998318,0.5366563145999494,1.1627553482998907,0.2683281572999747,-0.17888543819998318,0.08944271909999159,0.8049844718999243,-0.9838699100999074,-0.8049844718999243,0.5366563145999494,0.17888543819998318,0.08944271909999159,-0.6260990336999411,0.0,0.2683281572999747
0.426,-0.5813776741499453,-0.13416407864998736,0.8497058314499201,0.6708203932499369,-0.044721359549995794,0.044721359549995794,-1.028591269649903,-0.8497058314499201,-1.296919426949878,0.22360679774997896,-0.22360679774997896,0.4919349550499537,1.118033988749895,0.31304951684997057,-0.22360679774997896,0.044721359549995794,0.7602631123499285,-1.028591269649903,-0.7602631123499285,0.5813776741499453,0.13416407864998736,0.13416407864998736,-0.6708203932499369,0.044721359549995794,0.31304951684997057
0.428,-0.6260990336999411,-0.08944271909999159,0.8944271909999159,0.7155417527999327,-0.08944271909999159,0.0,-0.9838699100999074,-0.8049844718999243,-1.3416407864998738,0.2683281572999747,-0.17888543819998318,0.4472135954999579,1.073312629199899,0.35777087639996635,-0.2683281572999747,0.0,0.7155417527999327,-0.9838699100999074,-0.7155417527999327,0.6260990336999411,0.17888543819998318,0.08944271909999159,-0.6260990336999411,0.08944271909999159,0.35777087639996635
0.43,-0.5813776741499453,-0.13416407864998736,0.9391485505499116,0.7602631123499285,-0.13416407864998736,-0.044721359549995794,-1.028591269649903,-0.8497058314499201,-1.3863621460498696,0.22360679774997896,-0.22360679774997896,0.40249223594996214,1.028591269649903,0.31304951684997057,-0.22360679774997896,0.044721359549995794,0.6708203932499369,-1.028591269649903,-0.7602631123499285,0.6708203932499369,0.22360679774997896,0.13416407864998736,-0.6708203932499369,0.044721359549995794,0.31304951684997057
0.432,-0.6260990336999411,-0.17888543819998318,0.9838699100999074,0.8049844718999243,-0.17888543819998318,0.0,-0.9838699100999074,-0.8944271909999159,-1.3416407864998738,0.17888543819998318,-0.17888543819998318,0.35777087639996635,0.9838699100999074,0.2683281572999747,-0.17888543819998318,0.08944271909999159,0.7155417527999327,-1.073312629199899,-0.8049844718999243,0.7155417527999327,0.2683281572999747,0.17888543819998318,-0.7155417527999327,0.08944271909999159,0.2683281572999747
0.434,-0.5813776741499453,-0.22360679774997896,0.9391485505499116,0.7602631123499285,-0.13416407864998736,-0.044721359549995794,-1.028591269649903,-0.9391485505499116,-1.3863621460498696,0.22360679774997896,-0.13416407864998736,0.31304951684997057,1.028591269649903,0.22360679774997896,-0.13416407864998736,0.044721359549995794,0.6708203932499369,-1.118033988749895,-0.8497058314499201,0.6708203932499369,0.31304951684997057,0.22360679774997896,-0.6708203932499369,0.044721359549995794,0.31304951684997057
0.436,-0.6260990336999411,-0.2683281572999747,0.9838699100999074,0.8049844718999243,-0.17888543819998318,-0.08944271909999159,-0.9838699100999074,-0.8944271909999159,-1.4310835055998654,0.2683281572999747,-0.17888543819998318,0.2683281572999747,1.073312629199899,0.17888543819998318,-0.08944271909999159,0.08944271909999159,0.6260990336999411,-1.073312629199899,-0.8049844718999243,0.6260990336999411,0.35777087639996635,0.2683281572999747,-0.7155417527999327,0.0,0.2683281572999747
0.438,-0.5813776741499453,-0.31304951684997057,1.028591269649903,0.7602631123499285,-0.22360679774997896,-0.13416407864998736,-0.9391485505499116,-0.8497058314499201,-1.3863621460498696,0.31304951684997057,-0.13416407864998736,0.22360679774997896,1.118033988749895,0.22360679774997896,-0.13416407864998736,0.13416407864998736,0.5813776741499453,-1.028591269649903,-0.7602631123499285,0.5813776741499453,0.31304951684997057,0.22360679774997896,-0.7602631123499285,-0.044721359549995794,0.31304951684997057
0.44,-0.5366563145999494,-0.2683281572999747,0.9838699100999074,0.7155417527999327,-0.2683281572999747,-0.08944271909999159,-0.9838699100999074,-0.8049844718999243,-1.3416407864998738,0.35777087639996635,-0.17888543819998318,0.17888543819998318,1.1627553482998907,0.2683281572999747,-0.08944271909999159,0.17888543819998318,0.5366563145999494,-1.073312629199899,-0.7155417527999327,0.6260990336999411,0.2683281572999747,0.2683281572999747,-0.7155417527999327,0.0,0.2683281572999747
0.442,-0.4919349550499537,-0.22360679774997896,0.9391485505499116,0.6708203932499369,-0.22360679774997896,-0.13416407864998736,-0.9391485505499116,-0.8497058314499201,-1.296919426949878,0.40249223594996214,-0.22360679774997896,0.22360679774997896,1.2074767078498865,0.22360679774997896,-0.044721359549995794,0.22360679774997896,0.4919349550499537,-1.028591269649903,-0.7602631123499285,0.5813776741499453,0.22360679774997896,0.22360679774997896,-0.7602631123499285,0.044721359549995794,0.22360679774997896
0.444,-0.4472135954999579,-0.17888543819998318,0.9838699100999074,0.7155417527999327,-0.2683281572999747,-0.08944271909999159,-0.9838699100999074,-0.8049844718999243,-1.3416407864998738,0.35777087639996635,-0.17888543819998318,0.2683281572999747,1.2521980673998823,0.17888543819998318,-0.08944271909999159,0.17888543819998318,0.5366563145999494,-0.9838699100999074,-0.8049844718999243,0.5366563145999494,0.17888543819998318,0.2683281572999747,-0.7155417527999327,0.08944271909999159,0.2683281572999747
0.446,-0.4919349550499537,-0.22360679774997896,0.9391485505499116,0.6708203932499369,-0.31304951684997057,-0.13416407864998736,-1.028591269649903,-0.8497058314499201,-1.3863621460498696,0.31304951684997057,-0.22360679774997896,0.22360679774997896,1.296919426949878,0.13416407864998736,-0.044721359549995794,0.13416407864998736,0.4919349550499537,-1.028591269649903,-0.7602631123499285,0.5813776741499453,0.22360679774997896,0.31304951684997057,-0.6708203932499369,0.13416407864998736,0.31304951684997057
0.448,-0.5366563145999494,-0.17888543819998318,0.8944271909999159,0.6260990336999411,-0.35777087639996635,-0.17888543819998318,-1.073312629199899,-0.8944271909999159,-1.3416407864998738,0.2683281572999747,-0.2683281572999747,0.17888543819998318,1.2521980673998823,0.08944271909999159,-0.08944271909999159,0.17888543819998318,0.5366563145999494,-0.9838699100999074,-0.7155417527999327,0.6260990336999411,0.2683281572999747,0.2683281572999747,-0.7155417527999327,0.17888543819998318,0.35777087639996635
0.45,-0.4919349550499537,-0.13416407864998736,0.9391485505499116,0.6708203932499369,-0.31304951684997057,-0.13416407864998736,-1.118033988749895,-0.8497058314499201,-1.3863621460498696,0.22360679774997896,-0.22360679774997896,0.13416407864998736,1.2074767078498865,0.044721359549995794,-0.044721359549995794,0.22360679774997896,0.5813776741499453,-0.9391485505499116,-0.6708203932499369,0.5813776741499453,0.31304951684997057,0.31304951684997057,-0.7602631123499285,0.13416407864998736,0.31304951684997057
0.452,-0.4472135954999579,-0.17888543819998318,0.8944271909999159,0.6260990336999411,-0.2683281572999747,-0.17888543819998318,-1.1627553482998907,-0.8944271909999159,-1.3416407864998738,0.2683281572999747,-0.17888543819998318,0.08944271909999159,1.1627553482998907,0.0,-0.08944271909999159,0.2683281572999747,0.5366563145999494,-0.8944271909999159,-0.7155417527999327,0.5366563145999494,0.2683281572999747,0.2683281572999747,-0.8049844718999243,0.17888543819998318,0.35777087639996635
0.454,-0.4919349550499537,-0.22360679774997896,0.9391485505499116,0.6708203932499369,-0.31304951684997057,-0.22360679774997896,-1.2074767078498865,-0.9391485505499116,-1.296919426949878,0.31304951684997057,-0.13416407864998736,0.13416407864998736,1.118033988749895,0.044721359549995794,-0.13416407864998736,0.22360679774997896,0.4919349550499537,-0.8497058314499201,-0.6708203932499369,0.4919349550499537,0.31304951684997057,0.22360679774997896,-0.8497058314499201,0.13416407864998736,0.40249223594996214
0.456,-0.4472135954999579,-0.2683281572999747,0.8944271909999159,0.6260990336999411,-0.35777087639996635,-0.2683281572999747,-1.2521980673998823,-0.9838699100999074,-1.3416407864998738,0.35777087639996635,-0.08944271909999159,0.08944271909999159,1.073312629199899,0.0,-0.08944271909999159,0.2683281572999747,0.4472135954999579,-0.8049844718999243,-0.6260990336999411,0.4472135954999579,0.35777087639996635,0.2683281572999747,-0.8049844718999243,0.17888543819998318,0.4472135954999579
0.458,-0.40249223594996214,-0.31304951684997057,0.8497058314499201,0.5813776741499453,-0.40249223594996214,-0.31304951684997057,-1.296919426949878,-1.028591269649903,-1.296919426949878,0.31304951684997057,-0.044721359549995794,0.044721359549995794,1.028591269649903,0.044721359549995794,-0.13416407864998736,0.31304951684997057,0.40249223594996214,-0.7602631123499285,-0.5813776741499453,0.40249223594996214,0.31304951684997057,0.22360679774997896,-0.8497058314499201,0.22360679774997896,0.40249223594996214
0.46,-0.4472135954999579,-0.35777087639996635,0.8944271909999159,0.6260990336999411,-0.4472135954999579,-0.35777087639996635,-1.2521980673998823,-0.9838699100999074,-1.3416407864998738,0.2683281572999747,-0.08944271909999159,0.0,1.073312629199899,0.0,-0.17888543819998318,0.35777087639996635,0.35777087639996635,-0.8049844718999243,-0.6260990336999411,0.35777087639996635,0.2683281572999747,0.2683281572999747,-0.8049844718999243,0.2683281572999747,0.4472135954999579
0.462,-0.40249223594996214,-0.40249223594996214,0.8497058314499201,0.6708203932499369,-0.4919349550499537,-0.40249223594996214,-1.296919426949878,-0.9391485505499116,-1.3863621460498696,0.31304951684997057,-0.13416407864998736,0.044721359549995794,1.118033988749895,-0.044721359549995794,-0.22360679774997896,0.31304951684997057,0.31304951684997057,-0.8497058314499201,-0.5813776741499453,0.31304951684997057,0.22360679774997896,0.31304951684997057,-0.8497058314499201,0.22360679774997896,0.40249223594996214
0.464,-0.4472135954999579,-0.4472135954999579,0.8944271909999159,0.7155417527999327,-0.4472135954999579,-0.4472135954999579,-1.3416407864998738,-0.9838699100999074,-1.3416407864998738,0.35777087639996635,-0.08944271909999159,0.08944271909999159,1.073312629199899,-0.08944271909999159,-0.2683281572999747,0.35777087639996635,0.35777087639996635,-0.8944271909999159,-0.5366563145999494,0.35777087639996635,0.2683281572999747,0.35777087639996635,-0.8049844718999243,0.2683281572999747,0.4472135954999579
0.466,-0.40249223594996214,-0.40249223594996214,0.9391485505499116,0.6708203932499369,-0.40249223594996214,-0.40249223594996214,-1.296919426949878,-0.9391485505499116,-1.3863621460498696,0.40249223594996214,-0.044721359549995794,0.044721359549995794,1.028591269649903,-0.044721359549995794,-0.31304951684997057,0.31304951684997057,0.40249223594996214,-0.9391485505499116,-0.5813776741499453,0.40249223594996214,0.31304951684997057,0.40249223594996214,-0.7602631123499285,0.22360679774997896,0.40249223594996214
0.468,-0.4472135954999579,-0.4472135954999579,0.9838699100999074,0.6260990336999411,-0.35777087639996635,-0.35777087639996635,-1.3416407864998738,-0.9838699100999074,-1.4310835055998654,0.35777087639996635,-0.08944271909999159,0.0,1.073312629199899,0.0,-0.2683281572999747,0.2683281572999747,0.35777087639996635,-0.9838699100999074,-0.6260990336999411,0.4472135954999579,0.2683281572999747,0.4472135954999579,-0.8049844718999243,0.17888543819998318,0.4472135954999579
0.47,-0.40249223594996214,-0.4919349550499537,1.028591269649903,0.6708203932499369,-0.40249223594996214,-0.40249223594996214,-1.3863621460498696,-0.9391485505499116,-1.3863621460498696,0.40249223594996214,-0.13416407864998736,-0.044721359549995794,1.118033988749895,-0.044721359549995794,-0.31304951684997057,0.22360679774997896,0.31304951684997057,-0.9391485505499116,-0.6708203932499369,0.4919349550499537,0.31304951684997057,0.4919349550499537,-0.8497058314499201,0.13416407864998736,0.4919349550499537
0.472,-0.35777087639996635,-0.5366563145999494,0.9838699100999074,0.6260990336999411,-0.4472135954999579,-0.4472135954999579,-1.3416407864998738,-0.9838699100999074,-1.3416407864998738,0.4472135954999579,-0.17888543819998318,0.0,1.1627553482998907,-0.08944271909999159,-0.2683281572999747,0.2683281572999747,0.2683281572999747,-0.9838699100999074,-0.6260990336999411,0.5366563145999494,0.2683281572999747,0.4472135954999579,-0.8944271909999159,0.17888543819998318,0.4472135954999579
0.474,-0.31304951684997057,-0.4919349550499537,1.028591269649903,0.6708203932499369,-0.4919349550499537,-0.40249223594996214,-1.3863621460498696,-0.9391485505499116,-1.3863621460498696,0.40249223594996214,-0.22360679774997896,-0.044721359549995794,1.2074767078498865,-0.13416407864998736,-0.31304951684997057,0.22360679774997896,0.31304951684997057,-1.028591269649903,-0.5813776741499453,0.5813776741499453,0.31304951684997057,0.40249223594996214,-0.8497058314499201,0.22360679774997896,0.40249223594996214
0.476,-0.2683281572999747,-0.5366563145999494,1.073312629199899,0.6260990336999411,-0.4472135954999579,-0.4472135954999579,-1.4310835055998654,-0.8944271909999159,-1.4310835055998654,0.35777087639996635,-0.17888543819998318,0.0,1.1627553482998907,-0.08944271909999159,-0.2683281572999747,0.17888543819998318,0.2683281572999747,-1.073312629199899,-0.5366563145999494,0.5366563145999494,0.2683281572999747,0.35777087639996635,-0.8944271909999159,0.17888543819998318,0.4472135954999579
0.478,-0.22360679774997896,-0.5813776741499453,1.118033988749895,0.6708203932499369,-0.40249223594996214,-0.40249223594996214,-1.3863621460498696,-0.9391485505499116,-1.4758048651498612,0.40249223594996214,-0.22360679774997896,0.044721359549995794,1.118033988749895,-0.13416407864998736,-0.22360679774997896,0.13416407864998736,0.31304951684997057,-1.118033988749895,-0.4919349550499537,0.5813776741499453,0.22360679774997896,0.31304951684997057,-0.9391485505499116,0.13416407864998736,0.4919349550499537
0.48,-0.17888543819998318,-0.5366563145999494,1.073312629199899,0.6260990336999411,-0.35777087639996635,-0.4472135954999579,-1.4310835055998654,-0.8944271909999159,-1.520526224699857,0.35777087639996635,-0.2683281572999747,0.08944271909999159,1.073312629199899,-0.17888543819998318,-0.17888543819998318,0.08944271909999159,0.2683281572999747,-1.1627553482998907,-0.4472135954999579,0.5366563145999494,0.2683281572999747,0.2683281572999747,-0.8944271909999159,0.08944271909999159,0.5366563145999494
0.482,-0.13416407864998736,-0.4919349550499537,1.118033988749895,0.6708203932499369,-0.31304951684997057,-0.4919349550499537,-1.3863621460498696,-0.8497058314499201,-1.5652475842498528,0.40249223594996214,-0.22360679774997896,0.13416407864998736,1.028591269649903,-0.22360679774997896,-0.22360679774997896,0.044721359549995794,0.31304951684997057,-1.2074767078498865,-0.4919349550499537,0.4919349550499537,0.31304951684997057,0.31304951684997057,-0.8497058314499201,0.044721359549995794,0.5813776741499453
0.484,-0.08944271909999159,-0.4472135954999579,1.073312629199899,0.6260990336999411,-0.35777087639996635,-0.5366563145999494,-1.4310835055998654,-0.8944271909999159,-1.6099689437998486,0.4472135954999579,-0.17888543819998318,0.08944271909999159,0.9838699100999074,-0.17888543819998318,-0.17888543819998318,0.08944271909999159,0.35777087639996635,-1.1627553482998907,-0.4472135954999579,0.5366563145999494,0.2683281572999747,0.35777087639996635,-0.8944271909999159,0.0,0.6260990336999411
0.486,-0.13416407864998736,-0.40249223594996214,1.028591269649903,0.6708203932499369,-0.40249223594996214,-0.4919349550499537,-1.3863621460498696,-0.9391485505499116,-1.6546903033498443,0.40249223594996214,-0.13416407864998736,0.13416407864998736,0.9391485505499116,-0.22360679774997896,-0.13416407864998736,0.044721359549995794,0.40249223594996214,-1.2074767078498865,-0.4919349550499537,0.5813776741499453,0.31304951684997057,0.31304951684997057,-0.9391485505499116,0.044721359549995794,0.6708203932499369
0.488,-0.17888543819998318,-0.4472135954999579,0.9838699100999074,0.6260990336999411,-0.35777087639996635,-0.5366563145999494,-1.3416407864998738,-0.8944271909999159,-1.6099689437998486,0.35777087639996635,-0.08944271909999159,0.17888543819998318,0.9838699100999074,-0.17888543819998318,-0.08944271909999159,0.0,0.35777087639996635,-1.2521980673998823,-0.4472135954999579,0.5366563145999494,0.35777087639996635,0.2683281572999747,-0.8944271909999159,0.0,0.7155417527999327
0.49,-0.13416407864998736,-0.40249223594996214,1.028591269649903,0.5813776741499453,-0.40249223594996214,-0.5813776741499453,-1.296919426949878,-0.8497058314499201,-1.6546903033498443,0.40249223594996214,-0.044721359549995794,0.22360679774997896,0.9391485505499116,-0.22360679774997896,-0.044721359549995794,0.044721359549995794,0.40249223594996214,-1.296919426949878,-0.40249223594996214,0.5813776741499453,0.31304951684997057,0.22360679774997896,-0.8497058314499201,0.044721359549995794,0.6708203932499369
0.492,-0.08944271909999159,-0.35777087639996635,1.073312629199899,0.6260990336999411,-0.4472135954999579,-0.5366563145999494,-1.2521980673998823,-0.8049844718999243,-1.6994116628998401,0.35777087639996635,-0.08944271909999159,0.17888543819998318,0.8944271909999159,-0.2683281572999747,0.0,0.0,0.4472135954999579,-1.2521980673998823,-0.35777087639996635,0.6260990336999411,0.2683281572999747,0.17888543819998318,-0.8944271909999159,0.08944271909999159,0.7155417527999327
0.494,-0.13416407864998736,-0.31304951684997057,1.118033988749895,0.5813776741499453,-0.40249223594996214,-0.5813776741499453,-1.2074767078498865,-0.8497058314499201,-1.744133022449836,0.31304951684997057,-0.13416407864998736,0.13416407864998736,0.9391485505499116,-0.31304951684997057,-0.044721359549995794,0.044721359549995794,0.4919349550499537,-1.2074767078498865,-0.31304951684997057,0.5813776741499453,0.22360679774997896,0.22360679774997896,-0.9391485505499116,0.13416407864998736,0.7602631123499285
0.496,-0.17888543819998318,-0.35777087639996635,1.1627553482998907,0.5366563145999494,-0.35777087639996635,-0.5366563145999494,-1.1627553482998907,-0.8944271909999159,-1.6994116628998401,0.2683281572999747,-0.17888543819998318,0.08944271909999159,0.8944271909999159,-0.2683281572999747,0.0,0.0,0.5366563145999494,-1.2521980673998823,-0.2683281572999747,0.5366563145999494,0.2683281572999747,0.17888543819998318,-0.9838699100999074,0.08944271909999159,0.8049844718999243
0.498,-0.13416407864998736,-0.31304951684997057,1.2074767078498865,0.4919349550499537,-0.31304951684997057,-0.5813776741499453,-1.118033988749895,-0.9391485505499116,-1.6546903033498443,0.31304951684997057,-0.22360679774997896,0.044721359549995794,0.9391485505499116,-0.22360679774997896,-0.044721359549995794,-0.044721359549995794,0.5813776741499453,-1.296919426949878,-0.31304951684997057,0.5813776741499453,0.31304951684997057,0.13416407864998736,-0.9391485505499116,0.13416407864998736,0.8497058314499201
0.5,-0.08944271909999159,-0.35777087639996635,1.1627553482998907,0.4472135954999579,-0.35777087639996635,-0.6260990336999411,-1.073312629199899,-0.9838699100999074,-1.6099689437998486,0.2683281572999747,-0.2683281572999747,0.08944271909999159,0.8944271909999159,-0.17888543819998318,0.0,0.0,0.5366563145999494,-1.3416407864998738,-0.35777087639996635,0.5366563145999494,0.2683281572999747,0.17888543819998318,-0.9838699100999074,0.17888543819998318,0.8944271909999159
0.502,-0.044721359549995794,-0.40249223594996214,1.2074767078498865,0.4919349550499537,-0.40249223594996214,-0.5813776741499453,-1.118033988749895,-0.9391485505499116,-1.5652475842498528,0.22360679774997896,-0.22360679774997896,0.13416407864998736,0.8497058314499201,-0.13416407864998736,-0.044721359549995794,-0.044721359549995794,0.4919349550499537,-1.3863621460498696,-0.31304951684997057,0.4919349550499537,0.31304951684997057,0.22360679774997896,-0.9391485505499116,0.13416407864998736,0.8497058314499201
0.504,0.0,-0.35777087639996635,1.2521980673998823,0.5366563145999494,-0.35777087639996635,-0.6260990336999411,-1.073312629199899,-0.8944271909999159,-1.520526224699857,0.2683281572999747,-0.17888543819998318,0.08944271909999159,0.8049844718999243,-0.17888543819998318,0.0,-0.08944271909999159,0.5366563145999494,-1.4310835055998654,-0.35777087639996635,0.5366563145999494,0.2683281572999747,0.17888543819998318,-0.9838699100999074,0.08944271909999159,0.8944271909999159
0.506,0.044721359549995794,-0.40249223594996214,1.296919426949878,0.5813776741499453,-0.40249223594996214,-0.6708203932499369,-1.028591269649903,-0.8497058314499201,-1.4758048651498612,0.22360679774997896,-0.13416407864998736,0.13416407864998736,0.7602631123499285,-0.22360679774997896,-0.044721359549995794,-0.044721359549995794,0.4919349550499537,-1.4758048651498612,-0.40249223594996214,0.5813776741499453,0.22360679774997896,0.13416407864998736,-1.028591269649903,0.044721359549995794,0.9391485505499116
0.508,0.0,-0.35777087639996635,1.3416407864998738,0.5366563145999494,-0.4472135954999579,-0.6260990336999411,-1.073312629199899,-0.8944271909999159,-1.520526224699857,0.17888543819998318,-0.08944271909999159,0.08944271909999159,0.8049844718999243,-0.17888543819998318,-0.08944271909999159,-0.08944271909999159,0.5366563145999494,-1.4310835055998654,-0.35777087639996635,0.5366563145999494,0.17888543819998318,0.08944271909999159,-1.073312629199899,0.0,0.8944271909999159
0.51,0.044721359549995794,-0.31304951684997057,1.3863621460498696,0.5813776741499453,-0.40249223594996214,-0.5813776741499453,-1.118033988749895,-0.9391485505499116,-1.4758048651498612,0.13416407864998736,-0.13416407864998736,0.13416407864998736,0.7602631123499285,-0.13416407864998736,-0.044721359549995794,-0.044721359549995794,0.4919349550499537,-1.3863621460498696,-0.40249223594996214,0.5813776741499453,0.22360679774997896,0.044721359549995794,-1.028591269649903,0.044721359549995794,0.8497058314499201
0.512,0.0,-0.2683281572999747,1.4310835055998654,0.5366563145999494,-0.4472135954999579,-0.6260990336999411,-1.1627553482998907,-0.8944271909999159,-1.520526224699857,0.08944271909999159,-0.08944271909999159,0.08944271909999159,0.8049844718999243,-0.08944271909999159,-0.08944271909999159,-0.08944271909999159,0.5366563145999494,-1.3416407864998738,-0.35777087639996635,0.5366563145999494,0.17888543819998318,0.08944271909999159,-0.9838699100999074,0.0,0.8944271909999159
0.514,0.044721359549995794,-0.31304951684997057,1.4758048651498612,0.5813776741499453,-0.40249223594996214,-0.6708203932499369,-1.2074767078498865,-0.9391485505499116,-1.5652475842498528,0.13416407864998736,-0.044721359549995794,0.13416407864998736,0.7602631123499285,-0.044721359549995794,-0.13416407864998736,-0.13416407864998736,0.5813776741499453,-1.296919426949878,-0.31304951684997057,0.5813776741499453,0.13416407864998736,0.13416407864998736,-1.028591269649903,0.044721359549995794,0.9391485505499116
0.516,0.0,-0.35777087639996635,1.4310835055998654,0.6260990336999411,-0.4472135954999579,-0.7155417527999327,-1.2521980673998823,-0.8944271909999159,-1.6099689437998486,0.08944271909999159,-0.08944271909999159,0.17888543819998318,0.7155417527999327,0.0,-0.17888543819998318,-0.08944271909999159,0.6260990336999411,-1.3416407864998738,-0.35777087639996635,0.5366563145999494,0.17888543819998318,0.17888543819998318,-1.073312629199899,0.08944271909999159,0.8944271909999159
0.518,-0.044721359549995794,-0.31304951684997057,1.4758048651498612,0.6708203932499369,-0.40249223594996214,-0.6708203932499369,-1.2074767078498865,-0.9391485505499116,-1.6546903033498443,0.044721359549995794,-0.044721359549995794,0.22360679774997896,0.7602631123499285,0.044721359549995794,-0.13416407864998736,-0.13416407864998736,0.5813776741499453,-1.3863621460498696,-0.31304951684997057,0.4919349550499537,0.13416407864998736,0.22360679774997896,-1.118033988749895,0.044721359549995794,0.8497058314499201
0.52,-0.08944271909999159,-0.2683281572999747,1.520526224699857,0.7155417527999327,-0.4472135954999579,-0.7155417527999327,-1.2521980673998823,-0.9838699100999074,-1.6099689437998486,0.0,0.0,0.17888543819998318,0.7155417527999327,0.0,-0.17888543819998318,-0.17888543819998318,0.6260990336999411,-1.4310835055998654,-0.35777087639996635,0.4472135954999579,0.08944271909999159,0.17888543819998318,-1.1627553482998907,0.08944271909999159,0.8049844718999243
0.522,-0.044721359549995794,-0.31304951684997057,1.5652475842498528,0.6708203932499369,-0.4919349550499537,-0.6708203932499369,-1.296919426949878,-1.028591269649903,-1.6546903033498443,0.044721359549995794,-0.044721359549995794,0.22360679774997896,0.6708203932499369,-0.044721359549995794,-0.22360679774997896,-0.22360679774997896,0.6708203932499369,-1.3863621460498696,-0.40249223594996214,0.4919349550499537,0.13416407864998736,0.13416407864998736,-1.2074767078498865,0.13416407864998736,0.8497058314499201
0.524,-0.08944271909999159,-0.35777087639996635,1.520526224699857,0.7155417527999327,-0.4472135954999579,-0.6260990336999411,-1.3416407864998738,-0.9838699100999074,-1.6994116628998401,0.08944271909999159,-0.08944271909999159,0.2683281572999747,0.6260990336999411,0.0,-0.17888543819998318,-0.2683281572999747,0.6260990336999411,-1.3416407864998738,-0.35777087639996635,0.5366563145999494,0.08944271909999159,0.17888543819998318,-1.1627553482998907,0.08944271909999159,0.8944271909999159
0.526,-0.13416407864998736,-0.40249223594996214,1.4758048651498612,0.6708203932499369,-0.40249223594996214,-0.5813776741499453,-1.296919426949878,-0.9391485505499116,-1.744133022449836,0.044721359549995794,-0.044721359549995794,0.22360679774997896,0.6708203932499369,-0.044721359549995794,-0.13416407864998736,-0.22360679774997896,0.5813776741499453,-1.296919426949878,-0.31304951684997057,0.5813776741499453,0.13416407864998736,0.22360679774997896,-1.118033988749895,0.13416407864998736,0.8497058314499201
0.528,-0.08944271909999159,-0.35777087639996635,1.520526224699857,0.6260990336999411,-0.4472135954999579,-0.6260990336999411,-1.2521980673998823,-0.8944271909999159,-1.6994116628998401,0.08944271909999159,-0.08944271909999159,0.17888543819998318,0.6260990336999411,-0.08944271909999159,-0.17888543819998318,-0.17888543819998318,0.6260990336999411,-1.3416407864998738,-0.2683281572999747,0.6260990336999411,0.08944271909999159,0.17888543819998318,-1.073312629199899,0.17888543819998318,0.8049844718999243
0.53,-0.044721359549995794,-0.40249223594996214,1.5652475842498528,0.6708203932499369,-0.4919349550499537,-0.5813776741499453,-1.2074767078498865,-0.9391485505499116,-1.744133022449836,0.13416407864998736,-0.13416407864998736,0.22360679774997896,0.6708203932499369,-0.044721359549995794,-0.13416407864998736,-0.13416407864998736,0.5813776741499453,-1.3863621460498696,-0.31304951684997057,0.5813776741499453,0.13416407864998736,0.13416407864998736,-1.118033988749895,0.13416407864998736,0.8497058314499201
0.532,-0.08944271909999159,-0.35777087639996635,1.520526224699857,0.6260990336999411,-0.5366563145999494,-0.5366563145999494,-1.1627553482998907,-0.8944271909999159,-1.6994116628998401,0.17888543819998318,-0.08944271909999159,0.2683281572999747,0.6260990336999411,0.0,-0.17888543819998318,-0.17888543819998318,0.6260990336999411,-1.4310835055998654,-0.2683281572999747,0.5366563145999494,0.17888543819998318,0.17888543819998318,-1.073312629199899,0.08944271909999159,0.8049844718999243
0.534,-0.13416407864998736,-0.31304951684997057,1.4758048651498612,0.5813776741499453,-0.4919349550499537,-0.5813776741499453,-1.2074767078498865,-0.8497058314499201,-1.744133022449836,0.13416407864998736,-0.044721359549995794,0.31304951684997057,0.6708203932499369,-0.044721359549995794,-0.22360679774997896,-0.22360679774997896,0.5813776741499453,-1.3863621460498696,-0.22360679774997896,0.5813776741499453,0.22360679774997896,0.22360679774997896,-1.028591269649903,0.044721359549995794,0.7602631123499285
0.536,-0.08944271909999159,-0.2683281572999747,1.520526224699857,0.5366563145999494,-0.5366563145999494,-0.5366563145999494,-1.1627553482998907,-0.8944271909999159,-1.7888543819998317,0.08944271909999159,0.0,0.35777087639996635,0.6260990336999411,-0.08944271909999159,-0.17888543819998318,-0.17888543819998318,0.6260990336999411,-1.3416407864998738,-0.17888543819998318,0.5366563145999494,0.2683281572999747,0.17888543819998318,-1.073312629199899,0.08944271909999159,0.7155417527999327
0.538,-0.13416407864998736,-0.22360679774997896,1.4758048651498612,0.5813776741499453,-0.5813776741499453,-0.4919349550499537,-1.2074767078498865,-0.8497058314499201,-1.744133022449836,0.13416407864998736,-0.044721359549995794,0.31304951684997057,0.6708203932499369,-0.044721359549995794,-0.13416407864998736,-0.22360679774997896,0.6708203932499369,-1.296919426949878,-0.22360679774997896,0.5813776741499453,0.22360679774997896,0.13416407864998736,-1.028591269649903,0.13416407864998736,0.7602631123499285
0.54,-0.08944271909999159,-0.2683281572999747,1.4310835055998654,0.5366563145999494,-0.5366563145999494,-0.5366563145999494,-1.1627553482998907,-0.8049844718999243,-1.7888543819998317,0.08944271909999159,-0.08944271909999159,0.2683281572999747,0.6260990336999411,-0.08944271909999159,-0.17888543819998318,-0.17888543819998318,0.7155417527999327,-1.2521980673998823,-0.2683281572999747,0.5366563145999494,0.2683281572999747,0.17888543819998318,-1.073312629199899,0.08944271909999159,0.7155417527999327
0.542,-0.13416407864998736,-0.22360679774997896,1.3863621460498696,0.4919349550499537,-0.5813776741499453,-0.5813776741499453,-1.2074767078498865,-0.7602631123499285,-1.8335757415498275,0.044721359549995794,-0.13416407864998736,0.31304951684997057,0.5813776741499453,-0.044721359549995794,-0.13416407864998736,-0.22360679774997896,0.6708203932499369,-1.2074767078498865,-0.31304951684997057,0.5813776741499453,0.22360679774997896,0.22360679774997896,-1.118033988749895,0.044721359549995794,0.7602631123499285
0.544,-0.17888543819998318,-0.2683281572999747,1.4310835055998654,0.4472135954999579,-0.5366563145999494,-0.5366563145999494,-1.2521980673998823,-0.7155417527999327,-1.7888543819998317,0.0,-0.08944271909999159,0.2683281572999747,0.6260990336999411,0.0,-0.08944271909999159,-0.17888543819998318,0.7155417527999327,-1.1627553482998907,-0.2683281572999747,0.6260990336999411,0.17888543819998318,0.2683281572999747,-1.073312629199899,0.08944271909999159,0.8049844718999243
0.546,-0.13416407864998736,-0.22360679774997896,1.3863621460498696,0.40249223594996214,-0.5813776741499453,-0.4919349550499537,-1.296919426949878,-0.6708203932499369,-1.744133022449836,0.044721359549995794,-0.13416407864998736,0.31304951684997057,0.6708203932499369,-0.044721359549995794,-0.13416407864998736,-0.13416407864998736,0.7602631123499285,-1.2074767078498865,-0.22360679774997896,0.5813776741499453,0.13416407864998736,0.22360679774997896,-1.028591269649903,0.044721359549995794,0.8497058314499201
0.548,-0.08944271909999159,-0.17888543819998318,1.4310835055998654,0.4472135954999579,-0.6260990336999411,-0.4472135954999579,-1.2521980673998823,-0.6260990336999411,-1.7888543819998317,0.0,-0.17888543819998318,0.35777087639996635,0.6260990336999411,0.0,-0.17888543819998318,-0.08944271909999159,0.7155417527999327,-1.1627553482998907,-0.2683281572999747,0.6260990336999411,0.17888543819998318,0.2683281572999747,-1.073312629199899,0.08944271909999159,0.8049844718999243
0.55,-0.044721359549995794,-0.22360679774997896,1.4758048651498612,0.40249223594996214,-0.5813776741499453,-0.4919349550499537,-1.296919426949878,-0.5813776741499453,-1.744133022449836,-0.044721359549995794,-0.22360679774997896,0.40249223594996214,0.6708203932499369,0.044721359549995794,-0.13416407864998736,-0.044721359549995794,0.7602631123499285,-1.118033988749895,-0.31304951684997057,0.5813776741499453,0.13416407864998736,0.31304951684997057,-1.028591269649903,0.13416407864998736,0.8497058314499201
0.552,0.0,-0.2683281572999747,1.4310835055998654,0.35777087639996635,-0.5366563145999494,-0.4472135954999579,-1.2521980673998823,-0.5366563145999494,-1.7888543819998317,-0.08944271909999159,-0.2683281572999747,0.4472135954999579,0.6260990336999411,0.08944271909999159,-0.17888543819998318,-0.08944271909999159,0.7155417527999327,-1.1627553482998907,-0.35777087639996635,0.5366563145999494,0.17888543819998318,0.35777087639996635,-1.073312629199899,0.17888543819998318,0.8944271909999159
0.554,0.044721359549995794,-0.22360679774997896,1.4758048651498612,0.31304951684997057,-0.4919349550499537,-0.4919349550499537,-1.296919426949878,-0.4919349550499537,-1.744133022449836,-0.044721359549995794,-0.31304951684997057,0.4919349550499537,0.5813776741499453,0.13416407864998736,-0.22360679774997896,-0.044721359549995794,0.6708203932499369,-1.118033988749895,-0.40249223594996214,0.5813776741499453,0.22360679774997896,0.40249223594996214,-1.118033988749895,0.13416407864998736,0.9391485505499116
0.556,0.0,-0.17888543819998318,1.4310835055998654,0.2683281572999747,-0.4472135954999579,-0.5366563145999494,-1.2521980673998823,-0.4472135954999579,-1.7888543819998317,0.0,-0.2683281572999747,0.4472135954999579,0.6260990336999411,0.08944271909999159,-0.17888543819998318,-0.08944271909999159,0.6260990336999411,-1.073312629199899,-0.35777087639996635,0.6260990336999411,0.17888543819998318,0.4472135954999579,-1.1627553482998907,0.08944271909999159,0.9838699100999074
0.558,0.044721359549995794,-0.13416407864998736,1.3863621460498696,0.31304951684997057,-0.4919349550499537,-0.4919349550499537,-1.2074767078498865,-0.4919349550499537,-1.8335757415498275,-0.044721359549995794,-0.22360679774997896,0.4919349550499537,0.5813776741499453,0.13416407864998736,-0.13416407864998736,-0.13416407864998736,0.5813776741499453,-1.028591269649903,-0.31304951684997057,0.5813776741499453,0.22360679774997896,0.4919349550499537,-1.2074767078498865,0.044721359549995794,1.028591269649903
0.56,0.08944271909999159,-0.17888543819998318,1.4310835055998654,0.35777087639996635,-0.5366563145999494,-0.4472135954999579,-1.1627553482998907,-0.4472135954999579,-1.7888543819998317,0.0,-0.17888543819998318,0.5366563145999494,0.5366563145999494,0.17888543819998318,-0.17888543819998318,-0.17888543819998318,0.6260990336999411,-0.9838699100999074,-0.2683281572999747,0.5366563145999494,0.2683281572999747,0.4472135954999579,-1.1627553482998907,0.0,0.9838699100999074
0.562,0.13416407864998736,-0.22360679774997896,1.4758048651498612,0.31304951684997057,-0.5813776741499453,-0.4919349550499537,-1.2074767078498865,-0.4919349550499537,-1.744133022449836,0.044721359549995794,-0.13416407864998736,0.5813776741499453,0.5813776741499453,0.22360679774997896,-0.13416407864998736,-0.13416407864998736,0.6708203932499369,-1.028591269649903,-0.22360679774997896,0.4919349550499537,0.22360679774997896,0.40249223594996214,-1.118033988749895,-0.044721359549995794,0.9391485505499116
0.564,0.17888543819998318,-0.2683281572999747,1.520526224699857,0.35777087639996635,-0.6260990336999411,-0.5366563145999494,-1.2521980673998823,-0.5366563145999494,-1.6994116628998401,0.0,-0.17888543819998318,0.6260990336999411,0.6260990336999411,0.2683281572999747,-0.08944271909999159,-0.08944271909999159,0.6260990336999411,-1.073312629199899,-0.2683281572999747,0.4472135954999579,0.2683281572999747,0.4472135954999579,-1.1627553482998907,0.0,0.8944271909999159
0.566,0.22360679774997896,-0.31304951684997057,1.4758048651498612,0.40249223594996214,-0.6708203932499369,-0.5813776741499453,-1.296919426949878,-0.5813776741499453,-1.744133022449836,0.044721359549995794,-0.22360679774997896,0.5813776741499453,0.5813776741499453,0.31304951684997057,-0.044721359549995794,-0.044721359549995794,0.5813776741499453,-1.118033988749895,-0.31304951684997057,0.4919349550499537,0.22360679774997896,0.4919349550499537,-1.118033988749895,0.044721359549995794,0.8497058314499201
0.568,0.17888543819998318,-0.35777087639996635,1.4310835055998654,0.35777087639996635,-0.7155417527999327,-0.6260990336999411,-1.3416407864998738,-0.6260990336999411,-1.6994116628998401,0.08944271909999159,-0.17888543819998318,0.6260990336999411,0.6260990336999411,0.2683281572999747,-0.08944271909999159,0.0,0.5366563145999494,-1.073312629199899,-0.35777087639996635,0.4472135954999579,0.17888543819998318,0.5366563145999494,-1.1627553482998907,0.08944271909999159,0.8049844718999243
0.57,0.22360679774997896,-0.31304951684997057,1.3863621460498696,0.40249223594996214,-0.7602631123499285,-0.5813776741499453,-1.3863621460498696,-0.6708203932499369,-1.744133022449836,0.13416407864998736,-0.22360679774997896,0.6708203932499369,0.5813776741499453,0.31304951684997057,-0.044721359549995794,-0.044721359549995794,0.5813776741499453,-1.028591269649903,-0.40249223594996214,0.4919349550499537,0.13416407864998736,0.5813776741499453,-1.118033988749895,0.044721359549995794,0.7602631123499285
0.572,0.2683281572999747,-0.2683281572999747,1.3416407864998738,0.4472135954999579,-0.7155417527999327,-0.5366563145999494,-1.3416407864998738,-0.7155417527999327,-1.6994116628998401,0.17888543819998318,-0.2683281572999747,0.7155417527999327,0.6260990336999411,0.2683281572999747,0.0,-0.08944271909999159,0.6260990336999411,-0.9838699100999074,-0.4472135954999579,0.4472135954999579,0.08944271909999159,0.6260990336999411,-1.073312629199899,0.0,0.8049844718999243
0.574,0.22360679774997896,-0.22360679774997896,1.3863621460498696,0.40249223594996214,-0.7602631123499285,-0.4919349550499537,-1.296919426949878,-0.7602631123499285,-1.6546903033498443,0.13416407864998736,-0.31304951684997057,0.6708203932499369,0.5813776741499453,0.22360679774997896,0.044721359549995794,-0.13416407864998736,0.6708203932499369,-1.028591269649903,-0.4919349550499537,0.40249223594996214,0.13416407864998736,0.6708203932499369,-1.118033988749895,0.044721359549995794,0.7602631123499285
0.576,0.2683281572999747,-0.2683281572999747,1.4310835055998654,0.4472135954999579,-0.7155417527999327,-0.4472135954999579,-1.2521980673998823,-0.7155417527999327,-1.6994116628998401,0.08944271909999159,-0.35777087639996635,0.6260990336999411,0.6260990336999411,0.2683281572999747,0.0,-0.08944271909999159,0.6260990336999411,-0.9838699100999074,-0.4472135954999579,0.4472135954999579,0.08944271909999159,0.7155417527999327,-1.1627553482998907,0.08944271909999159,0.7155417527999327
0.578,0.22360679774997896,-0.22360679774997896,1.4758048651498612,0.40249223594996214,-0.7602631123499285,-0.4919349550499537,-1.2074767078498865,-0.7602631123499285,-1.6546903033498443,0.044721359549995794,-0.31304951684997057,0.6708203932499369,0.6708203932499369,0.22360679774997896,-0.044721359549995794,-0.044721359549995794,0.6708203932499369,-1.028591269649903,-0.4919349550499537,0.4919349550499537,0.13416407864998736,0.6708203932499369,-1.118033988749895,0.13416407864998736,0.6708203932499369
0.58,0.2683281572999747,-0.17888543819998318,1.4310835055998654,0.4472135954999579,-0.8049844718999243,-0.4472135954999579,-1.1627553482998907,-0.7155417527999327,-1.6099689437998486,0.0,-0.35777087639996635,0.7155417527999327,0.6260990336999411,0.17888543819998318,0.0,0.0,0.7155417527999327,-0.9838699100999074,-0.5366563145999494,0.5366563145999494,0.17888543819998318,0.6260990336999411,-1.1627553482998907,0.08944271909999159,0.7155417527999327
0.582,0.31304951684997057,-0.22360679774997896,1.3863621460498696,0.40249223594996214,-0.7602631123499285,-0.4919349550499537,-1.118033988749895,-0.7602631123499285,-1.5652475842498528,-0.044721359549995794,-0.40249223594996214,0.7602631123499285,0.6708203932499369,0.22360679774997896,-0.044721359549995794,-0.044721359549995794,0.6708203932499369,-1.028591269649903,-0.4919349550499537,0.4919349550499537,0.22360679774997896,0.5813776741499453,-1.2074767078498865,0.13416407864998736,0.6708203932499369
0.584,0.2683281572999747,-0.17888543819998318,1.3416407864998738,0.35777087639996635,-0.8049844718999243,-0.4472135954999579,-1.1627553482998907,-0.7155417527999327,-1.520526224699857,-0.08944271909999159,-0.4472135954999579,0.7155417527999327,0.7155417527999327,0.17888543819998318,-0.08944271909999159,0.0,0.6260990336999411,-1.073312629199899,-0.5366563145999494,0.4472135954999579,0.17888543819998318,0.5366563145999494,-1.2521980673998823,0.17888543819998318,0.7155417527999327
0.586,0.22360679774997896,-0.13416407864998736,1.3863621460498696,0.31304951684997057,-0.7602631123499285,-0.4919349550499537,-1.2074767078498865,-0.7602631123499285,-1.5652475842498528,-0.044721359549995794,-0.40249223594996214,0.6708203932499369,0.7602631123499285,0.13416407864998736,-0.044721359549995794,0.044721359549995794,0.6708203932499369,-1.118033988749895,-0.5813776741499453,0.4919349550499537,0.22360679774997896,0.5813776741499453,-1.296919426949878,0.22360679774997896,0.6708203932499369
0.588,0.17888543819998318,-0.08944271909999159,1.4310835055998654,0.35777087639996635,-0.8049844718999243,-0.4472135954999579,-1.1627553482998907,-0.8049844718999243,-1.6099689437998486,-0.08944271909999159,-0.35777087639996635,0.6260990336999411,0.7155417527999327,0.08944271909999159,-0.08944271909999159,0.0,0.6260990336999411,-1.073312629199899,-0.5366563145999494,0.5366563145999494,0.2683281572999747,0.6260990336999411,-1.3416407864998738,0.2683281572999747,0.6260990336999411
0.59,0.22360679774997896,-0.044721359549995794,1.4758048651498612,0.40249223594996214,-0.8497058314499201,-0.4919349550499537,-1.118033988749895,-0.8497058314499201,-1.5652475842498528,-0.13416407864998736,-0.31304951684997057,0.6708203932499369,0.7602631123499285,0.13416407864998736,-0.044721359549995794,-0.044721359549995794,0.5813776741499453,-1.028591269649903,-0.5813776741499453,0.5813776741499453,0.22360679774997896,0.5813776741499453,-1.3863621460498696,0.22360679774997896,0.6708203932499369
0.592,0.17888543819998318,0.0,1.4310835055998654,0.4472135954999579,-0.8944271909999159,-0.4472135954999579,-1.073312629199899,-0.8049844718999243,-1.520526224699857,-0.17888543819998318,-0.2683281572999747,0.7155417527999327,0.8049844718999243,0.17888543819998318,0.0,0.0,0.5366563145999494,-0.9838699100999074,-0.6260990336999411,0.6260990336999411,0.2683281572999747,0.6260990336999411,-1.3416407864998738,0.17888543819998318,0.6260990336999411
0.594,0.13416407864998736,-0.044721359549995794,1.4758048651498612,0.4919349550499537,-0.9391485505499116,-0.4919349550499537,-1.028591269649903,-0.8497058314499201,-1.4758048651498612,-0.13416407864998736,-0.31304951684997057,0.7602631123499285,0.7602631123499285,0.22360679774997896,-0.044721359549995794,0.044721359549995794,0.5813776741499453,-1.028591269649903,-0.5813776741499453,0.5813776741499453,0.31304951684997057,0.6708203932499369,-1.296919426949878,0.22360679774997896,0.6708203932499369
0.596,0.17888543819998318,0.0,1.4310835055998654,0.5366563145999494,-0.9838699100999074,-0.5366563145999494,-0.9838699100999074,-0.8049844718999243,-1.520526224699857,-0.17888543819998318,-0.2683281572999747,0.8049844718999243,0.8049844718999243,0.17888543819998318,0.0,0.08944271909999159,0.6260990336999411,-1.073312629199899,-0.6260990336999411,0.6260990336999411,0.35777087639996635,0.7155417527999327,-1.2521980673998823,0.2683281572999747,0.7155417527999327
0.598,0.22360679774997896,-0.044721359549995794,1.4758048651498612,0.4919349550499537,-1.028591269649903,-0.5813776741499453,-0.9391485505499116,-0.7602631123499285,-1.4758048651498612,-0.22360679774997896,-0.22360679774997896,0.7602631123499285,0.7602631123499285,0.13416407864998736,0.044721359549995794,0.044721359549995794,0.5813776741499453,-1.028591269649903,-0.5813776741499453,0.6708203932499369,0.31304951684997057,0.7602631123499285,-1.296919426949878,0.31304951684997057,0.6708203932499369
0.6,0.2683281572999747,0.0,1.520526224699857,0.4472135954999579,-0.9838699100999074,-0.6260990336999411,-0.9838699100999074,-0.8049844718999243,-1.520526224699857,-0.2683281572999747,-0.17888543819998318,0.7155417527999327,0.8049844718999243,0.17888543819998318,0.0,0.0,0.6260990336999411,-1.073312629199899,-0.5366563145999494,0.7155417527999327,0.2683281572999747,0.7155417527999327,-1.2521980673998823,0.2683281572999747,0.6260990336999411
0.602,0.31304951684997057,-0.044721359549995794,1.4758048651498612,0.40249223594996214,-0.9391485505499116,-0.5813776741499453,-1.028591269649903,-0.7602631123499285,-1.4758048651498612,-0.22360679774997896,-0.22360679774997896,0.7602631123499285,0.8497058314499201,0.22360679774997896,0.044721359549995794,0.044721359549995794,0.5813776741499453,-1.028591269649903,-0.5813776741499453,0.7602631123499285,0.31304951684997057,0.7602631123499285,-1.2074767078498865,0.22360679774997896,0.6708203932499369
0.604,0.2683281572999747,0.0,1.520526224699857,0.35777087639996635,-0.9838699100999074,-0.5366563145999494,-0.9838699100999074,-0.7155417527999327,-1.4310835055998654,-0.17888543819998318,-0.2683281572999747,0.7155417527999327,0.8049844718999243,0.17888543819998318,0.0,0.0,0.6260990336999411,-1.073312629199899,-0.5366563145999494,0.7155417527999327,0.2683281572999747,0.7155417527999327,-1.1627553482998907,0.2683281572999747,0.7155417527999327
0.606,0.31304951684997057,-0.044721359549995794,1.5652475842498528,0.40249223594996214,-1.028591269649903,-0.4919349550499537,-0.9391485505499116,-0.6708203932499369,-1.3863621460498696,-0.13416407864998736,-0.31304951684997057,0.7602631123499285,0.7602631123499285,0.22360679774997896,-0.044721359549995794,0.044721359549995794,0.5813776741499453,-1.118033988749895,-0.4919349550499537,0.7602631123499285,0.31304951684997057,0.6708203932499369,-1.2074767078498865,0.31304951684997057,0.7602631123499285
0.608,0.35777087639996635,0.0,1.520526224699857,0.35777087639996635,-1.073312629199899,-0.4472135954999579,-0.9838699100999074,-0.6260990336999411,-1.4310835055998654,-0.08944271909999159,-0.2683281572999747,0.7155417527999327,0.7155417527999327,0.2683281572999747,0.0,0.08944271909999159,0.5366563145999494,-1.1627553482998907,-0.5366563145999494,0.7155417527999327,0.2683281572999747,0.7155417527999327,-1.1627553482998907,0.2683281572999747,0.7155417527999327
0.61,0.40249223594996214,0.044721359549995794,1.4758048651498612,0.31304951684997057,-1.028591269649903,-0.4919349550499537,-1.028591269649903,-0.6708203932499369,-1.3863621460498696,-0.044721359549995794,-0.31304951684997057,0.7602631123499285,0.7602631123499285,0.22360679774997896,-0.044721359549995794,0.044721359549995794,0.5813776741499453,-1.2074767078498865,-0.5813776741499453,0.7602631123499285,0.22360679774997896,0.6708203932499369,-1.118033988749895,0.22360679774997896,0.6708203932499369
0.612,0.35777087639996635,0.08944271909999159,1.520526224699857,0.35777087639996635,-1.073312629199899,-0.5366563145999494,-0.9838699100999074,-0.7155417527999327,-1.3416407864998738,0.0,-0.35777087639996635,0.8049844718999243,0.7155417527999327,0.17888543819998318,-0.08944271909999159,0.08944271909999159,0.5366563145999494,-1.2521980673998823,-0.6260990336999411,0.8049844718999243,0.17888543819998318,0.7155417527999327,-1.073312629199899,0.17888543819998318,0.6260990336999411
0.614,0.40249223594996214,0.13416407864998736,1.4758048651498612,0.40249223594996214,-1.028591269649903,-0.5813776741499453,-1.028591269649903,-0.7602631123499285,-1.296919426949878,-0.044721359549995794,-0.40249223594996214,0.7602631123499285,0.6708203932499369,0.22360679774997896,-0.13416407864998736,0.13416407864998736,0.4919349550499537,-1.296919426949878,-0.5813776741499453,0.8497058314499201,0.22360679774997896,0.6708203932499369,-1.028591269649903,0.13416407864998736,0.6708203932499369
0.616,0.4472135954999579,0.17888543819998318,1.4310835055998654,0.35777087639996635,-1.073312629199899,-0.6260990336999411,-1.073312629199899,-0.7155417527999327,-1.3416407864998738,-0.08944271909999159,-0.4472135954999579,0.8049844718999243,0.7155417527999327,0.17888543819998318,-0.17888543819998318,0.17888543819998318,0.5366563145999494,-1.2521980673998823,-0.5366563145999494,0.8049844718999243,0.17888543819998318,0.6260990336999411,-1.073312629199899,0.08944271909999159,0.6260990336999411
0.618,0.4919349550499537,0.22360679774997896,1.3863621460498696,0.31304951684997057,-1.028591269649903,-0.5813776741499453,-1.028591269649903,-0.6708203932499369,-1.3863621460498696,-0.13416407864998736,-0.4919349550499537,0.7602631123499285,0.6708203932499369,0.22360679774997896,-0.13416407864998736,0.13416407864998736,0.4919349550499537,-1.296919426949878,-0.5813776741499453,0.7602631123499285,0.22360679774997896,0.6708203932499369,-1.028591269649903,0.13416407864998736,0.5813776741499453
0.62,0.5366563145999494,0.2683281572999747,1.4310835055998654,0.2683281572999747,-1.073312629199899,-0.5366563145999494,-1.073312629199899,-0.6260990336999411,-1.4310835055998654,-0.17888543819998318,-0.5366563145999494,0.8049844718999243,0.7155417527999327,0.2683281572999747,-0.17888543819998318,0.17888543819998318,0.5366563145999494,-1.3416407864998738,-0.5366563145999494,0.7155417527999327,0.2683281572999747,0.6260990336999411,-1.073312629199899,0.08944271909999159,0.6260990336999411
0.622,0.4919349550499537,0.31304951684997057,1.4758048651498612,0.31304951684997057,-1.118033988749895,-0.4919349550499537,-1.028591269649903,-0.6708203932499369,-1.3863621460498696,-0.13416407864998736,-0.4919349550499537,0.8497058314499201,0.6708203932499369,0.22360679774997896,-0.13416407864998736,0.13416407864998736,0.4919349550499537,-1.3863621460498696,-0.5813776741499453,0.7602631123499285,0.22360679774997896,0.5813776741499453,-1.028591269649903,0.044721359549995794,0.5813776741499453
0.624,0.5366563145999494,0.35777087639996635,1.4310835055998654,0.2683281572999747,-1.1627553482998907,-0.5366563145999494,-0.9838699100999074,-0.6260990336999411,-1.4310835055998654,-0.17888543819998318,-0.5366563145999494,0.8049844718999243,0.6260990336999411,0.2683281572999747,-0.08944271909999159,0.17888543819998318,0.4472135954999579,-1.3416407864998738,-0.6260990336999411,0.7155417527999327,0.2683281572999747,0.5366563145999494,-1.073312629199899,0.08944271909999159,0.5366563145999494
0.626,0.4919349550499537,0.31304951684997057,1.3863621460498696,0.31304951684997057,-1.118033988749895,-0.5813776741499453,-0.9391485505499116,-0.6708203932499369,-1.3863621460498696,-0.22360679774997896,-0.5813776741499453,0.8497058314499201,0.6708203932499369,0.22360679774997896,-0.13416407864998736,0.13416407864998736,0.4919349550499537,-1.296919426949878,-0.6708203932499369,0.7602631123499285,0.31304951684997057,0.4919349550499537,-1.028591269649903,0.13416407864998736,0.4919349550499537
0.628,0.5366563145999494,0.2683281572999747,1.3416407864998738,0.2683281572999747,-1.1627553482998907,-0.5366563145999494,-0.8944271909999159,-0.7155417527999327,-1.3416407864998738,-0.17888543819998318,-0.5366563145999494,0.8944271909999159,0.6260990336999411,0.2683281572999747,-0.08944271909999159,0.17888543819998318,0.5366563145999494,-1.2521980673998823,-0.7155417527999327,0.8049844718999243,0.35777087639996635,0.5366563145999494,-1.073312629199899,0.08944271909999159,0.4472135954999579
0.63,0.4919349550499537,0.22360679774997896,1.296919426949878,0.31304951684997057,-1.118033988749895,-0.4919349550499537,-0.8497058314499201,-0.7602631123499285,-1.3863621460498696,-0.13416407864998736,-0.5813776741499453,0.8497058314499201,0.5813776741499453,0.31304951684997057,-0.044721359549995794,0.13416407864998736,0.5813776741499453,-1.296919426949878,-0.6708203932499369,0.7602631123499285,0.40249223594996214,0.5813776741499453,-1.028591269649903,0.13416407864998736,0.4919349550499537
0.632,0.4472135954999579,0.2683281572999747,1.3416407864998738,0.2683281572999747,-1.073312629199899,-0.5366563145999494,-0.8944271909999159,-0.7155417527999327,-1.3416407864998738,-0.17888543819998318,-0.6260990336999411,0.8049844718999243,0.6260990336999411,0.35777087639996635,0.0,0.17888543819998318,0.5366563145999494,-1.3416407864998738,-0.7155417527999327,0.8049844718999243,0.4472135954999579,0.6260990336999411,-0.9838699100999074,0.08944271909999159,0.5366563145999494
0.634,0.4919349550499537,0.31304951684997057,1.296919426949878,0.22360679774997896,-1.028591269649903,-0.4919349550499537,-0.9391485505499116,-0.6708203932499369,-1.3863621460498696,-0.22360679774997896,-0.6708203932499369,0.7602631123499285,0.5813776741499453,0.40249223594996214,-0.044721359549995794,0.13416407864998736,0.5813776741499453,-1.296919426949878,-0.7602631123499285,0.8497058314499201,0.40249223594996214,0.6708203932499369,-0.9391485505499116,0.13416407864998736,0.4919349550499537
0.636,0.4472135954999579,0.35777087639996635,1.2521980673998823,0.17888543819998318,-1.073312629199899,-0.5366563145999494,-0.9838699100999074,-0.7155417527999327,-1.3416407864998738,-0.17888543819998318,-0.6260990336999411,0.7155417527999327,0.5366563145999494,0.35777087639996635,-0.08944271909999159,0.17888543819998318,0.6260990336999411,-1.2521980673998823,-0.8049844718999243,0.8944271909999159,0.4472135954999579,0.6260990336999411,-0.9838699100999074,0.17888543819998318,0.4472135954999579
0.638,0.40249223594996214,0.40249223594996214,1.296919426949878,0.13416407864998736,-1.028591269649903,-0.5813776741499453,-0.9391485505499116,-0.7602631123499285,-1.3863621460498696,-0.13416407864998736,-0.6708203932499369,0.7602631123499285,0.5813776741499453,0.40249223594996214,-0.13416407864998736,0.22360679774997896,0.6708203932499369,-1.2074767078498865,-0.8497058314499201,0.9391485505499116,0.40249223594996214,0.5813776741499453,-1.028591269649903,0.13416407864998736,0.4919349550499537
0.64,0.35777087639996635,0.4472135954999579,1.3416407864998738,0.17888543819998318,-1.073312629199899,-0.6260990336999411,-0.9838699100999074,-0.8049844718999243,-1.4310835055998654,-0.17888543819998318,-0.7155417527999327,0.7155417527999327,0.6260990336999411,0.4472135954999579,-0.17888543819998318,0.17888543819998318,0.7155417527999327,-1.1627553482998907,-0.8944271909999159,0.8944271909999159,0.35777087639996635,0.6260990336999411,-0.9838699100999074,0.17888543819998318,0.4472135954999579
0.642,0.40249223594996214,0.4919349550499537,1.296919426949878,0.22360679774997896,-1.118033988749895,-0.6708203932499369,-1.028591269649903,-0.7602631123499285,-1.4758048651498612,-0.13416407864998736,-0.7602631123499285,0.7602631123499285,0.6708203932499369,0.4919349550499537,-0.13416407864998736,0.13416407864998736,0.7602631123499285,-1.2074767078498865,-0.9391485505499116,0.8497058314499201,0.31304951684997057,0.5813776741499453,-1.028591269649903,0.22360679774997896,0.40249223594996214
0.644,0.4472135954999579,0.5366563145999494,1.3416407864998738,0.17888543819998318,-1.073312629199899,-0.6260990336999411,-1.073312629199899,-0.7155417527999327,-1.520526224699857,-0.17888543819998318,-0.8049844718999243,0.8049844718999243,0.7155417527999327,0.4472135954999579,-0.08944271909999159,0.08944271909999159,0.7155417527999327,-1.2521980673998823,-0.8944271909999159,0.8944271909999159,0.2683281572999747,0.5366563145999494,-1.073312629199899,0.2683281572999747,0.35777087639996635
0.646,0.40249223594996214,0.4919349550499537,1.3863621460498696,0.13416407864998736,-1.118033988749895,-0.6708203932499369,-1.028591269649903,-0.7602631123499285,-1.5652475842498528,-0.22360679774997896,-0.7602631123499285,0.8497058314499201,0.6708203932499369,0.40249223594996214,-0.044721359549995794,0.044721359549995794,0.7602631123499285,-1.2074767078498865,-0.9391485505499116,0.9391485505499116,0.31304951684997057,0.4919349550499537,-1.118033988749895,0.31304951684997057,0.40249223594996214
0.648,0.4472135954999579,0.4472135954999579,1.3416407864998738,0.08944271909999159,-1.1627553482998907,-0.7155417527999327,-1.073312629199899,-0.7155417527999327,-1.520526224699857,-0.17888543819998318,-0.7155417527999327,0.8944271909999159,0.6260990336999411,0.4472135954999579,0.0,0.08944271909999159,0.8049844718999243,-1.2521980673998823,-0.9838699100999074,0.8944271909999159,0.35777087639996635,0.4472135954999579,-1.1627553482998907,0.2683281572999747,0.4472135954999579
0.65,0.4919349550499537,0.4919349550499537,1.3863621460498696,0.13416407864998736,-1.2074767078498865,-0.7602631123499285,-1.118033988749895,-0.6708203932499369,-1.5652475842498528,-0.13416407864998736,-0.7602631123499285,0.8497058314499201,0.5813776741499453,0.40249223594996214,-0.044721359549995794,0.044721359549995794,0.8497058314499201,-1.296919426949878,-1.028591269649903,0.8497058314499201,0.40249223594996214,0.4919349550499537,-1.118033988749895,0.22360679774997896,0.40249223594996214
0.652,0.4472135954999579,0.4472135954999579,1.3416407864998738,0.08944271909999159,-1.1627553482998907,-0.8049844718999243,-1.073312629199899,-0.6260990336999411,-1.6099689437998486,-0.17888543819998318,-0.7155417527999327,0.8049844718999243,0.5366563145999494,0.35777087639996635,-0.08944271909999159,0.08944271909999159,0.8049844718999243,-1.2521980673998823,-0.9838699100999074,0.8049844718999243,0.35777087639996635,0.4472135954999579,-1.1627553482998907,0.2683281572999747,0.35777087639996635
0.654,0.4919349550499537,0.40249223594996214,1.296919426949878,0.13416407864998736,-1.118033988749895,-0.8497058314499201,-1.028591269649903,-0.5813776741499453,-1.5652475842498528,-0.22360679774997896,-0.7602631123499285,0.8497058314499201,0.4919349550499537,0.31304951684997057,-0.044721359549995794,0.044721359549995794,0.7602631123499285,-1.2074767078498865,-0.9391485505499116,0.8497058314499201,0.40249223594996214,0.4919349550499537,-1.2074767078498865,0.22360679774997896,0.40249223594996214
0.656,0.4472135954999579,0.35777087639996635,1.2521980673998823,0.17888543819998318,-1.073312629199899,-0.8049844718999243,-0.9838699100999074,-0.6260990336999411,-1.6099689437998486,-0.2683281572999747,-0.8049844718999243,0.8944271909999159,0.4472135954999579,0.35777087639996635,0.0,0.0,0.7155417527999327,-1.1627553482998907,-0.8944271909999159,0.8944271909999159,0.35777087639996635,0.4472135954999579,-1.1627553482998907,0.2683281572999747,0.35777087639996635
0.658,0.40249223594996214,0.31304951684997057,1.296919426949878,0.22360679774997896,-1.028591269649903,-0.7602631123499285,-0.9391485505499116,-0.6708203932499369,-1.5652475842498528,-0.31304951684997057,-0.7602631123499285,0.8497058314499201,0.40249223594996214,0.31304951684997057,-0.044721359549995794,0.044721359549995794,0.7602631123499285,-1.118033988749895,-0.9391485505499116,0.8497058314499201,0.40249223594996214,0.4919349550499537,-1.118033988749895,0.22360679774997896,0.40249223594996214
0.66,0.35777087639996635,0.35777087639996635,1.3416407864998738,0.2683281572999747,-0.9838699100999074,-0.8049844718999243,-0.9838699100999074,-0.6260990336999411,-1.520526224699857,-0.35777087639996635,-0.8049844718999243,0.8049844718999243,0.4472135954999579,0.2683281572999747,0.0,0.0,0.7155417527999327,-1.073312629199899,-0.8944271909999159,0.8049844718999243,0.35777087639996635,0.4472135954999579,-1.073312629199899,0.2683281572999747,0.4472135954999579
0.662,0.40249223594996214,0.40249223594996214,1.3863621460498696,0.31304951684997057,-0.9391485505499116,-0.7602631123499285,-1.028591269649903,-0.5813776741499453,-1.4758048651498612,-0.31304951684997057,-0.7602631123499285,0.8497058314499201,0.4919349550499537,0.22360679774997896,0.044721359549995794,0.044721359549995794,0.7602631123499285,-1.028591269649903,-0.9391485505499116,0.8497058314499201,0.31304951684997057,0.40249223594996214,-1.028591269649903,0.31304951684997057,0.4919349550499537
0.664,0.4472135954999579,0.35777087639996635,1.4310835055998654,0.2683281572999747,-0.8944271909999159,-0.8049844718999243,-0.9838699100999074,-0.5366563145999494,-1.520526224699857,-0.2683281572999747,-0.8049844718999243,0.8944271909999159,0.4472135954999579,0.2683281572999747,0.0,0.08944271909999159,0.8049844718999243,-0.9838699100999074,-0.8944271909999159,0.8049844718999243,0.35777087639996635,0.4472135954999579,-0.9838699100999074,0.35777087639996635,0.5366563145999494
0.666,0.40249223594996214,0.31304951684997057,1.4758048651498612,0.31304951684997057,-0.8497058314499201,-0.7602631123499285,-0.9391485505499116,-0.4919349550499537,-1.5652475842498528,-0.31304951684997057,-0.8497058314499201,0.9391485505499116,0.4919349550499537,0.31304951684997057,0.044721359549995794,0.044721359549995794,0.7602631123499285,-0.9391485505499116,-0.8497058314499201,0.8497058314499201,0.40249223594996214,0.40249223594996214,-0.9391485505499116,0.31304951684997057,0.4919349550499537
0.668,0.35777087639996635,0.35777087639996635,1.520526224699857,0.2683281572999747,-0.8944271909999159,-0.8049844718999243,-0.9838699100999074,-0.5366563145999494,-1.520526224699857,-0.2683281572999747,-0.8944271909999159,0.8944271909999159,0.5366563145999494,0.2683281572999747,0.0,0.0,0.8049844718999243,-0.8944271909999159,-0.8049844718999243,0.8944271909999159,0.4472135954999579,0.35777087639996635,-0.8944271909999159,0.35777087639996635,0.5366563145999494
0.67,0.40249223594996214,0.40249223594996214,1.4758048651498612,0.22360679774997896,-0.9391485505499116,-0.7602631123499285,-1.028591269649903,-0.4919349550499537,-1.5652475842498528,-0.31304951684997057,-0.8497058314499201,0.8497058314499201,0.4919349550499537,0.22360679774997896,-0.044721359549995794,0.044721359549995794,0.8497058314499201,-0.9391485505499116,-0.8497058314499201,0.8497058314499201,0.40249223594996214,0.31304951684997057,-0.9391485505499116,0.31304951684997057,0.5813776741499453
0.672,0.4472135954999579,0.35777087639996635,1.4310835055998654,0.17888543819998318,-0.8944271909999159,-0.8049844718999243,-0.9838699100999074,-0.5366563145999494,-1.6099689437998486,-0.2683281572999747,-0.8944271909999159,0.8049844718999243,0.5366563145999494,0.2683281572999747,-0.08944271909999159,0.08944271909999159,0.8944271909999159,-0.9838699100999074,-0.8944271909999159,0.8049844718999243,0.35777087639996635,0.2683281572999747,-0.9838699100999074,0.35777087639996635,0.6260990336999411
0.674,0.4919349550499537,0.40249223594996214,1.4758048651498612,0.22360679774997896,-0.9391485505499116,-0.8497058314499201,-0.9391485505499116,-0.4919349550499537,-1.6546903033498443,-0.31304951684997057,-0.9391485505499116,0.8497058314499201,0.4919349550499537,0.22360679774997896,-0.044721359549995794,0.13416407864998736,0.8497058314499201,-0.9391485505499116,-0.9391485505499116,0.8497058314499201,0.40249223594996214,0.22360679774997896,-1.028591269649903,0.31304951684997057,0.6708203932499369
0.676,0.5366563145999494,0.35777087639996635,1.520526224699857,0.17888543819998318,-0.8944271909999159,-0.8049844718999243,-0.8944271909999159,-0.4472135954999579,-1.6994116628998401,-0.35777087639996635,-0.8944271909999159,0.8049844718999243,0.4472135954999579,0.2683281572999747,0.0,0.08944271909999159,0.8049844718999243,-0.9838699100999074,-0.9838699100999074,0.8049844718999243,0.4472135954999579,0.2683281572999747,-0.9838699100999074,0.2683281572999747,0.6260990336999411
0.678,0.5813776741499453,0.40249223594996214,1.4758048651498612,0.22360679774997896,-0.9391485505499116,-0.7602631123499285,-0.8497058314499201,-0.4919349550499537,-1.6546903033498443,-0.31304951684997057,-0.8497058314499201,0.7602631123499285,0.40249223594996214,0.31304951684997057,-0.044721359549995794,0.13416407864998736,0.8497058314499201,-0.9391485505499116,-0.9391485505499116,0.7602631123499285,0.4919349550499537,0.22360679774997896,-0.9391485505499116,0.22360679774997896,0.6708203932499369
0.68,0.6260990336999411,0.35777087639996635,1.520526224699857,0.17888543819998318,-0.9838699100999074,-0.7155417527999327,-0.8944271909999159,-0.5366563145999494,-1.6994116628998401,-0.2683281572999747,-0.8049844718999243,0.7155417527999327,0.35777087639996635,0.35777087639996635,-0.08944271909999159,0.17888543819998318,0.8944271909999159,-0.8944271909999159,-0.8944271909999159,0.8049844718999243,0.4472135954999579,0.2683281572999747,-0.8944271909999159,0.17888543819998318,0.6260990336999411
0.682,0.5813776741499453,0.40249223594996214,1.5652475842498528,0.22360679774997896,-1.028591269649903,-0.6708203932499369,-0.8497058314499201,-0.5813776741499453,-1.6546903033498443,-0.31304951684997057,-0.7602631123499285,0.7602631123499285,0.31304951684997057,0.40249223594996214,-0.044721359549995794,0.22360679774997896,0.9391485505499116,-0.9391485505499116,-0.9391485505499116,0.7602631123499285,0.4919349550499537,0.22360679774997896,-0.8497058314499201,0.22360679774997896,0.5813776741499453
0.684,0.5366563145999494,0.4472135954999579,1.520526224699857,0.17888543819998318,-1.073312629199899,-0.6260990336999411,-0.8944271909999159,-0.5366563145999494,-1.6994116628998401,-0.2683281572999747,-0.7155417527999327,0.8049844718999243,0.35777087639996635,0.4472135954999579,0.0,0.17888543819998318,0.9838699100999074,-0.9838699100999074,-0.8944271909999159,0.8049844718999243,0.4472135954999579,0.2683281572999747,-0.8944271909999159,0.17888543819998318,0.6260990336999411
0.686,0.4919349550499537,0.4919349550499537,1.4758048651498612,0.22360679774997896,-1.118033988749895,-0.5813776741499453,-0.8497058314499201,-0.4919349550499537,-1.744133022449836,-0.31304951684997057,-0.6708203932499369,0.8497058314499201,0.31304951684997057,0.4919349550499537,-0.044721359549995794,0.13416407864998736,0.9391485505499116,-0.9391485505499116,-0.8497058314499201,0.7602631123499285,0.4919349550499537,0.31304951684997057,-0.8497058314499201,0.22360679774997896,0.5813776741499453
0.688,0.5366563145999494,0.4472135954999579,1.4310835055998654,0.17888543819998318,-1.073312629199899,-0.6260990336999411,-0.8049844718999243,-0.4472135954999579,-1.7888543819998317,-0.2683281572999747,-0.7155417527999327,0.8944271909999159,0.35777087639996635,0.5366563145999494,-0.08944271909999159,0.17888543819998318,0.8944271909999159,-0.9838699100999074,-0.8049844718999243,0.8049844718999243,0.4472135954999579,0.2683281572999747,-0.8049844718999243,0.2683281572999747,0.5366563145999494
0.69,0.4919349550499537,0.40249223594996214,1.3863621460498696,0.22360679774997896,-1.028591269649903,-0.5813776741499453,-0.8497058314499201,-0.4919349550499537,-1.8335757415498275,-0.22360679774997896,-0.6708203932499369,0.9391485505499116,0.31304951684997057,0.5813776741499453,-0.13416407864998736,0.13416407864998736,0.9391485505499116,-1.028591269649903,-0.7602631123499285,0.7602631123499285,0.40249223594996214,0.31304951684997057,-0.8497058314499201,0.22360679774997896,0.5813776741499453
0.692,0.5366563145999494,0.35777087639996635,1.4310835055998654,0.2683281572999747,-1.073312629199899,-0.5366563145999494,-0.8049844718999243,-0.5366563145999494,-1.8782971010998233,-0.17888543819998318,-0.7155417527999327,0.8944271909999159,0.2683281572999747,0.6260990336999411,-0.08944271909999159,0.08944271909999159,0.8944271909999159,-1.073312629199899,-0.7155417527999327,0.7155417527999327,0.35777087639996635,0.35777087639996635,-0.8049844718999243,0.2683281572999747,0.5366563145999494
0.694,0.4919349550499537,0.40249223594996214,1.3863621460498696,0.22360679774997896,-1.028591269649903,-0.4919349550499537,-0.8497058314499201,-0.5813776741499453,-1.923018460649819,-0.22360679774997896,-0.7602631123499285,0.9391485505499116,0.22360679774997896,0.5813776741499453,-0.13416407864998736,0.13416407864998736,0.9391485505499116,-1.028591269649903,-0.6708203932499369,0.7602631123499285,0.31304951684997057,0.40249223594996214,-0.7602631123499285,0.31304951684997057,0.5813776741499453
0.696,0.5366563145999494,0.4472135954999579,1.4310835055998654,0.17888543819998318,-0.9838699100999074,-0.4472135954999579,-0.8049844718999243,-0.5366563145999494,-1.8782971010998233,-0.17888543819998318,-0.8049844718999243,0.9838699100999074,0.17888543819998318,0.5366563145999494,-0.08944271909999159,0.17888543819998318,0.8944271909999159,-1.073312629199899,-0.6260990336999411,0.8049844718999243,0.2683281572999747,0.4472135954999579,-0.7155417527999327,0.2683281572999747,0.6260990336999411
0.698,0.4919349550499537,0.40249223594996214,1.3863621460498696,0.13416407864998736,-0.9391485505499116,-0.4919349550499537,-0.7602631123499285,-0.5813776741499453,-1.923018460649819,-0.22360679774997896,-0.7602631123499285,1.028591269649903,0.13416407864998736,0.5813776741499453,-0.044721359549995794,0.13416407864998736,0.9391485505499116,-1.028591269649903,-0.6708203932499369,0.8497058314499201,0.22360679774997896,0.4919349550499537,-0.6708203932499369,0.22360679774997896,0.5813776741499453
0.7,0.4472135954999579,0.35777087639996635,1.3416407864998738,0.17888543819998318,-0.8944271909999159,-0.4472135954999579,-0.8049844718999243,-0.6260990336999411,-1.8782971010998233,-0.17888543819998318,-0.8049844718999243,1.073312629199899,0.17888543819998318,0.5366563145999494,0.0,0.08944271909999159,0.8944271909999159,-0.9838699100999074,-0.6260990336999411,0.8049844718999243,0.17888543819998318,0.4472135954999579,-0.7155417527999327,0.17888543819998318,0.6260990336999411
0.702,0.40249223594996214,0.40249223594996214,1.296919426949878,0.13416407864998736,-0.8497058314499201,-0.4919349550499537,-0.7602631123499285,-0.6708203932499369,-1.8335757415498275,-0.13416407864998736,-0.8497058314499201,1.118033988749895,0.22360679774997896,0.5813776741499453,0.044721359549995794,0.044721359549995794,0.9391485505499116,-1.028591269649903,-0.5813776741499453,0.8497058314499201,0.22360679774997896,0.40249223594996214,-0.6708203932499369,0.13416407864998736,0.6708203932499369
0.704,0.4472135954999579,0.35777087639996635,1.3416407864998738,0.08944271909999159,-0.8944271909999159,-0.4472135954999579,-0.8049844718999243,-0.7155417527999327,-1.7888543819998317,-0.17888543819998318,-0.8944271909999159,1.1627553482998907,0.2683281572999747,0.6260990336999411,0.0,0.0,0.9838699100999074,-0.9838699100999074,-0.6260990336999411,0.8944271909999159,0.17888543819998318,0.4472135954999579,-0.7155417527999327,0.08944271909999159,0.6260990336999411
0.706,0.4919349550499537,0.40249223594996214,1.296919426949878,0.13416407864998736,-0.9391485505499116,-0.4919349550499537,-0.7602631123499285,-0.7602631123499285,-1.8335757415498275,-0.13416407864998736,-0.8497058314499201,1.2074767078498865,0.31304951684997057,0.5813776741499453,-0.044721359549995794,-0.044721359549995794,0.9391485505499116,-1.028591269649903,-0.5813776741499453,0.9391485505499116,0.13416407864998736,0.4919349550499537,-0.6708203932499369,0.044721359549995794,0.6708203932499369
0.708,0.5366563145999494,0.35777087639996635,1.2521980673998823,0.08944271909999159,-0.8944271909999159,-0.4472135954999579,-0.8049844718999243,-0.7155417527999327,-1.8782971010998233,-0.17888543819998318,-0.8944271909999159,1.2521980673998823,0.35777087639996635,0.5366563145999494,0.0,-0.08944271909999159,0.8944271909999159,-0.9838699100999074,-0.5366563145999494,0.8944271909999159,0.17888543819998318,0.4472135954999579,-0.7155417527999327,0.08944271909999159,0.7155417527999327
0.71,0.4919349550499537,0.40249223594996214,1.2074767078498865,0.044721359549995794,-0.9391485505499116,-0.40249223594996214,-0.8497058314499201,-0.7602631123499285,-1.8335757415498275,-0.22360679774997896,-0.8497058314499201,1.2074767078498865,0.31304951684997057,0.4919349550499537,0.044721359549995794,-0.13416407864998736,0.9391485505499116,-0.9391485505499116,-0.4919349550499537,0.9391485505499116,0.22360679774997896,0.4919349550499537,-0.6708203932499369,0.13416407864998736,0.7602631123499285
0.712,0.4472135954999579,0.4472135954999579,1.1627553482998907,0.0,-0.9838699100999074,-0.35777087639996635,-0.8944271909999159,-0.8049844718999243,-1.7888543819998317,-0.17888543819998318,-0.8049844718999243,1.2521980673998823,0.2683281572999747,0.4472135954999579,0.0,-0.08944271909999159,0.8944271909999159,-0.8944271909999159,-0.5366563145999494,0.8944271909999159,0.17888543819998318,0.4472135954999579,-0.7155417527999327,0.17888543819998318,0.8049844718999243
0.714,0.4919349550499537,0.4919349550499537,1.118033988749895,0.044721359549995794,-0.9391485505499116,-0.40249223594996214,-0.9391485505499116,-0.7602631123499285,-1.744133022449836,-0.22360679774997896,-0.8497058314499201,1.2074767078498865,0.22360679774997896,0.4919349550499537,0.044721359549995794,-0.13416407864998736,0.8497058314499201,-0.8497058314499201,-0.5813776741499453,0.8497058314499201,0.22360679774997896,0.40249223594996214,-0.7602631123499285,0.13416407864998736,0.7602631123499285
0.716,0.5366563145999494,0.5366563145999494,1.073312629199899,0.0,-0.8944271909999159,-0.4472135954999579,-0.8944271909999159,-0.8049844718999243,-1.6994116628998401,-0.17888543819998318,-0.8944271909999159,1.1627553482998907,0.2683281572999747,0.5366563145999494,0.0,-0.17888543819998318,0.8944271909999159,-0.8049844718999243,-0.6260990336999411,0.8049844718999243,0.2683281572999747,0.4472135954999579,-0.7155417527999327,0.08944271909999159,0.7155417527999327
0.718,0.5813776741499453,0.5813776741499453,1.028591269649903,0.044721359549995794,-0.8497058314499201,-0.4919349550499537,-0.8497058314499201,-0.8497058314499201,-1.6546903033498443,-0.13416407864998736,-0.9391485505499116,1.2074767078498865,0.31304951684997057,0.5813776741499453,-0.044721359549995794,-0.13416407864998736,0.8497058314499201,-0.8497058314499201,-0.5813776741499453,0.7602631123499285,0.31304951684997057,0.4919349550499537,-0.6708203932499369,0.044721359549995794,0.6708203932499369
0.72,0.5366563145999494,0.6260990336999411,0.9838699100999074,0.0,-0.8944271909999159,-0.4472135954999579,-0.8049844718999243,-0.8944271909999159,-1.6994116628998401,-0.17888543819998318,-0.8944271909999159,1.2521980673998823,0.2683281572999747,0.6260990336999411,0.0,-0.08944271909999159,0.8049844718999243,-0.8944271909999159,-0.5366563145999494,0.8049844718999243,0.2683281572999747,0.4472135954999579,-0.7155417527999327,0.08944271909999159,0.7155417527999327
0.722,0.4919349550499537,0.5813776741499453,0.9391485505499116,-0.044721359549995794,-0.8497058314499201,-0.4919349550499537,-0.8497058314499201,-0.9391485505499116,-1.6546903033498443,-0.22360679774997896,-0.9391485505499116,1.296919426949878,0.31304951684997057,0.5813776741499453,0.044721359549995794,-0.044721359549995794,0.8497058314499201,-0.8497058314499201,-0.4919349550499537,0.7602631123499285,0.31304951684997057,0.40249223594996214,-0.6708203932499369,0.044721359549995794,0.6708203932499369
0.724,0.4472135954999579,0.6260990336999411,0.9838699100999074,-0.08944271909999159,-0.8049844718999243,-0.4472135954999579,-0.8944271909999159,-0.8944271909999159,-1.6099689437998486,-0.2683281572999747,-0.8944271909999159,1.3416407864998738,0.35777087639996635,0.5366563145999494,0.08944271909999159,-0.08944271909999159,0.8944271909999159,-0.8944271909999159,-0.4472135954999579,0.7155417527999327,0.35777087639996635,0.4472135954999579,-0.7155417527999327,0.08944271909999159,0.6260990336999411
0.726,0.40249223594996214,0.5813776741499453,0.9391485505499116,-0.13416407864998736,-0.7602631123499285,-0.40249223594996214,-0.9391485505499116,-0.9391485505499116,-1.5652475842498528,-0.31304951684997057,-0.8497058314499201,1.296919426949878,0.40249223594996214,0.5813776741499453,0.044721359549995794,-0.13416407864998736,0.8497058314499201,-0.9391485505499116,-0.4919349550499537,0.6708203932499369,0.40249223594996214,0.4919349550499537,-0.7602631123499285,0.13416407864998736,0.6708203932499369
0.728,0.4472135954999579,0.5366563145999494,0.8944271909999159,-0.08944271909999159,-0.7155417527999327,-0.35777087639996635,-0.8944271909999159,-0.8944271909999159,-1.6099689437998486,-0.2683281572999747,-0.8944271909999159,1.3416407864998738,0.4472135954999579,0.5366563145999494,0.08944271909999159,-0.17888543819998318,0.8049844718999243,-0.9838699100999074,-0.5366563145999494,0.7155417527999327,0.4472135954999579,0.5366563145999494,-0.7155417527999327,0.17888543819998318,0.6260990336999411
0.73,0.40249223594996214,0.5813776741499453,0.8497058314499201,-0.044721359549995794,-0.6708203932499369,-0.31304951684997057,-0.9391485505499116,-0.8497058314499201,-1.6546903033498443,-0.22360679774997896,-0.8497058314499201,1.296919426949878,0.4919349550499537,0.4919349550499537,0.044721359549995794,-0.22360679774997896,0.8497058314499201,-1.028591269649903,-0.5813776741499453,0.6708203932499369,0.40249223594996214,0.5813776741499453,-0.7602631123499285,0.13416407864998736,0.5813776741499453
0.732,0.35777087639996635,0.5366563145999494,0.8049844718999243,0.0,-0.7155417527999327,-0.2683281572999747,-0.9838699100999074,-0.8944271909999159,-1.6994116628998401,-0.2683281572999747,-0.8049844718999243,1.3416407864998738,0.4472135954999579,0.4472135954999579,0.08944271909999159,-0.2683281572999747,0.8049844718999243,-0.9838699100999074,-0.5366563145999494,0.6260990336999411,0.35777087639996635,0.5366563145999494,-0.7155417527999327,0.08944271909999159,0.5366563145999494
0.734,0.40249223594996214,0.4919349550499537,0.8497058314499201,0.044721359549995794,-0.7602631123499285,-0.22360679774997896,-1.028591269649903,-0.9391485505499116,-1.744133022449836,-0.22360679774997896,-0.7602631123499285,1.296919426949878,0.40249223594996214,0.4919349550499537,0.044721359549995794,-0.31304951684997057,0.8497058314499201,-1.028591269649903,-0.5813776741499453,0.6708203932499369,0.31304951684997057,0.5813776741499453,-0.7602631123499285,0.044721359549995794,0.4919349550499537
0.736,0.4472135954999579,0.5366563145999494,0.8944271909999159,0.08944271909999159,-0.7155417527999327,-0.2683281572999747,-0.9838699100999074,-0.8944271909999159,-1.6994116628998401,-0.2683281572999747,-0.8049844718999243,1.3416407864998738,0.4472135954999579,0.4472135954999579,0.0,-0.2683281572999747,0.8049844718999243,-0.9838699100999074,-0.6260990336999411,0.6260990336999411,0.35777087639996635,0.5366563145999494,-0.7155417527999327,0.0,0.4472135954999579
0.738,0.40249223594996214,0.4919349550499537,0.9391485505499116,0.044721359549995794,-0.7602631123499285,-0.22360679774997896,-0.9391485505499116,-0.8497058314499201,-1.6546903033498443,-0.22360679774997896,-0.7602631123499285,1.3863621460498696,0.4919349550499537,0.40249223594996214,-0.044721359549995794,-0.22360679774997896,0.8497058314499201,-1.028591269649903,-0.5813776741499453,0.6708203932499369,0.31304951684997057,0.4919349550499537,-0.7602631123499285,-0.044721359549995794,0.40249223594996214
0.74,0.35777087639996635,0.5366563145999494,0.8944271909999159,0.0,-0.8049844718999243,-0.17888543819998318,-0.8944271909999159,-0.8049844718999243,-1.6994116628998401,-0.17888543819998318,-0.8049844718999243,1.3416407864998738,0.4472135954999579,0.35777087639996635,0.0,-0.17888543819998318,0.8049844718999243,-1.073312629199899,-0.5366563145999494,0.6260990336999411,0.2683281572999747,0.5366563145999494,-0.8049844718999243,0.0,0.35777087639996635
0.742,0.40249223594996214,0.4919349550499537,0.8497058314499201,-0.044721359549995794,-0.8497058314499201,-0.13416407864998736,-0.9391485505499116,-0.8497058314499201,-1.744133022449836,-0.13416407864998736,-0.8497058314499201,1.296919426949878,0.40249223594996214,0.31304951684997057,0.044721359549995794,-0.22360679774997896,0.8497058314499201,-1.028591269649903,-0.4919349550499537,0.5813776741499453,0.31304951684997057,0.4919349550499537,-0.8497058314499201,0.044721359549995794,0.40249223594996214
0.744,0.35777087639996635,0.4472135954999579,0.8944271909999159,-0.08944271909999159,-0.8049844718999243,-0.08944271909999159,-0.8944271909999159,-0.8049844718999243,-1.6994116628998401,-0.08944271909999159,-0.8944271909999159,1.3416407864998738,0.4472135954999579,0.2683281572999747,0.0,-0.2683281572999747,0.8049844718999243,-0.9838699100999074,-0.4472135954999579,0.6260990336999411,0.35777087639996635,0.4472135954999579,-0.8049844718999243,0.0,0.4472135954999579
0.746,0.31304951684997057,0.40249223594996214,0.9391485505499116,-0.13416407864998736,-0.8497058314499201,-0.044721359549995794,-0.8497058314499201,-0.8497058314499201,-1.6546903033498443,-0.13416407864998736,-0.9391485505499116,1.3863621460498696,0.4919349550499537,0.22360679774997896,-0.044721359549995794,-0.31304951684997057,0.7602631123499285,-1.028591269649903,-0.4919349550499537,0.5813776741499453,0.40249223594996214,0.4919349550499537,-0.7602631123499285,0.044721359549995794,0.40249223594996214
0.748,0.35777087639996635,0.4472135954999579,0.8944271909999159,-0.08944271909999159,-0.8049844718999243,0.0,-0.8944271909999159,-0.8049844718999243,-1.6994116628998401,-0.08944271909999159,-0.8944271909999159,1.3416407864998738,0.4472135954999579,0.17888543819998318,-0.08944271909999159,-0.35777087639996635,0.7155417527999327,-1.073312629199899,-0.4472135954999579,0.6260990336999411,0.4472135954999579,0.4472135954999579,-0.7155417527999327,0.08944271909999159,0.4472135954999579
0.75,0.31304951684997057,0.40249223594996214,0.8497058314499201,-0.13416407864998736,-0.8497058314499201,-0.044721359549995794,-0.9391485505499116,-0.8497058314499201,-1.6546903033498443,-0.13416407864998736,-0.9391485505499116,1.3863621460498696,0.40249223594996214,0.13416407864998736,-0.044721359549995794,-0.40249223594996214,0.7602631123499285,-1.028591269649903,-0.40249223594996214,0.6708203932499369,0.4919349550499537,0.40249223594996214,-0.6708203932499369,0.13416407864998736,0.4919349550499537
0.752,0.35777087639996635,0.35777087639996635,0.8049844718999243,-0.17888543819998318,-0.8049844718999243,-0.08944271909999159,-0.9838699100999074,-0.8944271909999159,-1.6994116628998401,-0.08944271909999159,-0.9838699100999074,1.3416407864998738,0.4472135954999579,0.17888543819998318,-0.08944271909999159,-0.35777087639996635,0.7155417527999327,-0.9838699100999074,-0.35777087639996635,0.6260990336999411,0.4472135954999579,0.4472135954999579,-0.6260990336999411,0.08944271909999159,0.5366563145999494
0.754,0.31304951684997057,0.40249223594996214,0.8497058314499201,-0.22360679774997896,-0.8497058314499201,-0.13416407864998736,-1.028591269649903,-0.8497058314499201,-1.744133022449836,-0.044721359549995794,-0.9391485505499116,1.296919426949878,0.4919349550499537,0.22360679774997896,-0.044721359549995794,-0.31304951684997057,0.6708203932499369,-0.9391485505499116,-0.31304951684997057,0.5813776741499453,0.40249223594996214,0.4919349550499537,-0.6708203932499369,0.13416407864998736,0.4919349550499537
0.756,0.35777087639996635,0.35777087639996635,0.8049844718999243,-0.2683281572999747,-0.8944271909999159,-0.08944271909999159,-1.073312629199899,-0.8049844718999243,-1.6994116628998401,0.0,-0.8944271909999159,1.2521980673998823,0.4472135954999579,0.2683281572999747,-0.08944271909999159,-0.35777087639996635,0.7155417527999327,-0.9838699100999074,-0.35777087639996635,0.5366563145999494,0.4472135954999579,0.4472135954999579,-0.7155417527999327,0.17888543819998318,0.5366563145999494
0.758,0.40249223594996214,0.31304951684997057,0.8497058314499201,-0.22360679774997896,-0.9391485505499116,-0.044721359549995794,-1.118033988749895,-0.8497058314499201,-1.6546903033498443,-0.044721359549995794,-0.8497058314499201,1.296919426949878,0.40249223594996214,0.31304951684997057,-0.044721359549995794,-0.31304951684997057,0.7602631123499285,-0.9391485505499116,-0.40249223594996214,0.5813776741499453,0.4919349550499537,0.4919349550499537,-0.6708203932499369,0.13416407864998736,0.5813776741499453
0.76,0.35777087639996635,0.35777087639996635,0.8944271909999159,-0.2683281572999747,-0.9838699100999074,0.0,-1.073312629199899,-0.8944271909999159,-1.6994116628998401,-0.08944271909999159,-0.8944271909999159,1.3416407864998738,0.35777087639996635,0.35777087639996635,-0.08944271909999159,-0.35777087639996635,0.8049844718999243,-0.8944271909999159,-0.4472135954999579,0.5366563145999494,0.5366563145999494,0.4472135954999579,-0.7155417527999327,0.08944271909999159,0.5366563145999494
0.762,0.31304951684997057,0.40249223594996214,0.8497058314499201,-0.22360679774997896,-0.9391485505499116,-0.044721359549995794,-1.118033988749895,-0.8497058314499201,-1.744133022449836,-0.13416407864998736,-0.9391485505499116,1.3863621460498696,0.31304951684997057,0.40249223594996214,-0.044721359549995794,-0.40249223594996214,0.8497058314499201,-0.9391485505499116,-0.4919349550499537,0.5813776741499453,0.5813776741499453,0.4919349550499537,-0.7602631123499285,0.044721359549995794,0.4919349550499537
0.764,0.2683281572999747,0.4472135954999579,0.8944271909999159,-0.2683281572999747,-0.9838699100999074,0.0,-1.1627553482998907,-0.8049844718999243,-1.6994116628998401,-0.08944271909999159,-0.8944271909999159,1.3416407864998738,0.35777087639996635,0.35777087639996635,0.0,-0.4472135954999579,0.8049844718999243,-0.8944271909999159,-0.5366563145999494,0.6260990336999411,0.6260990336999411,0.5366563145999494,-0.7155417527999327,0.08944271909999159,0.5366563145999494
0.766,0.22360679774997896,0.4919349550499537,0.8497058314499201,-0.31304951684997057,-1.028591269649903,-0.044721359549995794,-1.118033988749895,-0.8497058314499201,-1.744133022449836,-0.044721359549995794,-0.9391485505499116,1.3863621460498696,0.31304951684997057,0.40249223594996214,0.044721359549995794,-0.40249223594996214,0.7602631123499285,-0.9391485505499116,-0.5813776741499453,0.6708203932499369,0.6708203932499369,0.5813776741499453,-0.7602631123499285,0.044721359549995794,0.5813776741499453
0.768,0.17888543819998318,0.4472135954999579,0.8049844718999243,-0.2683281572999747,-1.073312629199899,-0.08944271909999159,-1.073312629199899,-0.8944271909999159,-1.6994116628998401,0.0,-0.9838699100999074,1.4310835055998654,0.2683281572999747,0.35777087639996635,0.0,-0.35777087639996635,0.8049844718999243,-0.9838699100999074,-0.5366563145999494,0.6260990336999411,0.6260990336999411,0.5366563145999494,-0.7155417527999327,0.08944271909999159,0.6260990336999411
0.77,0.22360679774997896,0.40249223594996214,0.7602631123499285,-0.22360679774997896,-1.118033988749895,-0.044721359549995794,-1.118033988749895,-0.9391485505499116,-1.6546903033498443,0.044721359549995794,-1.028591269649903,1.3863621460498696,0.31304951684997057,0.40249223594996214,0.044721359549995794,-0.31304951684997057,0.8497058314499201,-1.028591269649903,-0.5813776741499453,0.6708203932499369,0.6708203932499369,0.4919349550499537,-0.7602631123499285,0.13416407864998736,0.6708203932499369
0.772,0.17888543819998318,0.4472135954999579,0.8049844718999243,-0.17888543819998318,-1.073312629199899,-0.08944271909999159,-1.073312629199899,-0.9838699100999074,-1.6994116628998401,0.0,-0.9838699100999074,1.4310835055998654,0.35777087639996635,0.4472135954999579,0.0,-0.2683281572999747,0.8944271909999159,-0.9838699100999074,-0.6260990336999411,0.6260990336999411,0.7155417527999327,0.4472135954999579,-0.8049844718999243,0.17888543819998318,0.6260990336999411
0.774,0.22360679774997896,0.4919349550499537,0.7602631123499285,-0.13416407864998736,-1.118033988749895,-0.044721359549995794,-1.028591269649903,-1.028591269649903,-1.744133022449836,0.044721359549995794,-1.028591269649903,1.4758048651498612,0.40249223594996214,0.4919349550499537,0.044721359549995794,-0.31304951684997057,0.8497058314499201,-1.028591269649903,-0.6708203932499369,0.5813776741499453,0.7602631123499285,0.40249223594996214,-0.7602631123499285,0.22360679774997896,0.6708203932499369
0.776,0.2683281572999747,0.5366563145999494,0.8049844718999243,-0.17888543819998318,-1.073312629199899,-0.08944271909999159,-1.073312629199899,-0.9838699100999074,-1.6994116628998401,0.08944271909999159,-0.9838699100999074,1.520526224699857,0.4472135954999579,0.5366563145999494,0.0,-0.35777087639996635,0.8944271909999159,-1.073312629199899,-0.6260990336999411,0.5366563145999494,0.8049844718999243,0.35777087639996635,-0.7155417527999327,0.2683281572999747,0.6260990336999411
0.778,0.31304951684997057,0.5813776741499453,0.7602631123499285,-0.13416407864998736,-1.118033988749895,-0.044721359549995794,-1.028591269649903,-0.9391485505499116,-1.6546903033498443,0.044721359549995794,-0.9391485505499116,1.4758048651498612,0.4919349550499537,0.4919349550499537,0.044721359549995794,-0.31304951684997057,0.9391485505499116,-1.118033988749895,-0.6708203932499369,0.4919349550499537,0.8497058314499201,0.31304951684997057,-0.6708203932499369,0.22360679774997896,0.5813776741499453
0.78,0.2683281572999747,0.6260990336999411,0.8049844718999243,-0.08944271909999159,-1.1627553482998907,0.0,-0.9838699100999074,-0.9838699100999074,-1.6099689437998486,0.08944271909999159,-0.9838699100999074,1.520526224699857,0.4472135954999579,0.4472135954999579,0.08944271909999159,-0.2683281572999747,0.8944271909999159,-1.073312629199899,-0.6260990336999411,0.4472135954999579,0.8944271909999159,0.2683281572999747,-0.6260990336999411,0.2683281572999747,0.5366563145999494
0.782,0.22360679774997896,0.5813776741499453,0.7602631123499285,-0.044721359549995794,-1.118033988749895,0.044721359549995794,-0.9391485505499116,-1.028591269649903,-1.6546903033498443,0.044721359549995794,-1.028591269649903,1.4758048651498612,0.4919349550499537,0.40249223594996214,0.13416407864998736,-0.22360679774997896,0.8497058314499201,-1.028591269649903,-0.6708203932499369,0.4919349550499537,0.9391485505499116,0.31304951684997057,-0.5813776741499453,0.31304951684997057,0.4919349550499537
0.784,0.2683281572999747,0.6260990336999411,0.7155417527999327,-0.08944271909999159,-1.073312629199899,0.0,-0.9838699100999074,-1.073312629199899,-1.6994116628998401,0.0,-0.9838699100999074,1.520526224699857,0.5366563145999494,0.4472135954999579,0.08944271909999159,-0.17888543819998318,0.8944271909999159,-0.9838699100999074,-0.6260990336999411,0.4472135954999579,0.9838699100999074,0.35777087639996635,-0.5366563145999494,0.35777087639996635,0.4472135954999579
0.786,0.31304951684997057,0.5813776741499453,0.6708203932499369,-0.044721359549995794,-1.118033988749895,0.044721359549995794,-1.028591269649903,-1.028591269649903,-1.744133022449836,-0.044721359549995794,-0.9391485505499116,1.5652475842498528,0.5813776741499453,0.40249223594996214,0.13416407864998736,-0.13416407864998736,0.9391485505499116,-1.028591269649903,-0.6708203932499369,0.40249223594996214,1.028591269649903,0.31304951684997057,-0.4919349550499537,0.40249223594996214,0.40249223594996214
0.788,0.35777087639996635,0.5366563145999494,0.7155417527999327,0.0,-1.073312629199899,0.0,-1.073312629199899,-0.9838699100999074,-1.7888543819998317,0.0,-0.9838699100999074,1.6099689437998486,0.6260990336999411,0.4472135954999579,0.08944271909999159,-0.17888543819998318,0.9838699100999074,-1.073312629199899,-0.6260990336999411,0.35777087639996635,0.9838699100999074,0.35777087639996635,-0.5366563145999494,0.4472135954999579,0.35777087639996635
0.79,0.40249223594996214,0.5813776741499453,0.6708203932499369,0.044721359549995794,-1.028591269649903,-0.044721359549995794,-1.118033988749895,-1.028591269649903,-1.8335757415498275,0.044721359549995794,-0.9391485505499116,1.5652475842498528,0.5813776741499453,0.4919349550499537,0.13416407864998736,-0.22360679774997896,0.9391485505499116,-1.118033988749895,-0.6708203932499369,0.31304951684997057,1.028591269649903,0.31304951684997057,-0.4919349550499537,0.40249223594996214,0.31304951684997057
0.792,0.35777087639996635,0.5366563145999494,0.7155417527999327,0.0,-1.073312629199899,-0.08944271909999159,-1.073312629199899,-0.9838699100999074,-1.8782971010998233,0.08944271909999159,-0.9838699100999074,1.520526224699857,0.5366563145999494,0.4472135954999579,0.08944271909999159,-0.2683281572999747,0.8944271909999159,-1.1627553482998907,-0.6260990336999411,0.2683281572999747,1.073312629199899,0.35777087639996635,-0.5366563145999494,0.4472135954999579,0.35777087639996635
0.794,0.40249223594996214,0.4919349550499537,0.7602631123499285,0.044721359549995794,-1.028591269649903,-0.13416407864998736,-1.028591269649903,-1.028591269649903,-1.923018460649819,0.13416407864998736,-1.028591269649903,1.4758048651498612,0.4919349550499537,0.4919349550499537,0.13416407864998736,-0.22360679774997896,0.9391485505499116,-1.2074767078498865,-0.5813776741499453,0.31304951684997057,1.118033988749895,0.31304951684997057,-0.5813776741499453,0.40249223594996214,0.31304951684997057
0.796,0.35777087639996635,0.4472135954999579,0.7155417527999327,0.08944271909999159,-0.9838699100999074,-0.17888543819998318,-1.073312629199899,-1.073312629199899,-1.8782971010998233,0.17888543819998318,-0.9838699100999074,1.4310835055998654,0.4472135954999579,0.4472135954999579,0.17888543819998318,-0.2683281572999747,0.9838699100999074,-1.1627553482998907,-0.6260990336999411,0.35777087639996635,1.073312629199899,0.35777087639996635,-0.5366563145999494,0.35777087639996635,0.35777087639996635
0.798,0.31304951684997057,0.40249223594996214,0.6708203932499369,0.044721359549995794,-0.9391485505499116,-0.13416407864998736,-1.118033988749895,-1.118033988749895,-1.8335757415498275,0.13416407864998736,-1.028591269649903,1.4758048651498612,0.40249223594996214,0.40249223594996214,0.22360679774997896,-0.22360679774997896,1.028591269649903,-1.118033988749895,-0.5813776741499453,0.31304951684997057,1.118033988749895,0.40249223594996214,-0.4919349550499537,0.31304951684997057,0.31304951684997057
0.8,0.2683281572999747,0.4472135954999579,0.6260990336999411,0.0,-0.9838699100999074,-0.17888543819998318,-1.073312629199899,-1.1627553482998907,-1.7888543819998317,0.08944271909999159,-0.9838699100999074,1.4310835055998654,0.35777087639996635,0.4472135954999579,0.17888543819998318,-0.2683281572999747,0.9838699100999074,-1.1627553482998907,-0.5366563145999494,0.35777087639996635,1.073312629199899,0.35777087639996635,-0.4472135954999579,0.2683281572999747,0.2683281572999747
0.802,0.22360679774997896,0.40249223594996214,0.5813776741499453,0.044721359549995794,-1.028591269649903,-0.22360679774997896,-1.028591269649903,-1.118033988749895,-1.744133022449836,0.044721359549995794,-1.028591269649903,1.4758048651498612,0.31304951684997057,0.40249223594996214,0.22360679774997896,-0.22360679774997896,1.028591269649903,-1.118033988749895,-0.4919349550499537,0.31304951684997057,1.028591269649903,0.40249223594996214,-0.4919349550499537,0.31304951684997057,0.31304951684997057
0.804,0.17888543819998318,0.4472135954999579,0.5366563145999494,0.08944271909999159,-0.9838699100999074,-0.2683281572999747,-0.9838699100999074,-1.1627553482998907,-1.6994116628998401,0.08944271909999159,-0.9838699100999074,1.4310835055998654,0.2683281572999747,0.35777087639996635,0.2683281572999747,-0.2683281572999747,1.073312629199899,-1.073312629199899,-0.5366563145999494,0.35777087639996635,0.9838699100999074,0.35777087639996635,-0.4472135954999579,0.35777087639996635,0.35777087639996635
0.806,0.22360679774997896,0.40249223594996214,0.4919349550499537,0.13416407864998736,-0.9391485505499116,-0.31304951684997057,-0.9391485505499116,-1.2074767078498865,-1.744133022449836,0.044721359549995794,-0.9391485505499116,1.4758048651498612,0.31304951684997057,0.40249223594996214,0.22360679774997896,-0.22360679774997896,1.028591269649903,-1.118033988749895,-0.5813776741499453,0.31304951684997057,0.9391485505499116,0.40249223594996214,-0.40249223594996214,0.31304951684997057,0.31304951684997057
0.808,0.17888543819998318,0.4472135954999579,0.5366563145999494,0.17888543819998318,-0.8944271909999159,-0.2683281572999747,-0.9838699100999074,-1.2521980673998823,-1.6994116628998401,0.0,-0.9838699100999074,1.520526224699857,0.35777087639996635,0.4472135954999579,0.17888543819998318,-0.2683281572999747,1.073312629199899,-1.073312629199899,-0.6260990336999411,0.35777087639996635,0.8944271909999159,0.4472135954999579,-0.35777087639996635,0.35777087639996635,0.35777087639996635
0.81,0.13416407864998736,0.40249223594996214,0.4919349550499537,0.13416407864998736,-0.9391485505499116,-0.31304951684997057,-1.028591269649903,-1.2074767078498865,-1.744133022449836,0.044721359549995794,-1.028591269649903,1.5652475842498528,0.40249223594996214,0.40249223594996214,0.22360679774997896,-0.31304951684997057,1.028591269649903,-1.118033988749895,-0.5813776741499453,0.40249223594996214,0.8497058314499201,0.4919349550499537,-0.31304951684997057,0.31304951684997057,0.31304951684997057
0.812,0.17888543819998318,0.35777087639996635,0.4472135954999579,0.08944271909999159,-0.9838699100999074,-0.35777087639996635,-1.073312629199899,-1.2521980673998823,-1.6994116628998401,0.0,-1.073312629199899,1.6099689437998486,0.4472135954999579,0.35777087639996635,0.17888543819998318,-0.35777087639996635,1.073312629199899,-1.073312629199899,-0.5366563145999494,0.4472135954999579,0.8049844718999243,0.5366563145999494,-0.2683281572999747,0.35777087639996635,0.2683281572999747
0.814,0.13416407864998736,0.31304951684997057,0.40249223594996214,0.13416407864998736,-1.028591269649903,-0.31304951684997057,-1.118033988749895,-1.296919426949878,-1.6546903033498443,-0.044721359549995794,-1.118033988749895,1.6546903033498443,0.40249223594996214,0.40249223594996214,0.22360679774997896,-0.31304951684997057,1.028591269649903,-1.028591269649903,-0.4919349550499537,0.40249223594996214,0.8497058314499201,0.4919349550499537,-0.22360679774997896,0.31304951684997057,0.31304951684997057
0.816,0.17888543819998318,0.2683281572999747,0.4472135954999579,0.17888543819998318,-1.073312629199899,-0.2683281572999747,-1.073312629199899,-1.2521980673998823,-1.6994116628998401,-0.08944271909999159,-1.073312629199899,1.6994116628998401,0.4472135954999579,0.4472135954999579,0.2683281572999747,-0.2683281572999747,1.073312629199899,-0.9838699100999074,-0.4472135954999579,0.35777087639996635,0.8049844718999243,0.4472135954999579,-0.17888543819998318,0.2683281572999747,0.2683281572999747
0.818,0.22360679774997896,0.22360679774997896,0.40249223594996214,0.13416407864998736,-1.028591269649903,-0.22360679774997896,-1.028591269649903,-1.296919426949878,-1.744133022449836,-0.044721359549995794,-1.118033988749895,1.744133022449836,0.40249223594996214,0.4919349550499537,0.31304951684997057,-0.31304951684997057,1.118033988749895,-1.028591269649903,-0.40249223594996214,0.40249223594996214,0.7602631123499285,0.40249223594996214,-0.13416407864998736,0.22360679774997896,0.31304951684997057
0.82,0.17888543819998318,0.2683281572999747,0.4472135954999579,0.08944271909999159,-0.9838699100999074,-0.2683281572999747,-1.073312629199899,-1.2521980673998823,-1.7888543819998317,-0.08944271909999159,-1.1627553482998907,1.7888543819998317,0.4472135954999579,0.5366563145999494,0.35777087639996635,-0.2683281572999747,1.1627553482998907,-0.9838699100999074,-0.4472135954999579,0.35777087639996635,0.8049844718999243,0.4472135954999579,-0.17888543819998318,0.2683281572999747,0.35777087639996635
0.822,0.13416407864998736,0.22360679774997896,0.40249223594996214,0.13416407864998736,-1.028591269649903,-0.31304951684997057,-1.118033988749895,-1.2074767078498865,-1.8335757415498275,-0.13416407864998736,-1.118033988749895,1.744133022449836,0.4919349550499537,0.4919349550499537,0.40249223594996214,-0.31304951684997057,1.118033988749895,-1.028591269649903,-0.40249223594996214,0.40249223594996214,0.7602631123499285,0.40249223594996214,-0.13416407864998736,0.31304951684997057,0.40249223594996214
0.824,0.17888543819998318,0.2683281572999747,0.35777087639996635,0.17888543819998318,-0.9838699100999074,-0.35777087639996635,-1.073312629199899,-1.1627553482998907,-1.8782971010998233,-0.17888543819998318,-1.073312629199899,1.6994116628998401,0.5366563145999494,0.5366563145999494,0.4472135954999579,-0.35777087639996635,1.1627553482998907,-0.9838699100999074,-0.4472135954999579,0.35777087639996635,0.7155417527999327,0.35777087639996635,-0.08944271909999159,0.35777087639996635,0.35777087639996635
0.826,0.22360679774997896,0.22360679774997896,0.31304951684997057,0.22360679774997896,-0.9391485505499116,-0.40249223594996214,-1.118033988749895,-1.118033988749895,-1.923018460649819,-0.13416407864998736,-1.028591269649903,1.6546903033498443,0.4919349550499537,0.5813776741499453,0.4919349550499537,-0.31304951684997057,1.2074767078498865,-0.9391485505499116,-0.4919349550499537,0.31304951684997057,0.6708203932499369,0.31304951684997057,-0.044721359549995794,0.40249223594996214,0.31304951684997057
0.828,0.2683281572999747,0.2683281572999747,0.35777087639996635,0.2683281572999747,-0.8944271909999159,-0.4472135954999579,-1.1627553482998907,-1.073312629199899,-1.9677398201998149,-0.17888543819998318,-0.9838699100999074,1.6994116628998401,0.4472135954999579,0.5366563145999494,0.5366563145999494,-0.35777087639996635,1.2521980673998823,-0.9838699100999074,-0.5366563145999494,0.35777087639996635,0.6260990336999411,0.2683281572999747,0.0,0.4472135954999579,0.35777087639996635
0.83,0.22360679774997896,0.31304951684997057,0.31304951684997057,0.22360679774997896,-0.8497058314499201,-0.4919349550499537,-1.2074767078498865,-1.028591269649903,-2.0124611797498106,-0.22360679774997896,-0.9391485505499116,1.744133022449836,0.40249223594996214,0.5813776741499453,0.5813776741499453,-0.40249223594996214,1.296919426949878,-1.028591269649903,-0.5813776741499453,0.31304951684997057,0.6708203932499369,0.31304951684997057,0.044721359549995794,0.40249223594996214,0.31304951684997057
0.832,0.2683281572999747,0.2683281572999747,0.35777087639996635,0.17888543819998318,-0.8049844718999243,-0.5366563145999494,-1.2521980673998823,-0.9838699100999074,-2.057182539299806,-0.17888543819998318,-0.8944271909999159,1.7888543819998317,0.4472135954999579,0.6260990336999411,0.6260990336999411,-0.35777087639996635,1.3416407864998738,-0.9838699100999074,-0.5366563145999494,0.35777087639996635,0.6260990336999411,0.2683281572999747,0.0,0.4472135954999579,0.2683281572999747
0.834,0.31304951684997057,0.22360679774997896,0.31304951684997057,0.13416407864998736,-0.8497058314499201,-0.4919349550499537,-1.296919426949878,-0.9391485505499116,-2.0124611797498106,-0.22360679774997896,-0.8497058314499201,1.8335757415498275,0.4919349550499537,0.5813776741499453,0.5813776741499453,-0.40249223594996214,1.3863621460498696,-1.028591269649903,-0.4919349550499537,0.40249223594996214,0.5813776741499453,0.22360679774997896,0.044721359549995794,0.4919349550499537,0.22360679774997896
0.836,0.35777087639996635,0.2683281572999747,0.35777087639996635,0.17888543819998318,-0.8944271909999159,-0.4472135954999579,-1.3416407864998738,-0.8944271909999159,-1.9677398201998149,-0.2683281572999747,-0.8944271909999159,1.7888543819998317,0.4472135954999579,0.5366563145999494,0.6260990336999411,-0.35777087639996635,1.4310835055998654,-1.073312629199899,-0.4472135954999579,0.35777087639996635,0.5366563145999494,0.17888543819998318,0.0,0.5366563145999494,0.2683281572999747
0.838,0.31304951684997057,0.22360679774997896,0.31304951684997057,0.22360679774997896,-0.9391485505499116,-0.4919349550499537,-1.296919426949878,-0.8497058314499201,-2.0124611797498106,-0.31304951684997057,-0.8497058314499201,1.8335757415498275,0.40249223594996214,0.4919349550499537,0.6708203932499369,-0.40249223594996214,1.3863621460498696,-1.118033988749895,-0.40249223594996214,0.40249223594996214,0.5813776741499453,0.13416407864998736,0.044721359549995794,0.5813776741499453,0.22360679774997896
0.84,0.35777087639996635,0.2683281572999747,0.35777087639996635,0.2683281572999747,-0.9838699100999074,-0.5366563145999494,-1.3416407864998738,-0.8944271909999159,-2.057182539299806,-0.35777087639996635,-0.8944271909999159,1.7888543819998317,0.35777087639996635,0.5366563145999494,0.6260990336999411,-0.35777087639996635,1.3416407864998738,-1.1627553482998907,-0.35777087639996635,0.35777087639996635,0.5366563145999494,0.08944271909999159,0.08944271909999159,0.6260990336999411,0.17888543819998318
0.842,0.31304951684997057,0.22360679774997896,0.40249223594996214,0.31304951684997057,-1.028591269649903,-0.5813776741499453,-1.3863621460498696,-0.8497058314499201,-2.101903898849802,-0.40249223594996214,-0.8497058314499201,1.744133022449836,0.40249223594996214,0.4919349550499537,0.5813776741499453,-0.31304951684997057,1.3863621460498696,-1.2074767078498865,-0.40249223594996214,0.40249223594996214,0.4919349550499537,0.044721359549995794,0.13416407864998736,0.6708203932499369,0.13416407864998736
0.844,0.35777087639996635,0.2683281572999747,0.4472135954999579,0.2683281572999747,-1.073312629199899,-0.5366563145999494,-1.3416407864998738,-0.8944271909999159,-2.146625258399798,-0.4472135954999579,-0.8049844718999243,1.7888543819998317,0.35777087639996635,0.4472135954999579,0.6260990336999411,-0.35777087639996635,1.4310835055998654,-1.2521980673998823,-0.35777087639996635,0.4472135954999579,0.4472135954999579,0.0,0.17888543819998318,0.6260990336999411,0.08944271909999159
0.846,0.31304951684997057,0.31304951684997057,0.40249223594996214,0.22360679774997896,-1.028591269649903,-0.4919349550499537,-1.3863621460498696,-0.8497058314499201,-2.101903898849802,-0.40249223594996214,-0.7602631123499285,1.744133022449836,0.40249223594996214,0.40249223594996214,0.6708203932499369,-0.31304951684997057,1.4758048651498612,-1.2074767078498865,-0.40249223594996214,0.40249223594996214,0.40249223594996214,0.044721359549995794,0.13416407864998736,0.6708203932499369,0.044721359549995794
0.848,0.35777087639996635,0.2683281572999747,0.35777087639996635,0.17888543819998318,-1.073312629199899,-0.5366563145999494,-1.4310835055998654,-0.8944271909999159,-2.057182539299806,-0.4472135954999579,-0.8049844718999243,1.6994116628998401,0.4472135954999579,0.4472135954999579,0.7155417527999327,-0.35777087639996635,1.520526224699857,-1.1627553482998907,-0.4472135954999579,0.35777087639996635,0.4472135954999579,0.0,0.08944271909999159,0.7155417527999327,0.08944271909999159
0.85,0.31304951684997057,0.31304951684997057,0.40249223594996214,0.22360679774997896,-1.028591269649903,-0.4919349550499537,-1.4758048651498612,-0.9391485505499116,-2.0124611797498106,-0.40249223594996214,-0.7602631123499285,1.744133022449836,0.4919349550499537,0.40249223594996214,0.7602631123499285,-0.40249223594996214,1.5652475842498528,-1.2074767078498865,-0.4919349550499537,0.31304951684997057,0.40249223594996214,0.044721359549995794,0.044721359549995794,0.7602631123499285,0.13416407864998736
0.852,0.35777087639996635,0.2683281572999747,0.35777087639996635,0.17888543819998318,-1.073312629199899,-0.5366563145999494,-1.4310835055998654,-0.8944271909999159,-2.057182539299806,-0.4472135954999579,-0.8049844718999243,1.6994116628998401,0.5366563145999494,0.4472135954999579,0.8049844718999243,-0.35777087639996635,1.520526224699857,-1.2521980673998823,-0.4472135954999579,0.2683281572999747,0.4472135954999579,0.0,0.08944271909999159,0.8049844718999243,0.08944271909999159
0.854,0.40249223594996214,0.22360679774997896,0.31304951684997057,0.22360679774997896,-1.118033988749895,-0.5813776741499453,-1.4758048651498612,-0.8497058314499201,-2.101903898849802,-0.40249223594996214,-0.7602631123499285,1.6546903033498443,0.4919349550499537,0.4919349550499537,0.8497058314499201,-0.31304951684997057,1.4758048651498612,-1.2074767078498865,-0.4919349550499537,0.31304951684997057,0.4919349550499537,-0.044721359549995794,0.13416407864998736,0.8497058314499201,0.13416407864998736
0.856,0.35777087639996635,0.17888543819998318,0.35777087639996635,0.2683281572999747,-1.1627553482998907,-0.6260990336999411,-1.4310835055998654,-0.8049844718999243,-2.146625258399798,-0.4472135954999579,-0.7155417527999327,1.6099689437998486,0.5366563145999494,0.5366563145999494,0.8049844718999243,-0.35777087639996635,1.520526224699857,-1.1627553482998907,-0.4472135954999579,0.2683281572999747,0.4472135954999579,0.0,0.08944271909999159,0.8944271909999159,0.08944271909999159
0.858,0.40249223594996214,0.13416407864998736,0.31304951684997057,0.22360679774997896,-1.118033988749895,-0.6708203932499369,-1.4758048651498612,-0.8497058314499201,-2.101903898849802,-0.40249223594996214,-0.6708203932499369,1.6546903033498443,0.5813776741499453,0.5813776741499453,0.7602631123499285,-0.40249223594996214,1.5652475842498528,-1.118033988749895,-0.4919349550499537,0.22360679774997896,0.4919349550499537,0.044721359549995794,0.044721359549995794,0.9391485505499116,0.13416407864998736
0.86,0.4472135954999579,0.08944271909999159,0.2683281572999747,0.17888543819998318,-1.073312629199899,-0.7155417527999327,-1.4310835055998654,-0.8049844718999243,-2.146625258399798,-0.35777087639996635,-0.6260990336999411,1.6099689437998486,0.6260990336999411,0.6260990336999411,0.8049844718999243,-0.4472135954999579,1.520526224699857,-1.073312629199899,-0.4472135954999579,0.17888543819998318,0.4472135954999579,0.0,0.0,0.8944271909999159,0.08944271909999159
0.862,0.40249223594996214,0.044721359549995794,0.31304951684997057,0.22360679774997896,-1.028591269649903,-0.7602631123499285,-1.4758048651498612,-0.8497058314499201,-2.191346617949794,-0.31304951684997057,-0.5813776741499453,1.5652475842498528,0.6708203932499369,0.5813776741499453,0.8497058314499201,-0.40249223594996214,1.5652475842498528,-1.118033988749895,-0.40249223594996214,0.13416407864998736,0.40249223594996214,-0.044721359549995794,-0.044721359549995794,0.8497058314499201,0.13416407864998736
0.864,0.4472135954999579,0.0,0.35777087639996635,0.17888543819998318,-0.9838699100999074,-0.7155417527999327,-1.4310835055998654,-0.8049844718999243,-2.146625258399798,-0.2683281572999747,-0.5366563145999494,1.6099689437998486,0.6260990336999411,0.6260990336999411,0.8049844718999243,-0.35777087639996635,1.520526224699857,-1.073312629199899,-0.35777087639996635,0.17888543819998318,0.35777087639996635,-0.08944271909999159,-0.08944271909999159,0.8049844718999243,0.08944271909999159
0.866,0.4919349550499537,-0.044721359549995794,0.31304951684997057,0.22360679774997896,-1.028591269649903,-0.6708203932499369,-1.3863621460498696,-0.8497058314499201,-2.101903898849802,-0.31304951684997057,-0.4919349550499537,1.5652475842498528,0.6708203932499369,0.5813776741499453,0.7602631123499285,-0.40249223594996214,1.4758048651498612,-1.028591269649903,-0.40249223594996214,0.22360679774997896,0.40249223594996214,-0.13416407864998736,-0.13416407864998736,0.7602631123499285,0.044721359549995794
0.868,0.5366563145999494,-0.08944271909999159,0.2683281572999747,0.17888543819998318,-0.9838699100999074,-0.7155417527999327,-1.4310835055998654,-0.8049844718999243,-2.146625258399798,-0.2683281572999747,-0.5366563145999494,1.520526224699857,0.6260990336999411,0.5366563145999494,0.7155417527999327,-0.4472135954999579,1.4310835055998654,-1.073312629199899,-0.4472135954999579,0.2683281572999747,0.35777087639996635,-0.08944271909999159,-0.08944271909999159,0.8049844718999243,0.08944271909999159
0.87,0.5813776741499453,-0.13416407864998736,0.31304951684997057,0.22360679774997896,-1.028591269649903,-0.7602631123499285,-1.4758048651498612,-0.8497058314499201,-2.101903898849802,-0.31304951684997057,-0.5813776741499453,1.4758048651498612,0.5813776741499453,0.4919349550499537,0.6708203932499369,-0.40249223594996214,1.3863621460498696,-1.118033988749895,-0.40249223594996214,0.22360679774997896,0.31304951684997057,-0.044721359549995794,-0.13416407864998736,0.7602631123499285,0.13416407864998736
0.872,0.5366563145999494,-0.08944271909999159,0.35777087639996635,0.17888543819998318,-1.073312629199899,-0.8049844718999243,-1.520526224699857,-0.8049844718999243,-2.146625258399798,-0.2683281572999747,-0.5366563145999494,1.4310835055998654,0.6260990336999411,0.5366563145999494,0.7155417527999327,-0.4472135954999579,1.3416407864998738,-1.1627553482998907,-0.35777087639996635,0.17888543819998318,0.2683281572999747,-0.08944271909999159,-0.08944271909999159,0.8049844718999243,0.08944271909999159
0.874,0.5813776741499453,-0.044721359549995794,0.31304951684997057,0.13416407864998736,-1.118033988749895,-0.8497058314499201,-1.5652475842498528,-0.8497058314499201,-2.191346617949794,-0.22360679774997896,-0.4919349550499537,1.3863621460498696,0.6708203932499369,0.4919349550499537,0.6708203932499369,-0.4919349550499537,1.3863621460498696,-1.118033988749895,-0.31304951684997057,0.22360679774997896,0.31304951684997057,-0.044721359549995794,-0.044721359549995794,0.7602631123499285,0.13416407864998736
0.876,0.6260990336999411,0.0,0.35777087639996635,0.08944271909999159,-1.1627553482998907,-0.8944271909999159,-1.520526224699857,-0.8049844718999243,-2.146625258399798,-0.2683281572999747,-0.5366563145999494,1.4310835055998654,0.7155417527999327,0.4472135954999579,0.7155417527999327,-0.5366563145999494,1.4310835055998654,-1.073312629199899,-0.2683281572999747,0.17888543819998318,0.2683281572999747,0.0,0.0,0.8049844718999243,0.17888543819998318
0.878,0.5813776741499453,0.044721359549995794,0.31304951684997057,0.044721359549995794,-1.2074767078498865,-0.8497058314499201,-1.4758048651498612,-0.7602631123499285,-2.101903898849802,-0.31304951684997057,-0.5813776741499453,1.3863621460498696,0.6708203932499369,0.40249223594996214,0.6708203932499369,-0.4919349550499537,1.4758048651498612,-1.118033988749895,-0.22360679774997896,0.13416407864998736,0.22360679774997896,-0.044721359549995794,0.044721359549995794,0.7602631123499285,0.13416407864998736
0.88,0.5366563145999494,0.08944271909999159,0.2683281572999747,0.0,-1.2521980673998823,-0.8944271909999159,-1.4310835055998654,-0.7155417527999327,-2.146625258399798,-0.2683281572999747,-0.6260990336999411,1.3416407864998738,0.7155417527999327,0.35777087639996635,0.6260990336999411,-0.5366563145999494,1.4310835055998654,-1.073312629199899,-0.17888543819998318,0.17888543819998318,0.2683281572999747,0.0,0.08944271909999159,0.8049844718999243,0.08944271909999159
0.882,0.4919349550499537,0.13416407864998736,0.22360679774997896,-0.044721359549995794,-1.296919426949878,-0.8497058314499201,-1.4758048651498612,-0.6708203932499369,-2.191346617949794,-0.22360679774997896,-0.5813776741499453,1.296919426949878,0.7602631123499285,0.40249223594996214,0.5813776741499453,-0.4919349550499537,1.3863621460498696,-1.118033988749895,-0.13416407864998736,0.13416407864998736,0.31304951684997057,0.044721359549995794,0.13416407864998736,0.7602631123499285,0.044721359549995794
0.884,0.4472135954999579,0.08944271909999159,0.17888543819998318,-0.08944271909999159,-1.2521980673998823,-0.8049844718999243,-1.520526224699857,-0.7155417527999327,-2.146625258399798,-0.17888543819998318,-0.6260990336999411,1.3416407864998738,0.7155417527999327,0.35777087639996635,0.5366563145999494,-0.4472135954999579,1.3416407864998738,-1.073312629199899,-0.08944271909999159,0.08944271909999159,0.2683281572999747,0.0,0.17888543819998318,0.7155417527999327,0.0
0.886,0.40249223594996214,0.044721359549995794,0.22360679774997896,-0.044721359549995794,-1.296919426949878,-0.7602631123499285,-1.4758048651498612,-0.7602631123499285,-2.101903898849802,-0.22360679774997896,-0.6708203932499369,1.3863621460498696,0.6708203932499369,0.31304951684997057,0.4919349550499537,-0.4919349550499537,1.296919426949878,-1.028591269649903,-0.13416407864998736,0.044721359549995794,0.22360679774997896,-0.044721359549995794,0.13416407864998736,0.7602631123499285,-0.044721359549995794
0.888,0.35777087639996635,0.08944271909999159,0.2683281572999747,0.0,-1.2521980673998823,-0.8049844718999243,-1.4310835055998654,-0.7155417527999327,-2.057182539299806,-0.2683281572999747,-0.6260990336999411,1.3416407864998738,0.6260990336999411,0.35777087639996635,0.5366563145999494,-0.5366563145999494,1.2521980673998823,-1.073312629199899,-0.17888543819998318,0.0,0.17888543819998318,-0.08944271909999159,0.08944271909999159,0.8049844718999243,0.0
0.89,0.31304951684997057,0.044721359549995794,0.31304951684997057,0.044721359549995794,-1.296919426949878,-0.7602631123499285,-1.4758048651498612,-0.7602631123499285,-2.0124611797498106,-0.31304951684997057,-0.5813776741499453,1.296919426949878,0.5813776741499453,0.31304951684997057,0.5813776741499453,-0.5813776741499453,1.296919426949878,-1.028591269649903,-0.13416407864998736,-0.044721359549995794,0.13416407864998736,-0.13416407864998736,0.044721359549995794,0.7602631123499285,0.044721359549995794
0.892,0.35777087639996635,0.08944271909999159,0.35777087639996635,0.0,-1.2521980673998823,-0.8049844718999243,-1.4310835055998654,-0.7155417527999327,-2.057182539299806,-0.35777087639996635,-0.6260990336999411,1.2521980673998823,0.5366563145999494,0.35777087639996635,0.5366563145999494,-0.5366563145999494,1.2521980673998823,-0.9838699100999074,-0.17888543819998318,0.0,0.08944271909999159,-0.08944271909999159,0.0,0.8049844718999243,0.0
0.894,0.31304951684997057,0.13416407864998736,0.40249223594996214,-0.044721359549995794,-1.296919426949878,-0.8497058314499201,-1.4758048651498612,-0.7602631123499285,-2.101903898849802,-0.31304951684997057,-0.6708203932499369,1.296919426949878,0.5813776741499453,0.31304951684997057,0.5813776741499453,-0.4919349550499537,1.296919426949878,-1.028591269649903,-0.13416407864998736,0.044721359549995794,0.13416407864998736,-0.044721359549995794,-0.044721359549995794,0.8497058314499201,0.044721359549995794
0.896,0.2683281572999747,0.08944271909999159,0.35777087639996635,0.0,-1.3416407864998738,-0.8049844718999243,-1.520526224699857,-0.7155417527999327,-2.146625258399798,-0.2683281572999747,-0.6260990336999411,1.3416407864998738,0.6260990336999411,0.35777087639996635,0.5366563145999494,-0.5366563145999494,1.3416407864998738,-1.073312629199899,-0.17888543819998318,0.08944271909999159,0.08944271909999159,0.0,0.0,0.8049844718999243,0.0
0.898,0.31304951684997057,0.044721359549995794,0.40249223594996214,0.044721359549995794,-1.3863621460498696,-0.7602631123499285,-1.5652475842498528,-0.7602631123499285,-2.101903898849802,-0.31304951684997057,-0.5813776741499453,1.296919426949878,0.6708203932499369,0.40249223594996214,0.5813776741499453,-0.5813776741499453,1.296919426949878,-1.028591269649903,-0.22360679774997896,0.044721359549995794,0.044721359549995794,0.044721359549995794,0.044721359549995794,0.7602631123499285,-0.044721359549995794
0.9,0.35777087639996635,0.08944271909999159,0.4472135954999579,0.0,-1.4310835055998654,-0.8049844718999243,-1.6099689437998486,-0.7155417527999327,-2.057182539299806,-0.35777087639996635,-0.6260990336999411,1.3416407864998738,0.6260990336999411,0.4472135954999579,0.6260990336999411,-0.6260990336999411,1.2521980673998823,-0.9838699100999074,-0.2683281572999747,0.0,0.08944271909999159,0.0,0.0,0.7155417527999327,-0.08944271909999159
0.902,0.31304951684997057,0.044721359549995794,0.40249223594996214,-0.044721359549995794,-1.3863621460498696,-0.7602631123499285,-1.5652475842498528,-0.7602631123499285,-2.0124611797498106,-0.40249223594996214,-0.5813776741499453,1.296919426949878,0.5813776741499453,0.40249223594996214,0.5813776741499453,-0.6708203932499369,1.296919426949878,-1.028591269649903,-0.22360679774997896,0.044721359549995794,0.044721359549995794,0.044721359549995794,-0.044721359549995794,0.6708203932499369,-0.044721359549995794
0.904,0.2683281572999747,0.08944271909999159,0.4472135954999579,0.0,-1.4310835055998654,-0.8049844718999243,-1.6099689437998486,-0.8049844718999243,-2.057182539299806,-0.4472135954999579,-0.5366563145999494,1.2521980673998823,0.5366563145999494,0.4472135954999579,0.5366563145999494,-0.7155417527999327,1.3416407864998738,-1.073312629199899,-0.17888543819998318,0.08944271909999159,0.0,0.08944271909999159,-0.08944271909999159,0.6260990336999411,0.0
0.906,0.22360679774997896,0.044721359549995794,0.40249223594996214,0.044721359549995794,-1.4758048651498612,-0.7602631123499285,-1.6546903033498443,-0.7602631123499285,-2.101903898849802,-0.40249223594996214,-0.5813776741499453,1.296919426949878,0.4919349550499537,0.40249223594996214,0.4919349550499537,-0.7602631123499285,1.3863621460498696,-1.118033988749895,-0.22360679774997896,0.13416407864998736,0.044721359549995794,0.044721359549995794,-0.044721359549995794,0.5813776741499453,-0.044721359549995794
0.908,0.17888543819998318,0.08944271909999159,0.35777087639996635,0.08944271909999159,-1.520526224699857,-0.7155417527999327,-1.6099689437998486,-0.8049844718999243,-2.057182539299806,-0.35777087639996635,-0.6260990336999411,1.2521980673998823,0.5366563145999494,0.35777087639996635,0.5366563145999494,-0.8049844718999243,1.4310835055998654,-1.073312629199899,-0.2683281572999747,0.08944271909999159,0.08944271909999159,0.08944271909999159,-0.08944271909999159,0.5366563145999494,0.0
0.91,0.13416407864998736,0.13416407864998736,0.31304951684997057,0.13416407864998736,-1.4758048651498612,-0.7602631123499285,-1.5652475842498528,-0.8497058314499201,-2.101903898849802,-0.40249223594996214,-0.6708203932499369,1.296919426949878,0.4919349550499537,0.31304951684997057,0.5813776741499453,-0.8497058314499201,1.3863621460498696,-1.118033988749895,-0.22360679774997896,0.044721359549995794,0.13416407864998736,0.044721359549995794,-0.13416407864998736,0.4919349550499537,-0.044721359549995794
0.912,0.17888543819998318,0.08944271909999159,0.35777087639996635,0.08944271909999159,-1.4310835055998654,-0.8049844718999243,-1.520526224699857,-0.8944271909999159,-2.057182539299806,-0.4472135954999579,-0.6260990336999411,1.3416407864998738,0.4472135954999579,0.2683281572999747,0.6260990336999411,-0.8944271909999159,1.3416407864998738,-1.1627553482998907,-0.17888543819998318,0.08944271909999159,0.08944271909999159,0.0,-0.17888543819998318,0.5366563145999494,0.0
0.914,0.13416407864998736,0.044721359549995794,0.40249223594996214,0.044721359549995794,-1.3863621460498696,-0.8497058314499201,-1.4758048651498612,-0.8497058314499201,-2.101903898849802,-0.4919349550499537,-0.6708203932499369,1.3863621460498696,0.4919349550499537,0.31304951684997057,0.6708203932499369,-0.8497058314499201,1.296919426949878,-1.118033988749895,-0.22360679774997896,0.044721359549995794,0.044721359549995794,0.044721359549995794,-0.22360679774997896,0.5813776741499453,-0.044721359549995794
0.916,0.17888543819998318,0.08944271909999159,0.4472135954999579,0.0,-1.3416407864998738,-0.8944271909999159,-1.520526224699857,-0.8049844718999243,-2.057182539299806,-0.4472135954999579,-0.7155417527999327,1.3416407864998738,0.5366563145999494,0.35777087639996635,0.7155417527999327,-0.8944271909999159,1.3416407864998738,-1.073312629199899,-0.2683281572999747,0.08944271909999159,0.0,0.08944271909999159,-0.2683281572999747,0.5366563145999494,-0.08944271909999159
0.918,0.13416407864998736,0.13416407864998736,0.40249223594996214,-0.044721359549995794,-1.296919426949878,-0.9391485505499116,-1.5652475842498528,-0.7602631123499285,-2.101903898849802,-0.4919349550499537,-0.7602631123499285,1.3863621460498696,0.5813776741499453,0.40249223594996214,0.7602631123499285,-0.9391485505499116,1.3863621460498696,-1.118033988749895,-0.22360679774997896,0.13416407864998736,-0.044721359549995794,0.044721359549995794,-0.31304951684997057,0.4919349550499537,-0.13416407864998736
0.92,0.17888543819998318,0.08944271909999159,0.35777087639996635,0.0,-1.3416407864998738,-0.9838699100999074,-1.6099689437998486,-0.8049844718999243,-2.146625258399798,-0.5366563145999494,-0.7155417527999327,1.4310835055998654,0.5366563145999494,0.4472135954999579,0.8049844718999243,-0.8944271909999159,1.3416407864998738,-1.073312629199899,-0.2683281572999747,0.17888543819998318,-0.08944271909999159,0.0,-0.35777087639996635,0.4472135954999579,-0.08944271909999159
0.922,0.22360679774997896,0.13416407864998736,0.31304951684997057,0.044721359549995794,-1.296919426949878,-1.028591269649903,-1.6546903033498443,-0.8497058314499201,-2.191346617949794,-0.5813776741499453,-0.7602631123499285,1.3863621460498696,0.4919349550499537,0.40249223594996214,0.8497058314499201,-0.9391485505499116,1.3863621460498696,-1.118033988749895,-0.31304951684997057,0.13416407864998736,-0.13416407864998736,-0.044721359549995794,-0.40249223594996214,0.40249223594996214,-0.044721359549995794
0.924,0.17888543819998318,0.08944271909999159,0.2683281572999747,0.08944271909999159,-1.2521980673998823,-0.9838699100999074,-1.6099689437998486,-0.8944271909999159,-2.23606797749979,-0.6260990336999411,-0.8049844718999243,1.3416407864998738,0.4472135954999579,0.4472135954999579,0.8944271909999159,-0.9838699100999074,1.4310835055998654,-1.073312629199899,-0.35777087639996635,0.08944271909999159,-0.17888543819998318,-0.08944271909999159,-0.4472135954999579,0.4472135954999579,0.0
0.926,0.22360679774997896,0.13416407864998736,0.22360679774997896,0.13416407864998736,-1.2074767078498865,-1.028591269649903,-1.6546903033498443,-0.8497058314499201,-2.2807893370497854,-0.6708203932499369,-0.7602631123499285,1.296919426949878,0.40249223594996214,0.4919349550499537,0.9391485505499116,-0.9391485505499116,1.3863621460498696,-1.118033988749895,-0.40249223594996214,0.13416407864998736,-0.22360679774997896,-0.13416407864998736,-0.4919349550499537,0.40249223594996214,-0.044721359549995794
0.928,0.17888543819998318,0.17888543819998318,0.17888543819998318,0.17888543819998318,-1.2521980673998823,-1.073312629199899,-1.6099689437998486,-0.8944271909999159,-2.3255106965997814,-0.6260990336999411,-0.7155417527999327,1.2521980673998823,0.35777087639996635,0.4472135954999579,0.9838699100999074,-0.8944271909999159,1.3416407864998738,-1.073312629199899,-0.35777087639996635,0.17888543819998318,-0.17888543819998318,-0.17888543819998318,-0.4472135954999579,0.35777087639996635,0.0
0.93,0.22360679774997896,0.22360679774997896,0.13416407864998736,0.13416407864998736,-1.2074767078498865,-1.118033988749895,-1.5652475842498528,-0.9391485505499116,-2.370232056149777,-0.6708203932499369,-0.6708203932499369,1.2074767078498865,0.40249223594996214,0.40249223594996214,1.028591269649903,-0.8497058314499201,1.296919426949878,-1.118033988749895,-0.40249223594996214,0.13416407864998736,-0.22360679774997896,-0.13416407864998736,-0.40249223594996214,0.31304951684997057,-0.044721359549995794
0.932,0.2683281572999747,0.17888543819998318,0.08944271909999159,0.17888543819998318,-1.2521980673998823,-1.073312629199899,-1.6099689437998486,-0.9838699100999074,-2.414953415699773,-0.6260990336999411,-0.6260990336999411,1.1627553482998907,0.4472135954999579,0.35777087639996635,0.9838699100999074,-0.8049844718999243,1.3416407864998738,-1.1627553482998907,-0.35777087639996635,0.08944271909999159,-0.2683281572999747,-0.17888543819998318,-0.35777087639996635,0.2683281572999747,0.0
0.934,0.22360679774997896,0.13416407864998736,0.13416407864998736,0.22360679774997896,-1.296919426949878,-1.118033988749895,-1.5652475842498528,-0.9391485505499116,-2.4596747752497685,-0.6708203932499369,-0.6708203932499369,1.2074767078498865,0.4919349550499537,0.40249223594996214,1.028591269649903,-0.8497058314499201,1.296919426949878,-1.118033988749895,-0.31304951684997057,0.044721359549995794,-0.22360679774997896,-0.13416407864998736,-0.40249223594996214,0.31304951684997057,-0.044721359549995794
0.936,0.17888543819998318,0.08944271909999159,0.17888543819998318,0.2683281572999747,-1.2521980673998823,-1.073312629199899,-1.6099689437998486,-0.9838699100999074,-2.5043961347997645,-0.6260990336999411,-0.6260990336999411,1.1627553482998907,0.5366563145999494,0.35777087639996635,1.073312629199899,-0.8944271909999159,1.2521980673998823,-1.073312629199899,-0.2683281572999747,0.0,-0.2683281572999747,-0.17888543819998318,-0.4472135954999579,0.35777087639996635,-0.08944271909999159
0.938,0.13416407864998736,0.13416407864998736,0.22360679774997896,0.31304951684997057,-1.2074767078498865,-1.118033988749895,-1.5652475842498528,-0.9391485505499116,-2.4596747752497685,-0.5813776741499453,-0.6708203932499369,1.2074767078498865,0.4919349550499537,0.31304951684997057,1.118033988749895,-0.8497058314499201,1.296919426949878,-1.118033988749895,-0.31304951684997057,0.044721359549995794,-0.22360679774997896,-0.22360679774997896,-0.4919349550499537,0.40249223594996214,-0.044721359549995794
0.94,0.08944271909999159,0.17888543819998318,0.17888543819998318,0.2683281572999747,-1.2521980673998823,-1.1627553482998907,-1.6099689437998486,-0.8944271909999159,-2.414953415699773,-0.6260990336999411,-0.6260990336999411,1.1627553482998907,0.5366563145999494,0.2683281572999747,1.073312629199899,-0.8049844718999243,1.3416407864998738,-1.073312629199899,-0.2683281572999747,0.0,-0.17888543819998318,-0.17888543819998318,-0.4472135954999579,0.4472135954999579,-0.08944271909999159
0.942,0.13416407864998736,0.22360679774997896,0.13416407864998736,0.22360679774997896,-1.296919426949878,-1.118033988749895,-1.6546903033498443,-0.9391485505499116,-2.370232056149777,-0.6708203932499369,-0.5813776741499453,1.118033988749895,0.4919349550499537,0.31304951684997057,1.118033988749895,-0.7602631123499285,1.3863621460498696,-1.118033988749895,-0.31304951684997057,-0.044721359549995794,-0.13416407864998736,-0.13416407864998736,-0.4919349550499537,0.4919349550499537,-0.044721359549995794
0.944,0.17888543819998318,0.2683281572999747,0.08944271909999159,0.2683281572999747,-1.3416407864998738,-1.073312629199899,-1.6994116628998401,-0.8944271909999159,-2.414953415699773,-0.6260990336999411,-0.6260990336999411,1.1627553482998907,0.4472135954999579,0.35777087639996635,1.073312629199899,-0.7155417527999327,1.3416407864998738,-1.073312629199899,-0.35777087639996635,-0.08944271909999159,-0.08944271909999159,-0.17888543819998318,-0.4472135954999579,0.5366563145999494,-0.08944271909999159
0.946,0.13416407864998736,0.22360679774997896,0.13416407864998736,0.22360679774997896,-1.3863621460498696,-1.118033988749895,-1.744133022449836,-0.9391485505499116,-2.370232056149777,-0.5813776741499453,-0.6708203932499369,1.118033988749895,0.40249223594996214,0.31304951684997057,1.118033988749895,-0.7602631123499285,1.296919426949878,-1.118033988749895,-0.40249223594996214,-0.044721359549995794,-0.13416407864998736,-0.22360679774997896,-0.4919349550499537,0.5813776741499453,-0.044721359549995794
0.948,0.08944271909999159,0.17888543819998318,0.08944271909999159,0.17888543819998318,-1.3416407864998738,-1.073312629199899,-1.7888543819998317,-0.9838699100999074,-2.3255106965997814,-0.5366563145999494,-0.6260990336999411,1.1627553482998907,0.4472135954999579,0.35777087639996635,1.1627553482998907,-0.7155417527999327,1.3416407864998738,-1.1627553482998907,-0.35777087639996635,-0.08944271909999159,-0.08944271909999159,-0.17888543819998318,-0.4472135954999579,0.6260990336999411,-0.08944271909999159
0.95,0.044721359549995794,0.22360679774997896,0.044721359549995794,0.13416407864998736,-1.296919426949878,-1.118033988749895,-1.744133022449836,-0.9391485505499116,-2.2807893370497854,-0.4919349550499537,-0.6708203932499369,1.118033988749895,0.4919349550499537,0.31304951684997057,1.2074767078498865,-0.7602631123499285,1.296919426949878,-1.2074767078498865,-0.31304951684997057,-0.13416407864998736,-0.044721359549995794,-0.22360679774997896,-0.4919349550499537,0.5813776741499453,-0.044721359549995794
0.952,0.0,0.2683281572999747,0.08944271909999159,0.17888543819998318,-1.2521980673998823,-1.1627553482998907,-1.6994116628998401,-0.9838699100999074,-2.3255106965997814,-0.4472135954999579,-0.6260990336999411,1.1627553482998907,0.4472135954999579,0.2683281572999747,1.2521980673998823,-0.8049844718999243,1.2521980673998823,-1.2521980673998823,-0.2683281572999747,-0.08944271909999159,-0.08944271909999159,-0.17888543819998318,-0.4472135954999579,0.5366563145999494,0.0
0.954,-0.044721359549995794,0.22360679774997896,0.044721359549995794,0.13416407864998736,-1.296919426949878,-1.118033988749895,-1.744133022449836,-1.028591269649903,-2.2807893370497854,-0.4919349550499537,-0.6708203932499369,1.2074767078498865,0.40249223594996214,0.22360679774997896,1.296919426949878,-0.7602631123499285,1.2074767078498865,-1.296919426949878,-0.22360679774997896,-0.13416407864998736,-0.044721359549995794,-0.13416407864998736,-0.40249223594996214,0.5813776741499453,-0.044721359549995794
0.956,0.0,0.2683281572999747,0.08944271909999159,0.17888543819998318,-1.3416407864998738,-1.073312629199899,-1.6994116628998401,-0.9838699100999074,-2.3255106965997814,-0.4472135954999579,-0.6260990336999411,1.1627553482998907,0.35777087639996635,0.17888543819998318,1.2521980673998823,-0.7155417527999327,1.1627553482998907,-1.2521980673998823,-0.2683281572999747,-0.17888543819998318,0.0,-0.17888543819998318,-0.4472135954999579,0.5366563145999494,-0.08944271909999159
0.958,0.044721359549995794,0.31304951684997057,0.13416407864998736,0.22360679774997896,-1.3863621460498696,-1.028591269649903,-1.6546903033498443,-0.9391485505499116,-2.370232056149777,-0.4919349550499537,-0.5813776741499453,1.118033988749895,0.31304951684997057,0.13416407864998736,1.296919426949878,-0.6708203932499369,1.118033988749895,-1.2074767078498865,-0.31304951684997057,-0.22360679774997896,0.044721359549995794,-0.13416407864998736,-0.40249223594996214,0.5813776741499453,-0.044721359549995794
0.96,0.08944271909999159,0.2683281572999747,0.08944271909999159,0.17888543819998318,-1.4310835055998654,-1.073312629199899,-1.6994116628998401,-0.9838699100999074,-2.3255106965997814,-0.5366563145999494,-0.5366563145999494,1.1627553482998907,0.35777087639996635,0.08944271909999159,1.2521980673998823,-0.6260990336999411,1.073312629199899,-1.1627553482998907,-0.35777087639996635,-0.17888543819998318,0.0,-0.17888543819998318,-0.35777087639996635,0.5366563145999494,0.0
0.962,0.044721359549995794,0.22360679774997896,0.044721359549995794,0.22360679774997896,-1.4758048651498612,-1.028591269649903,-1.6546903033498443,-1.028591269649903,-2.370232056149777,-0.5813776741499453,-0.5813776741499453,1.2074767078498865,0.31304951684997057,0.13416407864998736,1.2074767078498865,-0.6708203932499369,1.118033988749895,-1.2074767078498865,-0.40249223594996214,-0.22360679774997896,0.044721359549995794,-0.22360679774997896,-0.31304951684997057,0.5813776741499453,0.044721359549995794
0.964,0.08944271909999159,0.2683281572999747,0.08944271909999159,0.2683281572999747,-1.520526224699857,-0.9838699100999074,-1.6099689437998486,-1.073312629199899,-2.3255106965997814,-0.5366563145999494,-0.6260990336999411,1.2521980673998823,0.2683281572999747,0.17888543819998318,1.1627553482998907,-0.7155417527999327,1.1627553482998907,-1.2521980673998823,-0.35777087639996635,-0.17888543819998318,0.08944271909999159,-0.2683281572999747,-0.35777087639996635,0.5366563145999494,0.08944271909999159
0.966,0.044721359549995794,0.22360679774997896,0.13416407864998736,0.31304951684997057,-1.5652475842498528,-0.9391485505499116,-1.5652475842498528,-1.028591269649903,-2.370232056149777,-0.5813776741499453,-0.5813776741499453,1.2074767078498865,0.31304951684997057,0.13416407864998736,1.118033988749895,-0.7602631123499285,1.2074767078498865,-1.296919426949878,-0.40249223594996214,-0.13416407864998736,0.13416407864998736,-0.31304951684997057,-0.40249223594996214,0.4919349550499537,0.044721359549995794
0.968,0.08944271909999159,0.17888543819998318,0.17888543819998318,0.2683281572999747,-1.6099689437998486,-0.9838699100999074,-1.520526224699857,-0.9838699100999074,-2.3255106965997814,-0.5366563145999494,-0.5366563145999494,1.2521980673998823,0.35777087639996635,0.17888543819998318,1.1627553482998907,-0.8049844718999243,1.2521980673998823,-1.3416407864998738,-0.35777087639996635,-0.08944271909999159,0.17888543819998318,-0.35777087639996635,-0.35777087639996635,0.5366563145999494,0.0
0.97,0.044721359549995794,0.13416407864998736,0.22360679774997896,0.31304951684997057,-1.6546903033498443,-0.9391485505499116,-1.4758048651498612,-1.028591269649903,-2.370232056149777,-0.5813776741499453,-0.4919349550499537,1.2074767078498865,0.40249223594996214,0.13416407864998736,1.118033988749895,-0.8497058314499201,1.2074767078498865,-1.3863621460498696,-0.31304951684997057,-0.13416407864998736,0.13416407864998736,-0.40249223594996214,-0.40249223594996214,0.5813776741499453,-0.044721359549995794
0.972,0.08944271909999159,0.17888543819998318,0.2683281572999747,0.2683281572999747,-1.6099689437998486,-0.9838699100999074,-1.4310835055998654,-0.9838699100999074,-2.414953415699773,-0.6260990336999411,-0.4472135954999579,1.2521980673998823,0.4472135954999579,0.17888543819998318,1.1627553482998907,-0.8049844718999243,1.2521980673998823,-1.4310835055998654,-0.35777087639996635,-0.17888543819998318,0.08944271909999159,-0.4472135954999579,-0.35777087639996635,0.5366563145999494,-0.08944271909999159
0.974,0.13416407864998736,0.22360679774997896,0.22360679774997896,0.22360679774997896,-1.6546903033498443,-1.028591269649903,-1.4758048651498612,-1.028591269649903,-2.370232056149777,-0.5813776741499453,-0.4919349550499537,1.2074767078498865,0.4919349550499537,0.13416407864998736,1.2074767078498865,-0.7602631123499285,1.2074767078498865,-1.4758048651498612,-0.31304951684997057,-0.22360679774997896,0.044721359549995794,-0.4919349550499537,-0.31304951684997057,0.5813776741499453,-0.044721359549995794
0.976,0.17888543819998318,0.17888543819998318,0.2683281572999747,0.2683281572999747,-1.6994116628998401,-1.073312629199899,-1.4310835055998654,-0.9838699100999074,-2.3255106965997814,-0.5366563145999494,-0.4472135954999579,1.2521980673998823,0.5366563145999494,0.17888543819998318,1.2521980673998823,-0.7155417527999327,1.1627553482998907,-1.4310835055998654,-0.35777087639996635,-0.2683281572999747,0.08944271909999159,-0.4472135954999579,-0.35777087639996635,0.5366563145999494,0.0
0.978,0.22360679774997896,0.22360679774997896,0.22360679774997896,0.22360679774997896,-1.744133022449836,-1.028591269649903,-1.4758048651498612,-1.028591269649903,-2.370232056149777,-0.4919349550499537,-0.4919349550499537,1.296919426949878,0.4919349550499537,0.13416407864998736,1.2074767078498865,-0.6708203932499369,1.118033988749895,-1.4758048651498612,-0.40249223594996214,-0.22360679774997896,0.13416407864998736,-0.4919349550499537,-0.40249223594996214,0.4919349550499537,-0.044721359549995794
0.98,0.17888543819998318,0.17888543819998318,0.2683281572999747,0.2683281572999747,-1.7888543819998317,-1.073312629199899,-1.520526224699857,-0.9838699100999074,-2.3255106965997814,-0.4472135954999579,-0.4472135954999579,1.3416407864998738,0.5366563145999494,0.17888543819998318,1.1627553482998907,-0.6260990336999411,1.073312629199899,-1.4310835055998654,-0.4472135954999579,-0.17888543819998318,0.17888543819998318,-0.4472135954999579,-0.35777087639996635,0.4472135954999579,-0.08944271909999159
0.982,0.22360679774997896,0.22360679774997896,0.22360679774997896,0.22360679774997896,-1.8335757415498275,-1.028591269649903,-1.4758048651498612,-0.9391485505499116,-2.370232056149777,-0.4919349550499537,-0.40249223594996214,1.296919426949878,0.5813776741499453,0.22360679774997896,1.2074767078498865,-0.6708203932499369,1.028591269649903,-1.3863621460498696,-0.4919349550499537,-0.22360679774997896,0.13416407864998736,-0.40249223594996214,-0.31304951684997057,0.40249223594996214,-0.13416407864998736
0.984,0.2683281572999747,0.2683281572999747,0.2683281572999747,0.2683281572999747,-1.7888543819998317,-1.073312629199899,-1.4310835055998654,-0.8944271909999159,-2.414953415699773,-0.4472135954999579,-0.4472135954999579,1.2521980673998823,0.6260990336999411,0.17888543819998318,1.2521980673998823,-0.6260990336999411,0.9838699100999074,-1.4310835055998654,-0.4472135954999579,-0.17888543819998318,0.08944271909999159,-0.35777087639996635,-0.35777087639996635,0.4472135954999579,-0.08944271909999159
0.986,0.22360679774997896,0.31304951684997057,0.22360679774997896,0.31304951684997057,-1.744133022449836,-1.028591269649903,-1.3863621460498696,-0.8497058314499201,-2.370232056149777,-0.40249223594996214,-0.40249223594996214,1.296919426949878,0.6708203932499369,0.22360679774997896,1.296919426949878,-0.6708203932499369,0.9391485505499116,-1.4758048651498612,-0.4919349550499537,-0.22360679774997896,0.13416407864998736,-0.40249223594996214,-0.31304951684997057,0.4919349550499537,-0.044721359549995794
0.988,0.2683281572999747,0.35777087639996635,0.2683281572999747,0.2683281572999747,-1.7888543819998317,-0.9838699100999074,-1.3416407864998738,-0.8944271909999159,-2.3255106965997814,-0.35777087639996635,-0.35777087639996635,1.3416407864998738,0.7155417527999327,0.17888543819998318,1.2521980673998823,-0.6260990336999411,0.9838699100999074,-1.4310835055998654,-0.4472135954999579,-0.17888543819998318,0.08944271909999159,-0.35777087639996635,-0.2683281572999747,0.4472135954999579,-0.08944271909999159
0.99,0.22360679774997896,0.31304951684997057,0.22360679774997896,0.22360679774997896,-1.744133022449836,-1.028591269649903,-1.296919426949878,-0.9391485505499116,-2.370232056149777,-0.31304951684997057,-0.31304951684997057,1.296919426949878,0.7602631123499285,0.22360679774997896,1.2074767078498865,-0.5813776741499453,0.9391485505499116,-1.4758048651498612,-0.4919349550499537,-0.13416407864998736,0.044721359549995794,-0.40249223594996214,-0.22360679774997896,0.40249223594996214,-0.044721359549995794
0.992,0.2683281572999747,0.35777087639996635,0.2683281572999747,0.17888543819998318,-1.7888543819998317,-1.073312629199899,-1.2521980673998823,-0.9838699100999074,-2.414953415699773,-0.2683281572999747,-0.2683281572999747,1.3416407864998738,0.8049844718999243,0.2683281572999747,1.2521980673998823,-0.6260990336999411,0.8944271909999159,-1.520526224699857,-0.4472135954999579,-0.08944271909999159,0.08944271909999159,-0.35777087639996635,-0.2683281572999747,0.35777087639996635,0.0
0.994,0.31304951684997057,0.31304951684997057,0.22360679774997896,0.22360679774997896,-1.8335757415498275,-1.118033988749895,-1.296919426949878,-1.028591269649903,-2.370232056149777,-0.31304951684997057,-0.22360679774997896,1.3863621460498696,0.7602631123499285,0.22360679774997896,1.2074767078498865,-0.5813776741499453,0.8497058314499201,-1.5652475842498528,-0.4919349550499537,-0.044721359549995794,0.044721359549995794,-0.31304951684997057,-0.31304951684997057,0.31304951684997057,0.044721359549995794
0.996,0.35777087639996635,0.35777087639996635,0.17888543819998318,0.17888543819998318,-1.8782971010998233,-1.073312629199899,-1.2521980673998823,-0.9838699100999074,-2.414953415699773,-0.35777087639996635,-0.17888543819998318,1.3416407864998738,0.7155417527999327,0.2683281572999747,1.2521980673998823,-0.5366563145999494,0.8049844718999243,-1.520526224699857,-0.5366563145999494,0.0,0.08944271909999159,-0.35777087639996635,-0.35777087639996635,0.35777087639996635,0.08944271909999159
0.998,0.40249223594996214,0.40249223594996214,0.22360679774997896,0.22360679774997896,-1.923018460649819,-1.118033988749895,-1.296919426949878,-1.028591269649903,-2.4596747752497685,-0.40249223594996214,-0.22360679774997896,1.296919426949878,0.6708203932499369,0.31304951684997057,1.296919426949878,-0.5813776741499453,0.7602631123499285,-1.4758048651498612,-0.4919349550499537,0.044721359549995794,0.044721359549995794,-0.40249223594996214,-0.40249223594996214,0.31304951684997057,0.13416407864998736
1.0,0.35777087639996635,0.35777087639996635,0.17888543819998318,0.2683281572999747,-1.8782971010998233,-1.1627553482998907,-1.2521980673998823,-1.073312629199899,-2.414953415699773,-0.35777087639996635,-0.2683281572999747,1.3416407864998738,0.7155417527999327,0.2683281572999747,1.3416407864998738,-0.5366563145999494,0.8049844718999243,-1.520526224699857,-0.5366563145999494,0.08944271909999159,0.08944271909999159,-0.35777087639996635,-0.4472135954999579,0.35777087639996635,0.08944271909999159
